公表_年月日,X10歳未満,X10歳代,X20歳代,X30歳代,X40歳代,X50歳代,X60歳代,X70歳代,X80歳代,X90歳代以上,非公表,重複削除,日計,ここから右は北海道発表分のみ,年月日再掲,X10歳未満.道.,X10歳代.道.,X20歳代.道.,X30歳代.道.,X40歳代.道.,X50歳代.道.,X60歳代.道.,X70歳代.道.,X80歳代.道.,X90歳代以上.道.,非公表.道.,日計.道.,備考
2020-01-28,0,0,0,0,1,0,0,0,0,0,0,0,1,"",2020-01-28,0,0,0,0,0,0,0,0,0,0,0,0,""
2020-02-14,0,0,0,0,0,1,0,0,0,0,0,0,1,"",2020-02-14,0,0,0,0,0,0,0,0,0,0,0,0,""
2020-02-19,0,0,0,0,2,0,1,0,0,0,0,0,3,"",2020-02-19,0,0,0,0,0,0,0,0,0,0,0,0,""
2020-02-21,1,1,0,0,1,0,0,0,0,0,0,0,3,"",2020-02-21,0,0,0,0,0,0,0,0,0,0,0,0,""
2020-02-22,0,1,0,0,0,4,1,3,1,0,0,0,10,"",2020-02-22,0,0,0,0,0,0,0,0,0,0,0,0,""
2020-02-23,0,0,2,2,1,0,1,1,1,0,0,0,8,"",2020-02-23,0,0,0,0,0,0,0,0,0,0,0,0,""
2020-02-24,0,0,1,0,0,2,0,1,0,0,0,0,4,"",2020-02-24,0,0,0,0,0,0,0,0,0,0,0,0,""
2020-02-25,0,0,2,0,0,0,2,1,0,0,0,0,5,"",2020-02-25,0,0,0,0,0,0,0,0,0,0,0,0,""
2020-02-26,0,0,0,0,1,0,0,2,0,0,1,0,4,"",2020-02-26,0,0,0,0,0,0,0,0,0,0,0,0,""
2020-02-27,2,0,0,3,3,2,2,1,2,0,0,0,15,"",2020-02-27,0,0,0,0,0,0,0,0,0,0,0,0,""
2020-02-28,1,0,0,0,1,0,7,1,2,0,0,0,12,"",2020-02-28,0,0,0,0,0,0,0,0,0,0,0,0,""
2020-02-29,0,0,1,1,0,0,1,0,0,1,0,0,4,"",2020-02-29,0,0,0,0,0,0,0,0,0,0,0,0,""
2020-03-01,0,0,1,0,1,0,0,0,0,0,0,0,2,"",2020-03-01,0,0,0,0,0,0,0,0,0,0,0,0,""
2020-03-02,0,0,0,0,1,2,2,0,0,0,0,0,5,"",2020-03-02,0,0,0,0,0,0,0,0,0,0,0,0,""
2020-03-03,0,0,0,1,0,0,1,0,0,0,0,0,2,"",2020-03-03,0,0,0,0,0,0,0,0,0,0,0,0,""
2020-03-04,0,0,0,0,0,1,2,0,0,0,0,0,3,"",2020-03-04,0,0,0,0,0,0,0,0,0,0,0,0,""
2020-03-05,0,0,0,0,0,0,1,0,0,0,0,0,1,"",2020-03-05,0,0,0,0,0,0,0,0,0,0,0,0,""
2020-03-06,0,0,1,2,0,0,1,1,1,0,1,0,7,"",2020-03-06,0,0,0,0,0,0,0,0,0,0,0,0,""
2020-03-07,0,0,0,0,1,2,4,1,0,0,0,0,8,"",2020-03-07,0,0,0,0,0,0,0,0,0,0,0,0,""
2020-03-08,0,0,0,0,0,0,1,2,0,0,0,0,3,"",2020-03-08,0,0,0,0,0,0,0,0,0,0,0,0,""
2020-03-09,0,0,0,0,0,4,1,2,0,0,0,0,7,"",2020-03-09,0,0,0,0,0,0,0,0,0,0,0,0,""
2020-03-10,0,0,0,0,0,1,2,0,0,0,0,0,3,"",2020-03-10,0,0,0,0,0,0,0,0,0,0,0,0,""
2020-03-11,0,0,0,1,0,2,2,2,0,0,0,0,7,"",2020-03-11,0,0,0,0,0,0,0,0,0,0,0,0,""
2020-03-12,0,0,1,0,0,2,1,3,2,0,1,0,10,"",2020-03-12,0,0,0,0,0,0,0,0,0,0,0,0,""
2020-03-13,0,0,1,0,0,6,2,3,1,0,1,0,14,"",2020-03-13,0,0,0,0,0,0,0,0,0,0,0,0,""
2020-03-14,0,0,0,0,0,1,0,0,1,0,0,0,2,"",2020-03-14,0,0,0,0,0,0,0,0,0,0,0,0,""
2020-03-15,1,0,0,0,0,1,0,0,2,0,0,0,4,"",2020-03-15,0,0,0,0,0,0,0,0,0,0,0,0,""
2020-03-16,0,0,1,0,0,1,0,1,1,0,0,0,4,"",2020-03-16,0,0,0,0,0,0,0,0,0,0,0,0,""
2020-03-18,0,0,1,0,0,0,0,0,1,0,0,0,2,"",2020-03-18,0,0,0,0,0,0,0,0,0,0,0,0,""
2020-03-19,0,0,0,0,0,2,1,0,0,0,0,0,3,"",2020-03-19,0,0,0,0,0,0,0,0,0,0,0,0,""
2020-03-20,0,0,0,0,0,1,0,0,0,0,0,0,1,"",2020-03-20,0,0,0,0,0,0,0,0,0,0,0,0,""
2020-03-21,0,0,0,0,1,0,0,0,0,0,0,0,1,"",2020-03-21,0,0,0,0,0,0,0,0,0,0,0,0,""
2020-03-22,0,0,0,0,1,0,2,0,0,0,0,0,3,"",2020-03-22,0,0,0,0,0,0,0,0,0,0,0,0,""
2020-03-24,0,0,0,0,0,0,0,1,0,0,0,0,1,"",2020-03-24,0,0,0,0,0,0,0,0,0,0,0,0,""
2020-03-25,0,0,0,1,1,2,0,0,0,0,0,0,4,"",2020-03-25,0,0,0,0,0,0,0,0,0,0,0,0,""
2020-03-26,0,0,0,1,0,0,0,0,0,0,0,0,1,"",2020-03-26,0,0,0,0,0,0,0,0,0,0,0,0,""
2020-03-27,0,0,0,0,0,1,0,0,0,0,0,0,1,"",2020-03-27,0,0,0,0,0,0,0,0,0,0,0,0,""
2020-03-28,0,0,0,0,1,0,0,2,0,0,0,0,3,"",2020-03-28,0,0,0,0,0,0,0,0,0,0,0,0,""
2020-03-29,0,0,0,1,0,0,1,2,0,0,0,0,4,"",2020-03-29,0,0,0,0,0,0,0,0,0,0,0,0,""
2020-03-30,0,0,1,0,0,0,0,0,0,0,0,0,1,"",2020-03-30,0,0,0,0,0,0,0,0,0,0,0,0,""
2020-04-01,1,0,1,0,1,1,1,0,0,0,0,0,5,"",2020-04-01,0,0,0,0,0,0,0,0,0,0,0,0,""
2020-04-02,0,0,0,1,1,1,0,0,0,0,0,0,3,"",2020-04-02,0,0,0,0,0,0,0,0,0,0,0,0,""
2020-04-03,0,0,0,0,2,1,0,0,0,1,1,0,5,"",2020-04-03,0,0,0,0,0,0,0,0,0,0,0,0,""
2020-04-04,0,0,1,0,0,1,0,1,0,0,0,0,3,"",2020-04-04,0,0,0,0,0,0,0,0,0,0,0,0,""
2020-04-05,0,0,0,1,0,0,0,0,0,0,0,0,1,"",2020-04-05,0,0,0,0,0,0,0,0,0,0,0,0,""
2020-04-07,0,0,1,0,0,2,0,1,0,0,0,0,4,"",2020-04-07,0,0,0,0,0,0,0,0,0,0,0,0,""
2020-04-08,0,0,0,1,3,3,0,1,1,1,0,0,10,"",2020-04-08,0,0,0,0,0,0,0,0,0,0,0,0,""
2020-04-09,0,0,3,2,2,3,0,1,4,3,0,0,18,"",2020-04-09,0,0,0,0,0,0,0,0,0,0,0,0,""
2020-04-10,1,0,0,0,5,2,2,1,2,0,0,0,13,"",2020-04-10,0,0,0,0,0,0,0,0,0,0,0,0,""
2020-04-11,0,0,2,0,2,4,3,2,0,2,1,0,16,"",2020-04-11,0,0,0,0,0,0,0,0,0,0,0,0,""
2020-04-12,0,0,0,2,0,4,0,2,1,2,1,0,12,"",2020-04-12,0,0,0,0,0,0,0,0,0,0,0,0,""
2020-04-13,0,0,1,0,0,1,1,0,1,0,1,0,5,"",2020-04-13,0,0,0,0,0,0,0,0,0,0,0,0,""
2020-04-14,0,0,3,2,1,2,4,2,1,2,1,0,18,"",2020-04-14,0,0,0,0,0,0,0,0,0,0,0,0,""
2020-04-15,0,0,6,2,5,1,3,2,2,0,2,0,23,"",2020-04-15,0,0,0,0,0,0,0,0,0,0,0,0,""
2020-04-16,2,0,3,4,3,2,4,3,2,0,0,0,23,"",2020-04-16,0,0,0,0,0,0,0,0,0,0,0,0,""
2020-04-17,0,0,3,1,5,4,8,6,3,2,1,0,33,"",2020-04-17,0,0,0,0,0,0,0,0,0,0,0,0,""
2020-04-18,0,1,3,4,3,4,6,6,8,2,1,0,38,"",2020-04-18,0,0,0,0,0,0,0,0,0,0,0,0,""
2020-04-19,0,0,2,3,6,3,6,3,1,1,2,0,27,"",2020-04-19,0,0,0,0,0,0,0,0,0,0,0,0,""
2020-04-20,0,0,2,1,1,0,3,4,2,3,1,0,17,"",2020-04-20,0,0,0,0,0,0,0,0,0,0,0,0,""
2020-04-21,0,0,4,5,4,5,2,1,0,0,1,0,22,"",2020-04-21,0,0,0,0,0,0,0,0,0,0,0,0,""
2020-04-22,0,2,3,4,2,2,4,3,2,0,0,0,22,"",2020-04-22,0,0,0,0,0,0,0,0,0,0,0,0,""
2020-04-23,0,0,3,2,13,7,2,9,6,1,2,0,45,"",2020-04-23,0,0,0,0,0,0,0,0,0,0,0,0,""
2020-04-24,0,1,3,2,6,3,3,2,0,1,1,0,22,"",2020-04-24,0,0,0,0,0,0,0,0,0,0,0,0,""
2020-04-25,1,1,2,8,7,5,3,2,5,1,4,0,39,"",2020-04-25,0,0,0,0,0,0,0,0,0,0,0,0,""
2020-04-26,0,2,0,1,3,3,3,0,0,0,2,0,14,"",2020-04-26,0,0,0,0,0,0,0,0,0,0,0,0,""
2020-04-27,0,1,5,5,3,6,8,2,3,0,2,0,35,"",2020-04-27,0,0,0,0,0,0,0,0,0,0,0,0,""
2020-04-28,0,2,1,1,1,4,1,7,9,11,1,0,38,"",2020-04-28,0,0,0,0,0,0,0,0,0,0,0,0,""
2020-04-29,0,4,3,0,3,5,1,3,13,6,0,0,38,"",2020-04-29,0,0,0,0,0,0,0,0,0,0,0,0,""
2020-04-30,1,2,6,5,7,4,2,6,3,4,1,0,41,"",2020-04-30,0,0,0,0,0,0,0,0,0,0,0,0,""
2020-05-01,0,0,2,1,4,3,3,2,6,1,1,0,23,"",2020-05-01,0,0,0,0,0,0,0,0,0,0,0,0,""
2020-05-02,1,0,4,5,1,3,6,9,1,3,0,0,33,"",2020-05-02,0,0,0,0,0,0,0,0,0,0,0,0,""
2020-05-03,0,0,2,4,0,1,3,7,5,2,1,0,25,"",2020-05-03,0,0,0,0,0,0,0,0,0,0,0,0,""
2020-05-04,1,1,1,1,4,4,6,5,2,5,1,0,31,"",2020-05-04,0,0,0,0,0,0,0,0,0,0,0,0,""
2020-05-05,0,0,1,0,2,2,4,2,0,1,0,0,12,"",2020-05-05,0,0,0,0,0,0,0,0,0,0,0,0,""
2020-05-06,0,0,3,2,2,4,3,3,3,0,3,0,23,"",2020-05-06,0,0,0,0,0,0,0,0,0,0,0,0,""
2020-05-07,0,0,2,1,0,0,1,2,1,4,3,0,14,"",2020-05-07,0,0,0,0,0,0,0,0,0,0,0,0,""
2020-05-08,0,0,0,2,1,0,1,0,1,1,0,0,6,"",2020-05-08,0,0,0,0,0,0,0,0,0,0,0,0,""
2020-05-09,0,0,4,1,0,0,0,3,0,2,1,0,11,"",2020-05-09,0,0,0,0,0,0,0,0,0,0,0,0,""
2020-05-10,1,0,1,0,1,0,1,2,1,0,2,0,9,"",2020-05-10,0,0,0,0,0,0,0,0,0,0,0,0,""
2020-05-11,0,0,1,1,0,3,0,4,0,0,3,0,12,"",2020-05-11,0,0,0,0,0,0,0,0,0,0,0,0,""
2020-05-12,0,0,2,2,0,1,3,3,1,0,1,0,13,"",2020-05-12,0,0,0,0,0,0,0,0,0,0,0,0,""
2020-05-13,0,1,0,1,0,0,1,1,0,0,0,0,4,"",2020-05-13,0,0,0,0,0,0,0,0,0,0,0,0,""
2020-05-14,0,0,0,1,1,0,0,1,0,3,0,0,6,"",2020-05-14,0,0,0,0,0,0,0,0,0,0,0,0,""
2020-05-15,0,1,2,0,3,0,0,0,1,0,3,0,10,"",2020-05-15,0,0,0,0,0,0,0,0,0,0,0,0,""
2020-05-16,0,0,0,1,2,0,1,2,0,0,1,0,7,"",2020-05-16,0,0,0,0,0,0,0,0,0,0,0,0,""
2020-05-17,0,0,0,0,2,0,2,2,0,1,1,0,8,"",2020-05-17,0,0,0,0,0,0,0,0,0,0,0,0,""
2020-05-18,0,0,0,0,0,0,0,0,0,0,1,0,1,"",2020-05-18,0,0,0,0,0,0,0,0,0,0,0,0,""
2020-05-19,0,0,0,0,0,0,1,0,2,0,0,0,3,"",2020-05-19,0,0,0,0,0,0,0,0,0,0,0,0,""
2020-05-20,0,0,0,0,0,0,0,1,0,0,0,0,1,"",2020-05-20,0,0,0,0,0,0,0,0,0,0,0,0,""
2020-05-21,0,0,1,0,0,2,1,0,1,0,0,0,5,"",2020-05-21,0,0,0,0,0,0,0,0,0,0,0,0,""
2020-05-22,0,0,1,1,1,0,0,2,0,1,0,0,6,"",2020-05-22,0,0,0,0,0,0,0,0,0,0,0,0,""
2020-05-23,0,0,0,0,2,0,1,0,2,1,3,0,9,"",2020-05-23,0,0,0,0,0,0,0,0,0,0,0,0,""
2020-05-24,0,0,0,1,2,2,0,6,1,0,3,0,15,"",2020-05-24,0,0,0,0,0,0,0,0,0,0,0,0,""
2020-05-25,0,0,0,1,0,0,1,1,0,0,0,0,3,"",2020-05-25,0,0,0,0,0,0,0,0,0,0,0,0,""
2020-05-26,1,0,0,3,2,2,1,0,0,0,0,0,9,"",2020-05-26,0,0,0,0,0,0,0,0,0,0,0,0,""
2020-05-27,1,0,0,0,0,0,0,0,0,0,4,0,5,"",2020-05-27,0,0,0,0,0,0,0,0,0,0,0,0,""
2020-05-28,0,1,0,0,1,1,0,2,0,0,2,0,7,"",2020-05-28,0,0,0,0,0,0,0,0,0,0,0,0,""
2020-05-29,0,0,0,0,0,0,1,0,0,0,2,0,3,"",2020-05-29,0,0,0,0,0,0,0,0,0,0,0,0,""
2020-05-30,0,0,0,0,0,1,1,0,0,0,2,0,4,"",2020-05-30,0,0,0,0,0,0,0,0,0,0,0,0,""
2020-05-31,0,0,0,1,0,0,0,1,3,0,1,0,6,"",2020-05-31,0,0,0,0,0,0,0,0,0,0,0,0,""
2020-06-01,0,0,0,0,0,0,0,3,0,1,1,0,5,"",2020-06-01,0,0,0,0,0,0,0,0,0,0,0,0,""
2020-06-02,0,0,0,0,0,1,0,1,0,0,1,0,3,"",2020-06-02,0,0,0,0,0,0,0,0,0,0,0,0,""
2020-06-03,0,0,0,0,0,1,1,1,0,0,0,0,3,"",2020-06-03,0,0,0,0,0,0,0,0,0,0,0,0,""
2020-06-04,0,0,0,0,0,0,1,1,1,0,0,0,3,"",2020-06-04,0,0,0,0,0,0,0,0,0,0,0,0,""
2020-06-05,0,0,0,0,0,2,2,0,0,0,0,0,4,"",2020-06-05,0,0,0,0,0,0,0,0,0,0,0,0,""
2020-06-06,0,0,0,0,0,0,2,1,1,1,3,0,8,"",2020-06-06,0,0,0,0,0,0,0,0,0,0,0,0,""
2020-06-07,0,1,0,0,0,0,0,1,0,0,2,0,4,"",2020-06-07,0,0,0,0,0,0,0,0,0,0,0,0,""
2020-06-08,0,0,0,0,0,0,1,1,0,0,2,0,4,"",2020-06-08,0,0,0,0,0,0,0,0,0,0,0,0,""
2020-06-09,0,0,1,0,0,1,1,0,0,0,4,0,7,"",2020-06-09,0,0,0,0,0,0,0,0,0,0,0,0,""
2020-06-10,0,0,0,0,0,1,1,1,0,0,2,0,5,"",2020-06-10,0,0,0,0,0,0,0,0,0,0,0,0,""
2020-06-11,0,0,0,0,0,0,0,2,2,0,3,0,7,"",2020-06-11,0,0,0,0,0,0,0,0,0,0,0,0,""
2020-06-12,0,0,0,0,0,1,1,4,2,0,2,0,10,"",2020-06-12,0,0,0,0,0,0,0,0,0,0,0,0,""
2020-06-13,0,0,0,0,0,0,1,5,3,0,0,0,9,"",2020-06-13,0,0,0,0,0,0,0,0,0,0,0,0,""
2020-06-14,0,0,0,1,1,0,2,2,0,0,1,0,7,"",2020-06-14,0,0,0,0,0,0,0,0,0,0,0,0,""
2020-06-15,0,0,1,1,0,1,0,2,0,0,1,0,6,"",2020-06-15,0,0,0,0,0,0,0,0,0,0,0,0,""
2020-06-16,0,0,0,0,0,0,0,1,1,0,0,0,2,"",2020-06-16,0,0,0,0,0,0,0,0,0,0,0,0,""
2020-06-17,0,0,0,0,0,0,0,3,1,0,2,0,6,"",2020-06-17,0,0,0,0,0,0,0,0,0,0,0,0,""
2020-06-18,0,0,0,0,0,1,2,1,1,0,0,0,5,"",2020-06-18,0,0,0,0,0,0,0,0,0,0,0,0,""
2020-06-19,0,0,0,0,0,0,0,0,1,1,1,0,3,"",2020-06-19,0,0,0,0,0,0,0,0,0,0,0,0,""
2020-06-20,0,0,0,0,0,0,1,2,0,0,0,0,3,"",2020-06-20,0,0,0,0,0,0,0,0,0,0,0,0,""
2020-06-21,0,0,0,1,0,0,0,0,0,0,1,0,2,"",2020-06-21,0,0,0,0,0,0,0,0,0,0,0,0,""
2020-06-22,0,0,0,0,0,0,0,1,0,0,1,0,2,"",2020-06-22,0,0,0,0,0,0,0,0,0,0,0,0,""
2020-06-23,0,0,0,0,0,0,0,0,0,0,1,0,1,"",2020-06-23,0,0,0,0,0,0,0,0,0,0,0,0,""
2020-06-24,0,0,0,0,0,0,2,3,1,0,4,0,10,"",2020-06-24,0,0,0,0,0,0,0,0,0,0,0,0,""
2020-06-25,0,0,0,0,0,0,2,3,0,0,1,0,6,"",2020-06-25,0,0,0,0,0,0,0,0,0,0,0,0,""
2020-06-26,0,0,0,0,0,0,2,2,1,0,0,0,5,"",2020-06-26,0,0,0,0,0,0,0,0,0,0,0,0,""
2020-06-27,0,0,0,0,0,0,0,0,0,0,1,0,1,"",2020-06-27,0,0,0,0,0,0,0,0,0,0,0,0,""
2020-06-28,0,0,1,0,0,0,1,3,9,0,3,0,17,"",2020-06-28,0,0,0,0,0,0,0,0,0,0,0,0,""
2020-06-29,0,0,0,0,0,2,0,2,4,3,0,0,11,"",2020-06-29,0,0,0,0,0,0,0,0,0,0,0,0,""
2020-06-30,0,0,0,0,1,3,0,0,7,2,0,0,13,"",2020-06-30,0,0,0,0,0,0,0,0,0,0,0,0,""
2020-07-01,0,0,0,0,0,2,1,0,1,0,0,0,4,"",2020-07-01,0,0,0,0,0,0,0,0,0,0,0,0,""
2020-07-02,2,0,0,1,1,0,1,2,1,0,0,0,8,"",2020-07-02,0,0,0,0,0,0,0,0,0,0,0,0,""
2020-07-04,0,0,0,0,0,0,0,0,1,0,0,0,1,"",2020-07-04,0,0,0,0,0,0,0,0,0,0,0,0,""
2020-07-05,0,0,0,0,0,0,0,0,0,0,1,0,1,"",2020-07-05,0,0,0,0,0,0,0,0,0,0,0,0,""
2020-07-07,0,0,0,0,0,0,0,0,0,0,1,0,1,"",2020-07-07,0,0,0,0,0,0,0,0,0,0,0,0,""
2020-07-08,0,0,0,0,1,1,0,0,0,0,2,0,4,"",2020-07-08,0,0,0,0,0,0,0,0,0,0,0,0,""
2020-07-09,0,0,0,0,0,0,0,0,0,0,1,0,1,"",2020-07-09,0,0,0,0,0,0,0,0,0,0,0,0,""
2020-07-10,0,0,0,0,0,1,3,0,0,0,2,0,6,"",2020-07-10,0,0,0,0,0,0,0,0,0,0,0,0,""
2020-07-11,0,0,0,0,0,0,0,0,0,0,1,0,1,"",2020-07-11,0,0,0,0,0,0,0,0,0,0,0,0,""
2020-07-12,0,1,0,0,0,0,2,0,0,0,1,0,4,"",2020-07-12,0,0,0,0,0,0,0,0,0,0,0,0,""
2020-07-13,0,0,0,1,0,0,0,0,0,1,0,0,2,"",2020-07-13,0,0,0,0,0,0,0,0,0,0,0,0,""
2020-07-14,0,0,1,1,0,0,2,0,0,1,3,0,8,"",2020-07-14,0,0,0,0,0,0,0,0,0,0,0,0,""
2020-07-15,0,0,9,2,1,0,0,0,0,0,1,0,13,"",2020-07-15,0,0,0,0,0,0,0,0,0,0,0,0,""
2020-07-16,0,0,2,1,1,0,0,0,1,0,1,0,6,"",2020-07-16,0,0,0,0,0,0,0,0,0,0,0,0,""
2020-07-17,0,0,1,0,1,0,0,0,0,0,1,0,3,"",2020-07-17,0,0,0,0,0,0,0,0,0,0,0,0,""
2020-07-18,0,0,2,1,4,0,0,3,0,0,3,0,13,"",2020-07-18,0,0,0,0,0,0,0,0,0,0,0,0,""
2020-07-19,0,0,4,1,0,0,1,0,0,0,3,0,9,"",2020-07-19,0,0,0,0,0,0,0,0,0,0,0,0,""
2020-07-20,0,0,0,1,0,0,0,0,0,0,2,0,3,"",2020-07-20,0,0,0,0,0,0,0,0,0,0,0,0,""
2020-07-21,0,1,1,1,1,0,0,0,0,0,6,0,10,"",2020-07-21,0,0,0,0,0,0,0,0,0,0,0,0,""
2020-07-22,0,0,3,1,1,0,0,0,0,0,1,0,6,"",2020-07-22,0,0,0,0,0,0,0,0,0,0,0,0,""
2020-07-23,0,1,1,0,0,0,0,0,0,0,2,0,4,"",2020-07-23,0,0,0,0,0,0,0,0,0,0,0,0,""
2020-07-24,0,0,3,2,1,0,0,0,0,0,0,0,6,"",2020-07-24,0,0,0,0,0,0,0,0,0,0,0,0,""
2020-07-25,0,1,3,3,0,0,0,0,0,0,2,0,9,"",2020-07-25,0,0,0,0,0,0,0,0,0,0,0,0,""
2020-07-26,0,0,1,1,1,0,0,0,0,0,2,0,5,"",2020-07-26,0,0,0,0,0,0,0,0,0,0,0,0,""
2020-07-27,0,0,3,1,0,0,0,0,0,0,1,0,5,"",2020-07-27,0,0,0,0,0,0,0,0,0,0,0,0,""
2020-07-28,0,0,2,0,0,0,0,0,0,0,1,0,3,"",2020-07-28,0,0,0,0,0,0,0,0,0,0,0,0,""
2020-07-29,1,0,2,0,0,0,0,1,0,0,1,0,5,"",2020-07-29,0,0,0,0,0,0,0,0,0,0,0,0,""
2020-07-30,0,0,6,1,0,1,0,0,0,0,1,0,9,"",2020-07-30,0,0,0,0,0,0,0,0,0,0,0,0,""
2020-07-31,0,0,6,2,0,0,0,1,1,0,5,0,15,"",2020-07-31,0,0,0,0,0,0,0,0,0,0,0,0,""
2020-08-01,0,0,4,0,1,2,3,0,0,0,8,0,18,"",2020-08-01,0,0,0,0,0,0,0,0,0,0,0,0,""
2020-08-02,0,0,2,1,1,0,0,0,0,0,5,0,9,"",2020-08-02,0,0,0,0,0,0,0,0,0,0,0,0,""
2020-08-03,0,0,7,1,1,3,0,0,0,0,11,0,23,"",2020-08-03,0,0,0,0,0,0,0,0,0,0,0,0,""
2020-08-04,0,1,4,1,0,0,3,0,0,0,2,0,11,"",2020-08-04,0,0,0,0,0,0,0,0,0,0,0,0,""
2020-08-05,0,0,6,2,1,1,0,0,0,0,4,0,14,"",2020-08-05,0,0,0,0,0,0,0,0,0,0,0,0,""
2020-08-06,0,0,2,2,0,1,1,0,1,0,4,0,11,"",2020-08-06,0,0,0,0,0,0,0,0,0,0,0,0,""
2020-08-07,0,0,1,1,3,2,1,0,0,0,6,0,14,"",2020-08-07,0,0,0,0,0,0,0,0,0,0,0,0,""
2020-08-08,0,0,4,1,3,0,1,0,1,0,3,0,13,"",2020-08-08,0,0,0,0,0,0,0,0,0,0,0,0,""
2020-08-09,0,0,3,1,2,1,0,0,0,0,4,0,11,"",2020-08-09,0,0,0,0,0,0,0,0,0,0,0,0,""
2020-08-10,0,0,2,4,0,2,1,0,0,0,4,0,13,"",2020-08-10,0,0,0,0,0,0,0,0,0,0,0,0,""
2020-08-11,0,0,8,1,1,1,0,0,0,0,3,0,14,"",2020-08-11,0,0,0,0,0,0,0,0,0,0,0,0,""
2020-08-12,0,0,0,2,1,0,0,0,0,0,1,0,4,"",2020-08-12,0,0,0,0,0,0,0,0,0,0,0,0,""
2020-08-13,0,0,3,0,1,2,0,0,0,0,4,0,10,"",2020-08-13,0,0,0,0,0,0,0,0,0,0,0,0,""
2020-08-14,0,0,4,2,1,1,4,0,0,0,0,0,12,"",2020-08-14,0,0,0,0,0,0,0,0,0,0,0,0,""
2020-08-15,0,1,2,3,1,2,0,1,2,0,2,0,14,"",2020-08-15,0,0,0,0,0,0,0,0,0,0,0,0,""
2020-08-16,0,0,2,2,1,0,0,1,0,0,2,0,8,"",2020-08-16,0,0,0,0,0,0,0,0,0,0,0,0,""
2020-08-17,0,1,0,0,1,0,0,0,0,0,3,0,5,"",2020-08-17,0,0,0,0,0,0,0,0,0,0,0,0,""
2020-08-18,0,1,0,0,1,3,0,0,0,0,1,0,6,"",2020-08-18,0,0,0,0,0,0,0,0,0,0,0,0,""
2020-08-19,0,0,3,2,0,2,0,0,0,0,1,0,8,"",2020-08-19,0,0,0,0,0,0,0,0,0,0,0,0,""
2020-08-20,0,2,3,3,2,1,1,2,3,0,8,0,25,"",2020-08-20,0,0,0,0,0,0,0,0,0,0,0,0,""
2020-08-21,0,0,5,2,0,0,2,0,0,1,0,0,10,"",2020-08-21,0,0,0,0,0,0,0,0,0,0,0,0,""
2020-08-22,1,0,4,2,2,0,1,1,1,0,5,0,17,"",2020-08-22,0,0,0,0,0,0,0,0,0,0,0,0,""
2020-08-23,0,1,3,2,1,1,1,0,1,0,4,0,14,"",2020-08-23,0,0,0,0,0,0,0,0,0,0,0,0,""
2020-08-24,0,0,1,1,1,0,0,1,0,0,4,0,8,"",2020-08-24,0,0,0,0,0,0,0,0,0,0,0,0,""
2020-08-25,0,1,1,0,0,3,0,0,0,0,2,0,7,"",2020-08-25,0,0,0,0,0,0,0,0,0,0,0,0,""
2020-08-26,0,1,3,0,0,0,1,0,0,0,2,0,7,"",2020-08-26,0,0,0,0,0,0,0,0,0,0,0,0,""
2020-08-27,0,1,6,1,1,0,0,0,1,0,0,0,10,"",2020-08-27,0,0,0,0,0,0,0,0,0,0,0,0,""
2020-08-28,0,0,4,4,0,1,2,0,0,1,4,0,16,"",2020-08-28,0,0,0,0,0,0,0,0,0,0,0,0,""
2020-08-29,0,0,4,1,1,1,0,0,0,0,2,0,9,"",2020-08-29,0,0,0,0,0,0,0,0,0,0,0,0,""
2020-08-30,0,0,0,1,0,1,0,1,0,0,1,0,4,"",2020-08-30,0,0,0,0,0,0,0,0,0,0,0,0,""
2020-08-31,0,0,2,2,1,0,0,0,0,0,3,0,8,"",2020-08-31,0,0,0,0,0,0,0,0,0,0,0,0,""
2020-09-01,0,0,6,2,4,0,1,1,0,0,2,0,16,"",2020-09-01,0,0,0,0,0,0,0,0,0,0,0,0,""
2020-09-02,0,0,3,0,1,1,0,0,0,0,1,0,6,"",2020-09-02,0,0,0,0,0,0,0,0,0,0,0,0,""
2020-09-03,0,0,2,0,0,0,1,1,0,0,2,0,6,"",2020-09-03,0,0,0,0,0,0,0,0,0,0,0,0,""
2020-09-04,0,0,2,2,0,0,0,0,0,0,1,0,5,"",2020-09-04,0,0,0,0,0,0,0,0,0,0,0,0,""
2020-09-05,0,0,5,1,1,0,0,0,0,0,3,0,10,"",2020-09-05,0,0,0,0,0,0,0,0,0,0,0,0,""
2020-09-06,0,0,1,3,0,0,0,0,0,0,0,0,4,"",2020-09-06,0,0,0,0,0,0,0,0,0,0,0,0,""
2020-09-07,0,0,2,1,1,0,0,0,0,0,2,0,6,"",2020-09-07,0,0,0,0,0,0,0,0,0,0,0,0,""
2020-09-08,0,0,5,2,1,0,0,0,0,0,3,0,11,"",2020-09-08,0,0,0,0,0,0,0,0,0,0,0,0,""
2020-09-09,0,0,2,1,0,0,0,0,0,0,1,0,4,"",2020-09-09,0,0,0,0,0,0,0,0,0,0,0,0,""
2020-09-10,0,2,3,3,1,1,1,0,0,0,0,0,11,"",2020-09-10,0,0,0,0,0,0,0,0,0,0,0,0,""
2020-09-11,0,0,2,1,0,0,1,0,0,0,2,0,6,"",2020-09-11,0,0,0,0,0,0,0,0,0,0,0,0,""
2020-09-12,0,0,2,2,1,0,0,0,0,0,2,0,7,"",2020-09-12,0,0,0,0,0,0,0,0,0,0,0,0,""
2020-09-13,0,0,1,0,0,0,0,1,0,0,1,0,3,"",2020-09-13,0,0,0,0,0,0,0,0,0,0,0,0,""
2020-09-14,0,1,2,0,0,0,1,0,0,0,4,0,8,"",2020-09-14,0,0,0,0,0,0,0,0,0,0,0,0,""
2020-09-15,0,0,4,1,0,0,0,1,0,0,2,0,8,"",2020-09-15,0,0,0,0,0,0,0,0,0,0,0,0,""
2020-09-16,0,0,2,3,0,0,1,0,0,0,5,0,11,"",2020-09-16,0,0,0,0,0,0,0,0,0,0,0,0,""
2020-09-17,0,0,3,1,0,1,1,0,0,0,1,0,7,"",2020-09-17,0,0,0,0,0,0,0,0,0,0,0,0,""
2020-09-18,0,1,7,1,1,0,0,0,0,0,7,0,17,"",2020-09-18,0,0,0,0,0,0,0,0,0,0,0,0,""
2020-09-19,0,2,5,4,0,0,0,0,0,0,6,0,17,"",2020-09-19,0,0,0,0,0,0,0,0,0,0,0,0,""
2020-09-20,0,4,4,3,0,0,1,0,1,0,3,0,16,"",2020-09-20,0,0,0,0,0,0,0,0,0,0,0,0,""
2020-09-21,0,2,4,0,2,0,0,0,0,0,7,0,15,"",2020-09-21,0,0,0,0,0,0,0,0,0,0,0,0,""
2020-09-22,0,2,1,1,1,0,1,0,0,0,3,0,9,"",2020-09-22,0,0,0,0,0,0,0,0,0,0,0,0,""
2020-09-23,0,2,2,0,1,2,1,0,1,1,2,0,12,"",2020-09-23,0,0,0,0,0,0,0,0,0,0,0,0,""
2020-09-24,0,1,3,2,0,1,0,0,0,0,4,0,11,"",2020-09-24,0,0,0,0,0,0,0,0,0,0,0,0,""
2020-09-25,0,0,5,4,2,1,3,1,4,1,4,0,25,"",2020-09-25,0,0,0,0,0,0,0,0,0,0,0,0,""
2020-09-26,0,1,2,0,2,0,0,0,0,0,2,0,7,"",2020-09-26,0,0,0,0,0,0,0,0,0,0,0,0,""
2020-09-27,0,2,7,0,2,0,1,2,0,1,4,0,19,"",2020-09-27,0,0,0,0,0,0,0,0,0,0,0,0,""
2020-09-28,0,0,6,1,3,3,0,0,0,0,4,0,17,"",2020-09-28,0,0,0,0,0,0,0,0,0,0,0,0,""
2020-09-29,0,2,6,0,1,0,1,2,0,0,4,0,16,"",2020-09-29,0,0,0,0,0,0,0,0,0,0,0,0,""
2020-09-30,0,6,2,0,2,0,1,0,1,1,3,0,16,"",2020-09-30,0,0,0,0,0,0,0,0,0,0,0,0,""
2020-10-01,0,1,1,1,4,2,2,1,0,0,7,0,19,"",2020-10-01,0,0,0,0,0,0,0,0,0,0,0,0,""
2020-10-02,0,3,5,1,1,0,3,1,0,0,1,0,15,"",2020-10-02,0,0,0,0,0,0,0,0,0,0,0,0,""
2020-10-03,1,0,10,1,1,0,1,1,0,0,3,0,18,"",2020-10-03,0,0,0,0,0,0,0,0,0,0,0,0,""
2020-10-04,0,1,13,1,2,1,0,0,0,0,4,0,22,"",2020-10-04,0,0,0,0,0,0,0,0,0,0,0,0,""
2020-10-05,0,0,19,3,1,1,1,1,0,0,10,0,36,"",2020-10-05,0,0,0,0,0,0,0,0,0,0,0,0,""
2020-10-06,0,1,4,0,1,1,1,0,0,1,3,0,12,"",2020-10-06,0,0,0,0,0,0,0,0,0,0,0,0,""
2020-10-07,0,3,17,4,1,4,0,1,0,0,8,0,38,"",2020-10-07,0,0,0,0,0,0,0,0,0,0,0,0,""
2020-10-08,0,4,10,3,1,1,0,3,0,0,7,0,29,"",2020-10-08,0,0,0,0,0,0,0,0,0,0,0,0,""
2020-10-09,0,3,4,2,2,1,3,3,0,0,9,0,27,"",2020-10-09,0,0,0,0,0,0,0,0,0,0,0,0,""
2020-10-10,0,5,8,3,1,0,2,0,0,0,5,0,24,"",2020-10-10,0,0,0,0,0,0,0,0,0,0,0,0,""
2020-10-11,0,4,9,6,4,2,0,0,0,0,6,0,31,"",2020-10-11,0,0,0,0,0,0,0,0,0,0,0,0,""
2020-10-12,0,3,3,2,1,0,2,1,0,0,0,0,12,"",2020-10-12,0,0,0,0,0,0,0,0,0,0,0,0,""
2020-10-13,0,2,2,1,0,1,1,2,0,0,11,0,20,"",2020-10-13,0,0,0,0,0,0,0,0,0,0,0,0,""
2020-10-14,0,2,6,0,1,2,1,0,0,0,8,0,20,"",2020-10-14,0,0,0,0,0,0,0,0,0,0,0,0,""
2020-10-15,1,4,5,5,5,2,2,0,0,1,5,0,30,"",2020-10-15,0,0,0,0,0,0,0,0,0,0,0,0,""
2020-10-16,0,13,3,1,1,2,2,3,0,0,6,0,31,"",2020-10-16,0,0,0,0,0,0,0,0,0,0,0,0,""
2020-10-17,0,3,10,5,1,0,1,0,1,0,6,0,27,"",2020-10-17,0,0,0,0,0,0,0,0,0,0,0,0,""
2020-10-18,0,0,10,4,2,1,0,0,0,0,7,0,24,"",2020-10-18,0,0,0,0,0,0,0,0,0,0,0,0,""
2020-10-19,0,0,4,2,0,0,2,0,4,0,5,0,17,"",2020-10-19,0,0,0,0,0,0,0,0,0,0,0,0,""
2020-10-20,0,2,9,7,1,1,1,1,2,2,5,0,31,"",2020-10-20,0,0,0,0,0,0,0,0,0,0,0,0,""
2020-10-21,0,3,8,3,0,1,1,1,1,0,4,0,22,"",2020-10-21,0,0,0,0,0,0,0,0,0,0,0,0,""
2020-10-22,0,2,17,2,3,3,4,0,1,2,6,0,40,"",2020-10-22,0,0,0,0,0,0,0,0,0,0,0,0,""
2020-10-23,0,6,14,4,5,4,2,0,1,0,15,0,51,"",2020-10-23,0,0,0,0,0,0,0,0,0,0,0,0,""
2020-10-24,0,3,12,12,4,7,2,1,3,0,16,0,60,"",2020-10-24,0,0,0,0,0,0,0,0,0,0,0,0,""
2020-10-25,0,0,18,6,3,2,1,0,0,1,10,0,41,"",2020-10-25,0,0,0,0,0,0,0,0,0,0,0,0,""
2020-10-26,0,5,15,9,3,1,3,0,1,0,13,0,50,"",2020-10-26,0,0,0,0,0,0,0,0,0,0,0,0,""
2020-10-27,0,1,10,5,3,0,1,0,1,0,6,0,27,"",2020-10-27,0,0,0,0,0,0,0,0,0,0,0,0,""
2020-10-28,0,5,17,11,2,4,3,0,1,0,9,0,52,"",2020-10-28,0,0,0,0,0,0,0,0,0,0,0,0,""
2020-10-29,0,3,16,11,6,6,0,1,0,1,9,0,53,"",2020-10-29,0,0,0,0,0,0,0,0,0,0,0,0,""
2020-10-30,0,8,18,7,7,6,6,0,2,0,15,0,69,"",2020-10-30,0,0,0,0,0,0,0,0,0,0,0,0,""
2020-10-31,1,3,22,11,18,11,4,0,1,2,8,0,81,"",2020-10-31,0,0,0,0,0,0,0,0,0,0,0,0,""
2020-11-01,0,4,23,9,7,9,6,0,0,0,11,0,69,"",2020-11-01,0,0,0,0,0,0,0,0,0,0,0,0,""
2020-11-02,0,2,21,21,14,8,4,3,0,0,23,0,96,"",2020-11-02,0,0,0,0,0,0,0,0,0,0,0,0,""
2020-11-03,2,3,17,4,11,8,5,1,2,0,18,0,71,"",2020-11-03,0,0,0,0,0,0,0,0,0,0,0,0,""
2020-11-04,0,5,16,8,9,8,5,3,1,1,19,0,75,"",2020-11-04,0,0,0,0,0,0,0,0,0,0,0,0,""
2020-11-05,1,3,26,18,22,11,9,3,1,0,25,0,119,"",2020-11-05,0,0,0,0,0,0,0,0,0,0,0,0,""
2020-11-06,3,11,14,15,15,14,15,6,5,2,15,0,115,"",2020-11-06,0,0,0,0,0,0,0,0,0,0,0,0,""
2020-11-07,0,9,32,30,27,26,14,14,11,2,22,0,187,"",2020-11-07,0,0,0,0,0,0,0,0,0,0,0,0,""
2020-11-08,0,6,35,22,20,6,14,11,15,7,17,0,153,"",2020-11-08,0,0,0,0,0,0,0,0,0,0,0,0,""
2020-11-09,9,21,55,40,21,19,9,3,5,1,17,0,200,"",2020-11-09,0,0,0,0,0,0,0,0,0,0,0,0,""
2020-11-10,1,5,25,21,16,20,9,6,27,19,17,0,166,"",2020-11-10,0,0,0,0,0,0,0,0,0,0,0,0,""
2020-11-11,1,8,38,30,30,22,20,12,3,2,31,0,197,"",2020-11-11,0,0,0,0,0,0,0,0,0,0,0,0,""
2020-11-12,0,4,54,28,55,32,15,10,12,4,22,0,236,"",2020-11-12,0,0,0,0,0,0,0,0,0,0,0,0,""
2020-11-13,0,15,54,34,30,30,16,10,12,11,23,0,235,"",2020-11-13,0,0,0,0,0,0,0,0,0,0,0,0,""
2020-11-14,1,20,39,42,34,22,20,7,15,3,27,0,230,"",2020-11-14,0,0,0,0,0,0,0,0,0,0,0,0,""
2020-11-15,3,5,44,37,21,21,13,11,25,7,22,0,209,"",2020-11-15,0,0,0,0,0,0,0,0,0,0,0,0,""
2020-11-16,0,11,44,27,23,10,14,7,9,9,35,0,189,"",2020-11-16,0,0,0,0,0,0,0,0,0,0,0,0,""
2020-11-17,0,5,55,27,26,23,16,11,15,3,16,0,197,"",2020-11-17,0,0,0,0,0,0,0,0,0,0,0,0,""
2020-11-18,0,14,49,34,42,24,18,12,7,2,31,0,233,"",2020-11-18,0,0,0,0,0,0,0,0,0,0,0,0,""
2020-11-19,2,6,58,24,41,32,23,27,13,11,30,0,267,"",2020-11-19,0,0,0,0,0,0,0,0,0,0,0,0,""
2020-11-20,1,16,43,40,34,38,29,24,32,9,38,0,304,"",2020-11-20,0,0,0,0,0,0,0,0,0,0,0,0,""
2020-11-21,0,19,35,25,29,26,24,24,12,10,30,0,234,"",2020-11-21,0,0,0,0,0,0,0,0,0,0,0,0,""
2020-11-22,1,16,36,21,37,23,25,20,14,6,46,0,245,"",2020-11-22,0,0,0,0,0,0,0,0,0,0,0,0,""
2020-11-23,0,19,41,18,23,29,24,10,8,5,28,1,205,"",2020-11-23,0,0,0,0,0,0,0,0,0,0,0,0,""
2020-11-24,2,29,39,20,30,22,14,22,10,7,21,0,216,"",2020-11-24,0,0,0,0,0,0,0,0,0,0,0,0,""
2020-11-25,0,11,32,21,11,16,16,13,12,8,41,0,181,"",2020-11-25,0,0,0,0,0,0,0,0,0,0,0,0,""
2020-11-26,3,25,31,25,29,42,21,32,17,7,24,0,256,"",2020-11-26,0,0,0,0,0,0,0,0,0,0,0,0,""
2020-11-27,3,14,30,40,29,25,24,23,25,11,28,0,252,"",2020-11-27,0,0,0,0,0,0,0,0,0,0,0,0,""
2020-11-28,2,17,30,30,31,32,24,24,24,15,23,0,252,"",2020-11-28,0,0,0,0,0,0,0,0,0,0,0,0,""
2020-11-29,0,18,24,24,24,27,13,19,17,8,18,0,192,"",2020-11-29,0,0,0,0,0,0,0,0,0,0,0,0,""
2020-11-30,2,11,13,21,17,11,12,12,23,18,11,0,151,"",2020-11-30,0,0,0,0,0,0,0,0,0,0,0,0,""
2020-12-01,0,15,38,27,25,25,10,16,17,8,25,0,206,"",2020-12-01,0,0,0,0,0,0,0,0,0,0,0,0,""
2020-12-02,0,8,27,19,17,13,11,20,13,2,44,2,174,"",2020-12-02,0,0,0,0,0,0,0,0,0,0,0,0,""
2020-12-03,0,10,35,20,28,18,15,27,19,8,26,0,206,"",2020-12-03,0,0,0,0,0,0,0,0,0,0,0,0,""
2020-12-04,4,6,25,22,21,18,26,23,22,11,34,0,212,"",2020-12-04,0,0,0,0,0,0,0,0,0,0,0,0,""
2020-12-05,0,13,29,16,26,21,12,15,14,7,30,0,183,"",2020-12-05,0,0,0,0,0,0,0,0,0,0,0,0,""
2020-12-06,2,7,36,16,20,18,13,22,19,9,25,0,187,"",2020-12-06,0,0,0,0,0,0,0,0,0,0,0,0,""
2020-12-07,0,10,18,15,12,12,13,13,11,2,18,0,124,"",2020-12-07,0,0,0,0,0,0,0,0,0,0,0,0,""
2020-12-08,1,19,22,12,23,31,11,15,16,10,44,0,204,"",2020-12-08,0,0,0,0,0,0,0,0,0,0,0,0,""
2020-12-09,6,22,27,22,20,31,15,11,12,7,24,0,197,"",2020-12-09,0,0,0,0,0,0,0,0,0,0,0,0,""
2020-12-10,0,32,21,23,26,29,15,19,22,16,38,0,241,"",2020-12-10,0,0,0,0,0,0,0,0,0,0,0,0,""
2020-12-11,1,27,13,15,24,23,16,20,11,8,19,0,177,"",2020-12-11,0,0,0,0,0,0,0,0,0,0,0,0,""
2020-12-12,1,15,15,20,22,27,6,21,20,8,33,1,188,"",2020-12-12,0,0,0,0,0,0,0,0,0,0,0,0,""
2020-12-13,3,10,22,13,24,20,15,11,6,5,35,0,164,"",2020-12-13,0,0,0,0,0,0,0,0,0,0,0,0,""
2020-12-14,0,13,16,20,19,20,3,3,8,6,17,0,125,"",2020-12-14,0,0,0,0,0,0,0,0,0,0,0,0,""
2020-12-15,0,8,12,16,6,10,6,7,13,13,13,0,104,"",2020-12-15,0,0,0,0,0,0,0,0,0,0,0,0,""
2020-12-16,2,4,7,6,16,10,8,9,10,1,13,0,86,"",2020-12-16,0,0,0,0,0,0,0,0,0,0,0,0,""
2020-12-17,0,8,18,10,19,9,7,11,17,15,25,0,139,"",2020-12-17,0,0,0,0,0,0,0,0,0,0,0,0,""
2020-12-18,0,12,17,6,13,12,5,10,20,15,31,0,141,"",2020-12-18,0,0,0,0,0,0,0,0,0,0,0,0,""
2020-12-19,0,5,16,21,10,7,14,8,10,5,36,0,132,"",2020-12-19,0,0,0,0,0,0,0,0,0,0,0,0,""
2020-12-20,1,3,11,8,20,15,6,14,17,10,30,0,135,"",2020-12-20,0,0,0,0,0,0,0,0,0,0,0,0,""
2020-12-21,1,2,13,16,16,18,3,7,8,5,21,0,110,"",2020-12-21,0,0,0,0,0,0,0,0,0,0,0,0,""
2020-12-22,0,2,11,8,13,7,10,4,8,1,10,0,74,"",2020-12-22,0,0,0,0,0,0,0,0,0,0,0,0,""
2020-12-23,1,2,15,12,17,10,11,7,12,6,21,0,114,"",2020-12-23,0,0,0,0,0,0,0,0,0,0,0,0,""
2020-12-24,0,4,18,5,13,16,5,10,17,12,23,0,123,"",2020-12-24,0,0,0,0,0,0,0,0,0,0,0,0,""
2020-12-25,0,3,11,8,15,9,8,9,8,2,24,0,97,"",2020-12-25,0,0,0,0,0,0,0,0,0,0,0,0,""
2020-12-26,0,2,14,12,20,10,11,11,10,7,64,0,161,"",2020-12-26,0,0,0,0,0,0,0,0,0,0,0,0,""
2020-12-27,0,2,8,8,14,12,5,9,7,6,14,0,85,"",2020-12-27,0,0,0,0,0,0,0,0,0,0,0,0,""
2020-12-28,0,0,15,11,7,11,7,6,9,11,17,0,94,"",2020-12-28,0,0,0,0,0,0,0,0,0,0,0,0,""
2020-12-29,0,2,12,11,13,4,9,2,3,2,29,0,87,"",2020-12-29,0,0,0,0,0,0,0,0,0,0,0,0,""
2020-12-30,0,3,16,13,15,20,4,5,4,1,52,0,133,"",2020-12-30,0,0,0,0,0,0,0,0,0,0,0,0,""
2020-12-31,0,7,15,9,15,15,19,18,16,7,46,0,167,"",2020-12-31,0,0,0,0,0,0,0,0,0,0,0,0,""
2021-01-01,0,4,28,11,11,8,3,11,4,4,14,0,98,"",2021-01-01,0,0,0,0,0,0,0,0,0,0,0,0,""
2021-01-02,2,2,19,12,12,5,5,1,2,2,15,0,77,"",2021-01-02,0,0,0,0,0,0,0,0,0,0,0,0,""
2021-01-03,0,3,9,12,6,6,4,3,1,1,23,0,68,"",2021-01-03,0,0,0,0,0,0,0,0,0,0,0,0,""
2021-01-04,0,4,18,10,12,6,7,5,9,7,15,0,93,"",2021-01-04,0,0,0,0,0,0,0,0,0,0,0,0,""
2021-01-05,0,2,12,13,11,9,2,2,8,0,20,0,79,"",2021-01-05,0,0,0,0,0,0,0,0,0,0,0,0,""
2021-01-06,0,6,18,13,18,15,7,6,3,1,28,0,115,"",2021-01-06,0,0,0,0,0,0,0,0,0,0,0,0,""
2021-01-07,0,8,30,15,26,9,13,14,9,8,29,0,161,"",2021-01-07,0,0,0,0,0,0,0,0,0,0,0,0,""
2021-01-08,0,3,39,21,20,12,14,11,16,11,34,0,181,"",2021-01-08,0,0,0,0,0,0,0,0,0,0,0,0,""
2021-01-09,0,10,33,27,20,10,25,21,16,7,46,0,215,"",2021-01-09,0,0,0,0,0,0,0,0,0,0,0,0,""
2021-01-10,3,6,46,28,20,12,16,9,4,5,39,0,188,"",2021-01-10,0,0,0,0,0,0,0,0,0,0,0,0,""
2021-01-11,0,4,21,20,13,13,15,12,9,7,21,0,135,"",2021-01-11,0,0,0,0,0,0,0,0,0,0,0,0,""
2021-01-12,0,6,30,18,19,16,8,8,4,4,32,0,145,"",2021-01-12,0,0,0,0,0,0,0,0,0,0,0,0,""
2021-01-13,0,5,21,10,13,14,11,5,8,2,20,0,109,"",2021-01-13,0,0,0,0,0,0,0,0,0,0,0,0,""
2021-01-14,2,11,25,18,19,35,16,11,15,6,36,0,194,"",2021-01-14,0,0,0,0,0,0,0,0,0,0,0,0,""
2021-01-15,2,5,38,23,25,19,20,19,12,6,33,0,202,"",2021-01-15,0,0,0,0,0,0,0,0,0,0,0,0,""
2021-01-16,2,5,25,18,15,29,14,19,18,14,33,0,192,"",2021-01-16,0,0,0,0,0,0,0,0,0,0,0,0,""
2021-01-17,0,5,18,16,18,11,9,3,5,8,31,0,124,"",2021-01-17,0,0,0,0,0,0,0,0,0,0,0,0,""
2021-01-18,1,4,29,14,16,16,8,6,7,2,22,0,125,"",2021-01-18,0,0,0,0,0,0,0,0,0,0,0,0,""
2021-01-19,0,1,16,11,12,7,7,9,3,4,22,0,92,"",2021-01-19,0,0,0,0,0,0,0,0,0,0,0,0,""
2021-01-20,0,10,24,18,16,14,25,18,16,1,22,0,164,"",2021-01-20,0,0,0,0,0,0,0,0,0,0,0,0,""
2021-01-21,1,4,29,12,20,15,5,8,9,1,26,0,130,"",2021-01-21,0,0,0,0,0,0,0,0,0,0,0,0,""
2021-01-22,0,2,16,8,12,12,13,9,12,1,26,0,111,"",2021-01-22,0,0,0,0,0,0,0,0,0,0,0,0,""
2021-01-23,0,7,26,10,21,14,12,11,12,4,21,0,138,"",2021-01-23,0,0,0,0,0,0,0,0,0,0,0,0,""
2021-01-24,0,9,16,12,11,10,6,10,2,1,17,0,94,"",2021-01-24,0,0,0,0,0,0,0,0,0,0,0,0,""
2021-01-25,0,8,13,10,11,5,10,7,4,1,19,0,88,"",2021-01-25,0,0,0,0,0,0,0,0,0,0,0,0,""
2021-01-26,0,6,17,15,15,8,10,5,2,5,23,0,106,"",2021-01-26,0,0,0,0,0,0,0,0,0,0,0,0,""
2021-01-27,2,8,17,16,20,7,15,10,8,5,39,0,147,"",2021-01-27,0,0,0,0,0,0,0,0,0,0,0,0,""
2021-01-28,0,14,10,10,7,9,6,7,5,4,43,0,115,"",2021-01-28,0,0,0,0,0,0,0,0,0,0,0,0,""
2021-01-29,2,30,11,15,12,8,9,3,4,2,15,0,111,"",2021-01-29,0,0,0,0,0,0,0,0,0,0,0,0,""
2021-01-30,0,18,20,9,14,15,8,3,3,4,12,0,106,"",2021-01-30,0,0,0,0,0,0,0,0,0,0,0,0,""
2021-01-31,0,9,13,13,12,8,15,1,5,7,21,0,104,"",2021-01-31,0,0,0,0,0,0,0,0,0,0,0,0,""
2021-02-01,0,17,11,11,12,5,1,5,1,1,12,0,76,"",2021-02-01,0,0,0,0,0,0,0,0,0,0,0,0,""
2021-02-02,0,5,15,12,13,11,8,10,8,12,11,0,105,"",2021-02-02,0,0,0,0,0,0,0,0,0,0,0,0,""
2021-02-03,0,10,12,8,15,11,9,3,3,0,23,0,94,"",2021-02-03,0,0,0,0,0,0,0,0,0,0,0,0,""
2021-02-04,2,11,20,17,15,14,9,7,1,2,22,0,120,"",2021-02-04,0,0,0,0,0,0,0,0,0,0,0,0,""
2021-02-05,1,4,11,10,19,10,12,4,7,1,14,0,93,"",2021-02-05,0,0,0,0,0,0,0,0,0,0,0,0,""
2021-02-06,0,4,17,11,7,10,6,1,1,2,19,0,78,"",2021-02-06,0,0,0,0,0,0,0,0,0,0,0,0,""
2021-02-07,0,2,12,8,12,6,9,3,2,1,14,0,69,"",2021-02-07,0,0,0,0,0,0,0,0,0,0,0,0,""
2021-02-08,1,7,6,6,7,9,6,2,0,1,5,0,50,"",2021-02-08,0,0,0,0,0,0,0,0,0,0,0,0,""
2021-02-09,0,3,4,3,8,6,1,2,2,1,11,0,41,"",2021-02-09,0,0,0,0,0,0,0,0,0,0,0,0,""
2021-02-10,0,4,5,9,11,10,4,2,8,1,10,0,64,"",2021-02-10,0,0,0,0,0,0,0,0,0,0,0,0,""
2021-02-11,2,6,6,13,17,16,11,9,4,1,7,0,92,"",2021-02-11,0,0,0,0,0,0,0,0,0,0,0,0,""
2021-02-12,0,8,14,8,4,13,3,10,2,3,10,0,75,"",2021-02-12,0,0,0,0,0,0,0,0,0,0,0,0,""
2021-02-13,0,5,2,3,1,5,5,4,2,0,12,0,39,"",2021-02-13,0,0,0,0,0,0,0,0,0,0,0,0,""
2021-02-14,0,3,5,8,8,3,5,6,6,0,8,0,52,"",2021-02-14,0,0,0,0,0,0,0,0,0,0,0,0,""
2021-02-15,0,2,3,4,8,6,4,4,1,0,9,0,41,"",2021-02-15,0,0,0,0,0,0,0,0,0,0,0,0,""
2021-02-16,0,11,2,2,8,5,7,4,1,0,4,0,44,"",2021-02-16,0,0,0,0,0,0,0,0,0,0,0,0,""
2021-02-17,0,7,7,8,6,9,3,4,3,2,15,0,64,"",2021-02-17,0,0,0,0,0,0,0,0,0,0,0,0,""
2021-02-18,1,2,4,5,1,2,3,5,3,1,5,0,32,"",2021-02-18,0,0,0,0,0,0,0,0,0,0,0,0,""
2021-02-19,0,5,6,5,6,5,3,1,3,2,7,0,43,"",2021-02-19,0,0,0,0,0,0,0,0,0,0,0,0,""
2021-02-20,0,2,6,3,2,5,2,4,3,1,6,0,34,"",2021-02-20,0,0,0,0,0,0,0,0,0,0,0,0,""
2021-02-21,1,1,7,4,2,9,2,3,9,1,24,0,63,"",2021-02-21,0,0,0,0,0,0,0,0,0,0,0,0,""
2021-02-22,0,1,4,4,3,4,0,1,0,0,4,0,21,"",2021-02-22,0,0,0,0,0,0,0,0,0,0,0,0,""
2021-02-23,2,3,14,12,11,4,2,2,1,0,15,0,66,"",2021-02-23,0,0,0,0,0,0,0,0,0,0,0,0,""
2021-02-24,0,1,5,2,6,7,6,2,1,2,11,0,43,"",2021-02-24,0,0,0,0,0,0,0,0,0,0,0,0,""
2021-02-25,0,1,7,2,5,1,5,3,2,1,16,0,43,"",2021-02-25,0,0,0,0,0,0,0,0,0,0,0,0,""
2021-02-26,0,1,7,1,5,2,2,4,6,1,7,0,36,"",2021-02-26,0,0,0,0,0,0,0,0,0,0,0,0,""
2021-02-27,0,4,7,9,1,3,2,0,4,2,11,0,43,"",2021-02-27,0,0,0,0,0,0,0,0,0,0,0,0,""
2021-02-28,0,2,1,2,4,4,1,3,4,1,5,0,27,"",2021-02-28,0,0,0,0,0,0,0,0,0,0,0,0,""
2021-03-01,0,3,3,5,4,1,3,1,1,0,8,0,29,"",2021-03-01,0,0,0,0,0,0,0,0,0,0,0,0,""
2021-03-02,0,2,5,8,3,1,0,1,3,3,3,0,29,"",2021-03-02,0,0,0,0,0,0,0,0,0,0,0,0,""
2021-03-03,0,3,7,5,8,5,4,6,7,2,13,0,60,"",2021-03-03,0,0,0,0,0,0,0,0,0,0,0,0,""
2021-03-04,0,1,10,6,10,11,5,1,3,2,17,0,66,"",2021-03-04,0,0,0,0,0,0,0,0,0,0,0,0,""
2021-03-05,0,8,7,9,8,6,4,8,3,1,10,0,64,"",2021-03-05,0,0,0,0,0,0,0,0,0,0,0,0,""
2021-03-06,0,5,13,4,5,1,0,4,3,3,9,0,47,"",2021-03-06,0,0,0,0,0,0,0,0,0,0,0,0,""
2021-03-07,0,7,24,10,7,6,4,2,10,2,12,0,84,"",2021-03-07,0,0,0,0,0,0,0,0,0,0,0,0,""
2021-03-08,0,2,7,2,6,6,4,8,8,4,16,0,63,"",2021-03-08,0,0,0,0,0,0,0,0,0,0,0,0,""
2021-03-09,0,0,10,3,2,7,2,3,18,2,16,0,63,"",2021-03-09,0,0,0,0,0,0,0,0,0,0,0,0,""
2021-03-10,0,3,8,6,10,5,2,4,2,1,24,0,65,"",2021-03-10,0,0,0,0,0,0,0,0,0,0,0,0,""
2021-03-11,0,2,14,9,5,4,3,5,5,6,18,0,71,"",2021-03-11,0,0,0,0,0,0,0,0,0,0,0,0,""
2021-03-12,0,4,5,7,4,5,4,5,6,6,7,0,53,"",2021-03-12,0,0,0,0,0,0,0,0,0,0,0,0,""
2021-03-13,0,1,12,9,8,8,2,5,3,0,10,0,58,"",2021-03-13,0,0,0,0,0,0,0,0,0,0,0,0,""
2021-03-14,0,0,9,9,1,3,3,6,3,0,11,0,45,"",2021-03-14,0,0,0,0,0,0,0,0,0,0,0,0,""
2021-03-15,0,2,14,3,4,7,2,4,1,1,16,0,54,"",2021-03-15,0,0,0,0,0,0,0,0,0,0,0,0,""
2021-03-16,0,6,12,7,4,6,5,5,5,2,17,0,69,"",2021-03-16,0,0,0,0,0,0,0,0,0,0,0,0,""
2021-03-17,0,8,18,7,6,6,5,5,3,1,14,0,73,"",2021-03-17,0,0,0,0,0,0,0,0,0,0,0,0,""
2021-03-18,0,27,18,7,9,5,4,6,3,1,16,0,96,"",2021-03-18,0,0,0,0,0,0,0,0,0,0,0,0,""
2021-03-19,0,15,19,4,3,4,2,7,8,0,16,0,78,"",2021-03-19,0,0,0,0,0,0,0,0,0,0,0,0,""
2021-03-20,0,7,13,4,3,3,1,1,4,0,15,0,51,"",2021-03-20,0,0,0,0,0,0,0,0,0,0,0,0,""
2021-03-21,0,3,7,6,10,3,7,7,6,2,9,0,60,"",2021-03-21,0,0,0,0,0,0,0,0,0,0,0,0,""
2021-03-22,0,7,10,3,5,2,3,10,2,0,8,0,50,"",2021-03-22,0,0,0,0,0,0,0,0,0,0,0,0,""
2021-03-23,0,6,7,2,4,6,3,4,0,0,10,0,42,"",2021-03-23,0,0,0,0,0,0,0,0,0,0,0,0,""
2021-03-24,0,3,11,8,10,5,7,7,8,3,19,0,81,"",2021-03-24,0,0,0,0,0,0,0,0,0,0,0,0,""
2021-03-25,0,4,10,6,5,5,9,8,6,2,12,0,67,"",2021-03-25,0,0,0,0,0,0,0,0,0,0,0,0,""
2021-03-26,0,6,11,4,6,5,9,9,4,0,15,0,69,"",2021-03-26,0,0,0,0,0,0,0,0,0,0,0,0,""
2021-03-27,0,2,9,6,13,4,6,8,2,1,11,0,62,"",2021-03-27,0,0,0,0,0,0,0,0,0,0,0,0,""
2021-03-28,0,4,9,7,11,4,12,12,3,1,11,0,74,"",2021-03-28,0,0,0,0,0,0,0,0,0,0,0,0,""
2021-03-29,0,2,8,6,1,5,2,7,2,1,12,0,46,"",2021-03-29,0,0,0,0,0,0,0,0,0,0,0,0,""
2021-03-30,0,2,3,6,7,3,8,4,2,1,20,0,56,"",2021-03-30,0,0,0,0,0,0,0,0,0,0,0,0,""
2021-03-31,0,5,3,10,11,10,6,9,3,1,18,0,76,"",2021-03-31,0,0,0,0,0,0,0,0,0,0,0,0,""
2021-04-01,0,1,3,4,7,10,4,9,2,0,17,0,57,"",2021-04-01,0,0,0,0,0,0,0,0,0,0,0,0,""
2021-04-02,0,6,6,3,12,4,2,4,4,1,15,0,57,"",2021-04-02,0,0,0,0,0,0,0,0,0,0,0,0,""
2021-04-03,0,2,12,9,5,10,8,3,5,1,11,0,66,"",2021-04-03,0,0,0,0,0,0,0,0,0,0,0,0,""
2021-04-04,0,4,3,5,5,6,3,7,5,0,15,0,53,"",2021-04-04,0,0,0,0,0,0,0,0,0,0,0,0,""
2021-04-05,1,0,9,6,8,8,7,8,6,2,16,0,71,"",2021-04-05,0,0,0,0,0,0,0,0,0,0,0,0,""
2021-04-06,0,0,6,13,4,5,6,8,3,2,16,0,63,"",2021-04-06,0,0,0,0,0,0,0,0,0,0,0,0,""
2021-04-07,0,3,7,8,9,9,6,6,4,4,16,0,72,"",2021-04-07,0,0,0,0,0,0,0,0,0,0,0,0,""
2021-04-08,0,3,13,12,5,8,7,8,1,1,21,0,79,"",2021-04-08,0,0,0,0,0,0,0,0,0,0,0,0,""
2021-04-09,0,10,10,6,12,10,0,5,8,1,21,0,83,"",2021-04-09,0,0,0,0,0,0,0,0,0,0,0,0,""
2021-04-10,0,1,16,12,14,10,16,14,9,6,18,0,116,"",2021-04-10,0,0,0,0,0,0,0,0,0,0,0,0,""
2021-04-11,0,2,13,2,12,10,9,2,1,0,18,0,69,"",2021-04-11,0,0,0,0,0,0,0,0,0,0,0,0,""
2021-04-12,0,3,7,5,9,10,6,5,3,3,7,0,58,"",2021-04-12,0,0,0,0,0,0,0,0,0,0,0,0,""
2021-04-13,0,1,5,6,3,3,7,8,8,2,17,0,60,"",2021-04-13,0,0,0,0,0,0,0,0,0,0,0,0,""
2021-04-14,0,2,5,10,13,13,9,7,7,1,10,0,77,"",2021-04-14,0,0,0,0,0,0,0,0,0,0,0,0,""
2021-04-15,0,3,16,16,8,9,8,16,8,2,15,0,101,"",2021-04-15,0,0,0,0,0,0,0,0,0,0,0,0,""
2021-04-16,0,4,16,13,13,7,12,7,9,3,14,0,98,"",2021-04-16,0,0,0,0,0,0,0,0,0,0,0,0,""
2021-04-17,0,6,10,15,14,15,11,13,9,2,14,0,109,"",2021-04-17,0,0,0,0,0,0,0,0,0,0,0,0,""
2021-04-18,0,4,10,9,15,14,15,9,7,0,15,0,98,"",2021-04-18,0,0,0,0,0,0,0,0,0,0,0,0,""
2021-04-19,0,3,11,5,8,15,3,5,7,3,18,0,78,"",2021-04-19,0,0,0,0,0,0,0,0,0,0,0,0,""
2021-04-20,0,4,8,20,20,9,8,4,7,3,23,0,106,"",2021-04-20,0,0,0,0,0,0,0,0,0,0,0,0,""
2021-04-21,0,7,23,17,19,16,5,9,6,1,21,0,124,"",2021-04-21,0,0,0,0,0,0,0,0,0,0,0,0,""
2021-04-22,0,4,15,30,27,10,12,14,4,2,35,0,153,"",2021-04-22,0,0,0,0,0,0,0,0,0,0,0,0,""
2021-04-23,1,9,24,18,26,18,15,4,8,1,34,0,158,"",2021-04-23,0,0,0,0,0,0,0,0,0,0,0,0,""
2021-04-24,4,9,28,31,8,16,12,9,8,4,31,0,160,"",2021-04-24,0,0,0,0,0,0,0,0,0,0,0,0,""
2021-04-25,0,4,17,14,16,14,7,4,3,2,29,0,110,"",2021-04-25,0,0,0,0,0,0,0,0,0,0,0,0,""
2021-04-26,1,1,27,15,9,20,8,5,6,2,45,0,139,"",2021-04-26,0,0,0,0,0,0,0,0,0,0,0,0,""
2021-04-27,0,13,22,11,13,11,10,6,4,2,29,0,121,"",2021-04-27,0,0,0,0,0,0,0,0,0,0,0,0,""
2021-04-28,0,17,35,34,42,15,14,5,4,1,52,0,219,"",2021-04-28,0,0,0,0,0,0,0,0,0,0,0,0,""
2021-04-29,0,12,37,28,39,22,15,11,7,2,61,0,234,"",2021-04-29,0,0,0,0,0,0,0,0,0,0,0,0,""
2021-04-30,0,7,29,24,36,20,6,18,9,0,38,0,187,"",2021-04-30,0,0,0,0,0,0,0,0,0,0,0,0,""
2021-05-01,2,10,32,21,26,17,12,7,3,4,46,0,180,"",2021-05-01,0,0,0,0,0,0,0,0,0,0,0,0,""
2021-05-02,2,10,54,47,40,31,22,22,27,8,63,0,326,"",2021-05-02,0,0,0,0,0,0,0,0,0,0,0,0,""
2021-05-03,0,6,27,13,17,14,9,6,3,1,18,0,114,"",2021-05-03,0,0,0,0,0,0,0,0,0,0,0,0,""
2021-05-04,0,20,44,29,30,24,14,11,16,14,31,0,233,"",2021-05-04,0,0,0,0,0,0,0,0,0,0,0,0,""
2021-05-05,2,18,20,22,31,30,10,7,8,1,32,0,181,"",2021-05-05,0,0,0,0,0,0,0,0,0,0,0,0,""
2021-05-06,1,20,55,47,44,42,29,15,14,4,49,0,320,"",2021-05-06,0,0,0,0,0,0,0,0,0,0,0,0,""
2021-05-07,2,18,36,25,35,30,18,8,13,5,58,0,248,"",2021-05-07,0,0,0,0,0,0,0,0,0,0,0,0,""
2021-05-08,1,34,73,41,53,50,26,29,14,16,66,0,403,"",2021-05-08,0,0,0,0,0,0,0,0,0,0,0,0,""
2021-05-09,0,40,145,58,59,45,29,17,13,12,88,0,506,"",2021-05-09,0,0,0,0,0,0,0,0,0,0,0,0,""
2021-05-10,3,28,97,49,45,39,31,12,15,6,84,0,409,"",2021-05-10,0,0,0,0,0,0,0,0,0,0,0,0,""
2021-05-11,0,44,102,58,40,36,35,19,15,5,67,0,421,"",2021-05-11,0,0,0,0,0,0,0,0,0,0,0,0,""
2021-05-12,1,40,112,70,57,53,37,32,11,5,111,0,529,"",2021-05-12,0,0,0,0,0,0,0,0,0,0,0,0,""
2021-05-13,2,66,161,96,96,65,46,34,27,13,106,0,712,"",2021-05-13,0,0,0,0,0,0,0,0,0,0,0,0,""
2021-05-14,10,58,132,64,69,54,43,22,19,5,117,0,593,"",2021-05-14,0,0,0,0,0,0,0,0,0,0,0,0,""
2021-05-15,4,60,126,73,67,57,34,28,19,9,89,0,566,"",2021-05-15,0,0,0,0,0,0,0,0,0,0,0,0,""
2021-05-16,4,44,102,53,60,49,34,32,12,7,94,0,491,"",2021-05-16,0,0,0,0,0,0,0,0,0,0,0,0,""
2021-05-17,9,42,59,54,46,28,24,18,16,4,72,0,372,"",2021-05-17,0,0,0,0,0,0,0,0,0,0,0,0,""
2021-05-18,2,43,107,67,68,66,46,24,17,5,87,1,532,"",2021-05-18,0,0,0,0,0,0,0,0,0,0,0,0,""
2021-05-19,5,43,106,67,85,75,44,28,22,6,123,0,604,"",2021-05-19,0,0,0,0,0,0,0,0,0,0,0,0,""
2021-05-20,5,42,118,97,74,75,39,37,24,12,158,0,681,"",2021-05-20,0,0,0,0,0,0,0,0,0,0,0,0,""
2021-05-21,9,39,130,86,80,75,59,32,30,12,175,0,727,"",2021-05-21,0,0,0,0,0,0,0,0,0,0,0,0,""
2021-05-22,17,50,114,71,76,66,45,39,30,10,140,0,658,"",2021-05-22,0,0,0,0,0,0,0,0,0,0,0,0,""
2021-05-23,12,42,97,65,69,68,37,35,29,21,130,0,605,"",2021-05-23,0,0,0,0,0,0,0,0,0,0,0,0,""
2021-05-24,7,29,48,34,29,34,22,29,25,10,99,0,366,"",2021-05-24,0,0,0,0,0,0,0,0,0,0,0,0,""
2021-05-25,23,34,76,45,69,45,34,30,18,4,81,0,459,"",2021-05-25,0,0,0,0,0,0,0,0,0,0,0,0,""
2021-05-26,4,26,87,74,64,61,53,36,19,13,114,0,551,"",2021-05-26,0,0,0,0,0,0,0,0,0,0,0,0,""
2021-05-27,4,30,109,79,76,56,41,38,34,15,88,0,570,"",2021-05-27,0,0,0,0,0,0,0,0,0,0,0,0,""
2021-05-28,3,18,46,43,59,48,41,29,36,23,77,0,423,"",2021-05-28,0,0,0,0,0,0,0,0,0,0,0,0,""
2021-05-29,6,19,69,65,41,45,39,35,33,17,73,0,442,"",2021-05-29,0,0,0,0,0,0,0,0,0,0,0,0,""
2021-05-30,4,10,39,35,28,38,26,23,27,9,49,0,288,"",2021-05-30,0,0,0,0,0,0,0,0,0,0,0,0,""
2021-05-31,3,16,48,41,38,25,30,15,10,10,43,0,279,"",2021-05-31,0,0,0,0,0,0,0,0,0,0,0,0,""
2021-06-01,1,18,30,27,29,32,28,16,15,7,51,0,254,"",2021-06-01,0,0,0,0,0,0,0,0,0,0,0,0,""
2021-06-02,11,16,42,45,49,31,22,30,20,2,49,0,317,"",2021-06-02,0,0,0,0,0,0,0,0,0,0,0,0,""
2021-06-03,6,11,51,38,42,19,30,23,23,9,48,0,300,"",2021-06-03,0,0,0,0,0,0,0,0,0,0,0,0,""
2021-06-04,5,6,23,22,24,21,23,19,19,2,39,0,203,"",2021-06-04,0,0,0,0,0,0,0,0,0,0,0,0,""
2021-06-05,6,11,34,17,33,26,22,26,32,18,51,0,276,"",2021-06-05,0,0,0,0,0,0,0,0,0,0,0,0,""
2021-06-06,3,9,29,12,23,19,29,18,7,2,32,0,183,"",2021-06-06,0,0,0,0,0,0,0,0,0,0,0,0,""
2021-06-07,1,11,21,14,20,16,14,10,10,5,25,0,147,"",2021-06-07,0,0,0,0,0,0,0,0,0,0,0,0,""
2021-06-08,0,8,15,17,16,13,10,6,5,4,26,0,120,"",2021-06-08,0,0,0,0,0,0,0,0,0,0,0,0,""
2021-06-09,0,3,31,23,15,23,15,14,15,8,32,0,179,"",2021-06-09,0,0,0,0,0,0,0,0,0,0,0,0,""
2021-06-10,2,9,23,21,17,21,20,19,12,14,24,0,182,"",2021-06-10,0,0,0,0,0,0,0,0,0,0,0,0,""
2021-06-11,1,3,23,18,12,16,9,14,15,3,31,0,145,"",2021-06-11,0,0,0,0,0,0,0,0,0,0,0,0,""
2021-06-12,0,4,24,11,15,14,12,11,3,3,28,0,125,"",2021-06-12,0,0,0,0,0,0,0,0,0,0,0,0,""
2021-06-13,3,6,5,13,9,16,9,5,4,0,12,0,82,"",2021-06-13,0,0,0,0,0,0,0,0,0,0,0,0,""
2021-06-14,7,2,9,13,4,9,6,7,4,2,11,0,74,"",2021-06-14,0,0,0,0,0,0,0,0,0,0,0,0,""
2021-06-15,1,4,9,13,8,8,6,5,5,5,23,0,87,"",2021-06-15,0,0,0,0,0,0,0,0,0,0,0,0,""
2021-06-16,1,3,13,11,18,6,9,8,2,1,16,0,88,"",2021-06-16,0,0,0,0,0,0,0,0,0,0,0,0,""
2021-06-17,0,6,5,8,7,10,8,4,2,3,20,0,73,"",2021-06-17,0,0,0,0,0,0,0,0,0,0,0,0,""
2021-06-18,1,0,15,8,12,2,5,14,5,5,9,0,76,"",2021-06-18,0,0,0,0,0,0,0,0,0,0,0,0,""
2021-06-19,0,1,11,14,6,8,6,4,9,1,13,0,73,"",2021-06-19,0,0,0,0,0,0,0,0,0,0,0,0,この日より前は集計データなし
2021-06-20,1,3,7,6,7,9,5,5,0,3,6,0,52,"",2021-06-20,1,1,2,1,0,3,0,2,0,0,0,10,道発表のデータはこの日以降入力済み
2021-06-21,1,2,8,3,2,6,3,5,1,0,6,0,37,"",2021-06-21,0,1,0,1,0,2,0,1,0,0,0,5,""
2021-06-22,0,0,7,1,1,5,4,1,0,0,10,0,29,"",2021-06-22,0,0,0,1,0,2,2,1,0,0,0,6,""
2021-06-23,1,6,9,11,2,5,3,3,1,1,7,0,49,"",2021-06-23,1,2,0,1,0,3,1,0,0,0,0,8,""
2021-06-24,0,3,5,5,1,2,5,2,1,1,1,0,26,"",2021-06-24,0,0,1,0,0,2,2,0,0,0,0,5,""
2021-06-25,0,3,5,2,3,1,5,3,3,1,7,0,33,"",2021-06-25,0,2,1,0,0,1,3,2,0,0,0,9,""
2021-06-26,1,7,9,7,5,3,3,2,1,0,9,0,47,"",2021-06-26,1,1,2,1,2,1,1,1,1,0,0,11,""
2021-06-27,0,1,11,4,3,1,3,2,1,0,2,0,28,"",2021-06-27,0,0,0,2,2,1,1,1,1,0,0,8,""
2021-06-28,0,7,7,3,0,2,1,2,0,0,5,0,27,"",2021-06-28,0,5,1,0,0,0,0,1,0,0,0,7,""
2021-06-29,0,3,8,3,2,1,0,0,2,1,3,0,23,"",2021-06-29,0,1,1,2,0,0,0,0,0,0,0,4,""
2021-06-30,0,4,5,8,5,2,1,2,3,1,7,0,38,"",2021-06-30,0,2,0,2,2,0,0,0,1,0,0,7,""
2021-07-01,0,1,15,4,8,3,0,0,1,2,5,0,39,"",2021-07-01,0,1,3,1,4,1,0,0,0,1,0,11,""
2021-07-02,0,4,3,5,2,2,3,0,0,0,7,0,26,"",2021-07-02,0,1,2,2,1,0,0,0,0,0,0,6,""
2021-07-03,0,6,4,1,4,4,1,3,2,0,5,0,30,"",2021-07-03,0,2,1,1,2,2,0,1,0,0,0,9,""
2021-07-04,0,8,7,6,6,1,4,2,2,1,2,0,39,"",2021-07-04,0,8,1,2,3,0,2,0,0,0,0,16,""
2021-07-05,0,3,6,5,5,1,3,0,1,0,5,0,29,"",2021-07-05,0,2,2,0,0,1,2,0,1,0,0,8,""
2021-07-06,1,5,3,8,3,4,2,0,1,1,6,0,34,"",2021-07-06,1,2,1,2,1,2,1,0,0,1,0,11,""
2021-07-07,2,12,6,11,9,9,4,1,1,0,12,0,67,"",2021-07-07,2,4,1,1,3,7,2,0,0,0,0,20,""
2021-07-08,0,3,13,10,7,7,4,3,0,0,15,0,62,"",2021-07-08,0,1,3,5,0,3,2,0,0,0,0,14,""
2021-07-09,0,1,11,5,7,9,5,2,1,0,9,0,50,"",2021-07-09,0,0,0,1,2,6,3,1,1,0,0,14,""
2021-07-10,2,3,21,6,8,8,4,2,1,0,9,0,64,"",2021-07-10,2,2,4,0,3,5,2,0,0,0,0,18,""
2021-07-11,1,12,7,1,6,6,7,1,0,0,15,0,56,"",2021-07-11,1,10,1,0,1,1,4,1,0,0,0,19,""
2021-07-12,1,0,14,5,6,6,3,2,1,0,9,0,47,"",2021-07-12,0,0,6,2,2,1,0,0,1,0,0,12,""
2021-07-13,0,3,17,11,5,3,4,0,1,0,16,0,60,"",2021-07-13,0,2,7,3,0,3,2,0,1,0,0,18,""
2021-07-14,0,7,19,10,10,6,4,1,1,0,17,0,75,"",2021-07-14,0,2,2,5,2,0,1,1,0,0,0,13,""
2021-07-15,0,1,23,13,5,6,6,1,0,0,30,0,85,"",2021-07-15,0,0,9,4,3,1,2,0,0,0,0,19,""
2021-07-16,0,4,17,11,7,10,6,1,0,1,16,0,73,"",2021-07-16,0,4,3,1,2,3,1,0,0,0,0,14,""
2021-07-17,1,7,26,19,16,5,4,6,1,0,26,0,111,"",2021-07-17,1,4,6,4,1,0,1,2,0,0,0,19,""
2021-07-18,2,3,26,19,16,12,4,2,2,0,21,0,107,"",2021-07-18,2,1,7,5,5,0,1,1,1,0,0,23,""
2021-07-19,0,3,27,8,6,11,2,1,1,0,11,0,70,"",2021-07-19,0,1,7,2,0,0,0,0,0,0,0,10,""
2021-07-20,2,8,27,18,15,8,3,2,1,0,20,0,104,"",2021-07-20,1,0,4,4,10,2,1,1,0,0,0,23,""
2021-07-21,0,10,34,16,19,5,3,2,2,0,27,0,118,"",2021-07-21,0,0,10,6,10,4,2,1,2,0,0,35,""
2021-07-22,1,10,39,17,23,15,7,2,1,0,25,0,140,"",2021-07-22,1,1,9,7,12,4,2,1,1,0,0,38,""
2021-07-23,1,10,14,10,13,7,4,0,0,0,20,0,79,"",2021-07-23,1,4,5,5,7,3,3,0,0,0,0,28,""
2021-07-24,3,7,42,19,11,15,3,0,0,0,18,0,118,"",2021-07-24,3,2,9,5,3,3,1,0,0,0,0,26,""
2021-07-25,0,5,29,23,13,12,2,0,1,0,28,0,113,"",2021-07-25,0,1,8,7,3,2,0,0,0,0,0,21,""
2021-07-26,0,15,27,16,19,20,6,2,0,0,32,0,137,"",2021-07-26,0,7,3,5,7,8,2,1,0,0,0,33,""
2021-07-27,4,7,34,15,20,13,6,3,0,1,35,0,138,"",2021-07-27,4,1,11,6,11,5,3,1,0,0,0,42,""
2021-07-28,4,31,63,21,31,26,8,2,2,0,39,0,227,"",2021-07-28,4,7,24,9,10,11,2,1,1,0,0,69,""
2021-07-29,1,29,82,43,32,20,9,1,0,0,43,0,260,"",2021-07-29,1,9,26,14,14,9,5,0,0,0,0,78,""
2021-07-30,7,27,77,29,38,23,7,0,1,0,41,0,250,"",2021-07-30,3,10,28,16,15,11,5,0,0,0,0,88,""
2021-07-31,2,23,109,38,31,16,11,3,1,0,50,0,284,"",2021-07-31,2,10,24,8,8,5,2,0,1,0,0,60,""
2021-08-01,3,26,80,38,36,22,11,2,4,0,45,0,267,"",2021-08-01,3,13,17,11,16,12,6,2,3,0,0,83,""
2021-08-02,8,13,56,40,24,24,4,2,1,0,45,0,217,"",2021-08-02,7,5,6,12,7,8,3,0,0,0,0,48,""
2021-08-03,2,16,50,30,29,23,6,6,0,0,49,0,211,"",2021-08-03,2,5,16,13,14,4,4,4,0,0,0,62,""
2021-08-04,3,26,92,54,46,40,11,1,1,0,92,0,366,"",2021-08-04,2,9,30,17,17,14,6,0,1,0,0,96,""
2021-08-05,7,17,112,55,45,35,13,4,2,1,51,0,342,"",2021-08-05,7,11,35,9,13,11,4,2,0,0,0,92,""
2021-08-06,5,28,68,55,30,35,16,6,2,0,38,0,283,"",2021-08-06,4,13,21,16,15,9,9,3,0,0,0,90,""
2021-08-07,6,37,98,52,44,33,14,2,5,1,55,0,347,"",2021-08-07,6,17,17,8,11,16,3,0,1,0,0,79,""
2021-08-08,5,43,71,39,44,34,16,3,1,0,52,0,308,"",2021-08-08,4,20,22,12,16,12,5,1,0,0,0,92,""
2021-08-09,5,41,66,43,32,30,12,7,4,3,67,0,310,"",2021-08-09,4,21,12,9,11,6,5,1,0,0,0,69,""
2021-08-10,4,75,59,43,45,23,15,6,2,0,75,0,347,"",2021-08-10,4,37,11,11,10,2,2,1,2,0,0,80,""
2021-08-11,3,47,72,48,41,40,14,3,6,1,76,0,351,"",2021-08-11,3,29,18,14,14,15,5,0,2,0,0,100,""
2021-08-12,14,74,103,63,62,55,13,5,2,1,88,0,480,"",2021-08-12,13,50,32,19,26,20,5,0,0,0,0,165,""
2021-08-13,4,59,102,75,56,46,14,3,4,0,91,0,454,"",2021-08-13,4,43,28,23,17,20,9,2,3,0,0,149,""
2021-08-14,7,43,118,73,75,35,17,8,5,1,97,0,479,"",2021-08-14,5,25,26,18,18,13,7,4,1,0,0,117,""
2021-08-15,11,46,71,56,55,35,12,5,3,0,72,0,366,"",2021-08-15,10,23,21,18,23,11,7,3,1,0,0,117,""
2021-08-16,11,37,89,39,55,17,14,12,6,2,75,0,357,"",2021-08-16,8,21,18,5,16,7,4,8,0,1,0,88,""
2021-08-17,27,38,95,62,45,28,12,4,5,2,92,0,410,"",2021-08-17,26,18,28,28,15,11,6,4,2,1,0,139,""
2021-08-18,14,73,140,80,78,59,20,4,6,1,120,0,595,"",2021-08-18,13,50,47,24,27,25,8,1,3,0,0,198,""
2021-08-19,10,59,155,79,69,52,15,7,6,4,119,0,575,"",2021-08-19,10,32,55,26,20,19,2,2,5,1,0,172,""
2021-08-20,15,60,113,73,66,44,25,16,8,2,101,0,523,"",2021-08-20,15,36,41,20,29,11,9,4,1,0,0,166,""
2021-08-21,10,58,139,92,95,47,19,8,3,1,107,0,579,"",2021-08-21,10,27,43,24,37,19,7,5,2,0,0,174,""
2021-08-22,15,50,114,71,87,51,28,9,3,1,100,0,529,"",2021-08-22,15,29,44,23,25,18,7,3,0,1,0,165,""
2021-08-23,12,44,90,62,60,47,8,5,2,1,89,0,420,"",2021-08-23,10,20,21,14,18,16,3,3,1,0,0,106,""
2021-08-24,14,47,95,66,51,41,16,5,5,0,86,0,426,"",2021-08-24,11,23,31,19,17,15,5,1,1,0,0,123,""
2021-08-25,18,58,117,73,80,52,19,8,4,1,138,0,568,"",2021-08-25,15,33,37,18,32,19,8,2,4,0,0,168,""
2021-08-26,8,48,94,76,71,51,17,9,2,0,128,0,504,"",2021-08-26,8,21,26,18,18,22,5,5,2,0,0,125,""
2021-08-27,7,46,88,52,54,31,19,4,3,1,77,0,382,"",2021-08-27,3,28,37,17,20,12,9,1,2,0,0,129,""
2021-08-28,6,43,103,75,53,41,18,8,4,0,106,0,457,"",2021-08-28,4,21,26,19,9,15,3,1,2,0,0,100,""
2021-08-29,10,37,64,57,59,26,22,9,8,0,67,0,359,"",2021-08-29,6,23,27,16,18,8,6,3,3,0,0,110,""
2021-08-30,10,24,58,33,38,26,6,5,0,0,66,0,266,"",2021-08-30,5,13,23,8,15,8,2,4,0,0,0,78,""
2021-08-31,6,35,54,41,44,24,16,5,3,1,76,0,305,"",2021-08-31,5,21,18,13,19,10,7,1,1,0,0,95,""
2021-09-01,6,31,56,55,61,40,10,4,4,4,80,0,351,"",2021-09-01,4,16,16,20,23,21,6,1,3,0,0,110,""
2021-09-02,5,26,66,45,44,36,15,4,2,2,69,0,314,"",2021-09-02,3,13,20,8,16,12,5,1,2,0,0,80,""
2021-09-03,12,25,37,37,51,18,13,3,3,2,50,0,251,"",2021-09-03,6,10,8,3,15,6,3,1,1,0,0,53,""
2021-09-04,7,23,37,27,40,21,5,5,8,1,50,0,224,"",2021-09-04,5,14,10,10,14,3,1,4,3,1,0,65,""
2021-09-05,7,27,34,28,28,16,5,7,4,2,60,0,218,"",2021-09-05,6,15,7,4,3,4,1,4,0,0,0,44,""
2021-09-06,7,13,20,13,23,8,4,1,0,0,34,0,123,"",2021-09-06,4,5,5,1,3,3,1,1,0,0,0,23,""
2021-09-07,4,18,21,21,13,6,7,1,0,0,46,0,137,"",2021-09-07,4,9,8,6,6,3,3,1,0,0,0,40,""
2021-09-08,5,18,40,25,17,22,4,3,2,1,43,0,180,"",2021-09-08,3,13,12,6,6,8,1,1,1,0,0,51,""
2021-09-09,2,11,26,30,15,13,9,2,2,0,34,0,144,"",2021-09-09,2,4,8,10,3,7,3,1,0,0,0,38,""
2021-09-10,10,8,15,21,17,9,4,2,1,0,30,0,117,"",2021-09-10,8,4,6,5,8,1,1,1,0,0,0,34,""
2021-09-11,11,13,28,21,23,14,3,4,3,1,35,0,156,"",2021-09-11,9,8,7,6,5,4,1,0,1,0,0,41,""
2021-09-12,4,9,24,18,17,10,1,2,5,1,25,0,116,"",2021-09-12,2,3,8,5,5,3,1,2,0,0,0,29,""
2021-09-13,1,2,10,7,10,2,1,3,0,0,19,0,55,"",2021-09-13,0,1,0,1,1,0,0,0,0,0,0,3,""
2021-09-14,3,4,11,11,12,10,1,0,3,2,34,0,91,"",2021-09-14,3,0,7,4,3,0,1,0,0,0,0,18,""
2021-09-15,2,8,24,15,8,8,3,3,0,0,39,0,110,"",2021-09-15,2,1,6,3,0,4,2,0,0,0,0,18,""
2021-09-16,1,8,14,15,12,10,5,3,0,1,25,0,94,"",2021-09-16,1,0,5,2,2,3,0,1,0,0,0,14,""
2021-09-17,1,12,14,13,9,4,7,1,0,0,23,0,84,"",2021-09-17,1,3,2,2,3,2,3,0,0,0,0,16,""
2021-09-18,1,8,17,7,3,10,2,2,0,1,26,0,77,"",2021-09-18,1,4,3,0,1,3,1,0,0,0,0,13,""
2021-09-19,5,9,8,13,11,7,2,2,2,0,16,0,75,"",2021-09-19,2,0,1,0,4,1,0,1,0,0,0,9,""
2021-09-20,4,7,13,4,12,4,1,0,2,0,3,0,50,"",2021-09-20,2,0,3,0,2,1,0,0,0,0,0,8,""
2021-09-21,1,5,5,7,6,5,0,0,0,0,7,0,36,"",2021-09-21,1,0,1,2,0,1,0,0,0,0,0,5,""
2021-09-22,5,3,10,14,7,4,4,0,0,0,9,0,56,"",2021-09-22,3,1,1,3,1,0,0,0,0,0,0,9,""
2021-09-23,9,10,9,14,9,9,4,3,0,0,9,0,76,"",2021-09-23,9,3,5,4,2,2,1,0,0,0,0,26,""
2021-09-24,4,5,11,14,7,3,4,1,0,0,14,0,63,"",2021-09-24,2,2,2,6,2,1,2,0,0,0,0,17,""
2021-09-25,2,5,15,6,12,6,3,1,0,0,13,0,63,"",2021-09-25,1,1,2,1,2,2,0,0,0,0,0,9,""
2021-09-26,1,4,15,12,6,7,1,0,1,0,7,0,54,"",2021-09-26,0,1,3,1,1,3,1,0,0,0,0,10,""
2021-09-27,2,2,2,3,4,2,0,1,0,0,3,0,19,"",2021-09-27,1,2,1,1,1,1,0,1,0,0,0,8,""
2021-09-28,6,1,2,5,4,1,0,0,0,0,7,0,26,"",2021-09-28,1,0,0,1,2,1,0,0,0,0,0,5,""
2021-09-29,0,3,6,4,7,4,1,8,0,0,12,0,45,"",2021-09-29,0,1,1,0,3,0,0,0,0,0,0,5,""
2021-09-30,2,5,4,4,1,2,0,1,0,0,7,0,26,"",2021-09-30,0,1,1,0,1,0,0,0,0,0,0,3,""
2021-10-01,1,4,2,4,4,2,6,4,1,0,4,0,32,"",2021-10-01,0,1,0,1,1,1,1,0,0,0,0,5,""
2021-10-02,5,3,2,2,4,4,2,0,0,0,3,0,25,"",2021-10-02,1,0,1,1,0,0,1,0,0,0,0,4,""
2021-10-03,0,1,2,0,0,2,1,0,0,0,3,0,9,"",2021-10-03,0,0,1,0,0,0,0,0,0,0,0,1,""
2021-10-04,0,0,0,1,0,1,1,1,0,0,1,0,5,"",2021-10-04,0,0,0,0,0,0,0,0,0,0,0,0,""
2021-10-05,0,0,5,1,3,1,1,1,0,0,8,0,20,"",2021-10-05,0,0,1,0,1,0,0,0,0,0,0,2,""
2021-10-06,1,0,5,1,2,0,2,2,0,0,3,0,16,"",2021-10-06,0,0,0,0,1,0,0,0,0,0,0,1,""
2021-10-07,2,1,5,0,3,2,0,1,0,0,0,0,14,"",2021-10-07,2,0,0,0,2,0,0,0,0,0,0,4,""
2021-10-08,0,1,6,2,3,3,0,1,1,0,4,0,21,"",2021-10-08,0,0,2,0,0,0,0,0,0,0,0,2,""
2021-10-09,3,1,5,2,3,3,0,0,0,0,7,0,24,"",2021-10-09,1,0,0,0,1,0,0,0,0,0,0,2,""
2021-10-10,0,0,3,5,4,3,1,0,0,0,1,0,17,"",2021-10-10,0,0,0,0,0,0,0,0,0,0,0,0,""
2021-10-11,4,0,5,2,1,0,0,1,0,0,3,0,16,"",2021-10-11,0,0,0,0,0,0,0,0,0,0,0,0,""
2021-10-12,1,3,3,1,3,0,1,0,0,0,4,0,16,"",2021-10-12,0,0,0,0,1,0,1,0,0,0,0,2,""
2021-10-13,2,1,5,3,1,0,1,0,1,1,6,0,21,"",2021-10-13,0,0,0,1,0,0,0,0,0,1,0,2,""
2021-10-14,0,3,8,2,7,3,4,2,2,4,10,0,45,"",2021-10-14,0,1,0,1,4,0,2,2,2,4,0,16,""
2021-10-15,1,1,4,8,2,0,1,0,1,0,9,0,27,"",2021-10-15,1,0,0,2,0,0,0,0,0,0,0,3,""
2021-10-16,1,0,5,6,0,1,0,3,2,0,6,0,24,"",2021-10-16,1,0,2,1,0,0,0,0,1,0,0,5,""
2021-10-17,0,1,3,1,6,1,0,3,5,7,11,0,38,"",2021-10-17,0,0,1,0,1,1,0,3,5,7,0,18,""
2021-10-18,1,0,1,1,2,1,0,1,2,1,1,0,11,"",2021-10-18,0,0,0,0,0,0,0,0,0,0,0,0,""
2021-10-19,1,0,1,4,2,1,0,0,0,0,3,0,12,"",2021-10-19,0,0,0,1,0,1,0,0,0,0,0,2,""
2021-10-20,1,1,0,2,1,1,0,1,4,2,1,0,14,"",2021-10-20,0,1,0,0,0,0,0,1,3,1,0,6,""
2021-10-21,1,0,1,1,1,2,0,1,0,0,4,0,11,"",2021-10-21,0,0,1,1,0,0,0,0,0,0,0,2,""
2021-10-22,1,2,0,3,2,2,0,1,0,0,4,0,15,"",2021-10-22,0,0,0,0,0,0,0,0,0,0,0,0,""
2021-10-23,0,0,0,1,1,1,1,0,0,0,1,0,5,"",2021-10-23,0,0,0,1,0,0,0,0,0,0,0,1,""
2021-10-24,0,1,2,1,1,1,0,0,4,0,8,0,18,"",2021-10-24,0,0,0,0,0,1,0,0,3,0,0,4,""
2021-10-25,0,0,0,0,0,1,0,0,0,0,0,0,1,"",2021-10-25,0,0,0,0,0,0,0,0,0,0,0,0,""
2021-10-26,0,0,1,3,2,1,0,0,0,0,6,0,13,"",2021-10-26,0,0,0,1,0,0,0,0,0,0,0,1,""
2021-10-27,0,0,3,1,2,0,0,0,0,0,3,0,9,"",2021-10-27,0,0,0,0,0,0,0,0,0,0,0,0,""
2021-10-28,0,0,0,1,2,1,0,1,0,0,0,0,5,"",2021-10-28,0,0,0,0,0,0,0,0,0,0,0,0,""
2021-10-29,0,0,3,0,0,0,0,0,0,0,5,0,8,"",2021-10-29,0,0,0,0,0,0,0,0,0,0,0,0,""
2021-10-30,0,0,3,0,3,0,0,0,0,0,2,0,8,"",2021-10-30,0,0,1,0,0,0,0,0,0,0,0,1,""
2021-10-31,0,1,0,2,3,1,0,0,0,0,4,0,11,"",2021-10-31,0,0,0,0,0,1,0,0,0,0,0,1,""
2021-11-01,0,0,1,2,0,0,0,0,0,0,0,0,3,"",2021-11-01,0,0,0,0,0,0,0,0,0,0,0,0,""
2021-11-02,2,1,2,2,1,1,0,0,0,0,5,0,14,"",2021-11-02,0,0,0,0,0,0,0,0,0,0,0,0,""
2021-11-03,2,1,2,2,0,0,0,0,0,0,6,0,13,"",2021-11-03,0,0,0,0,0,0,0,0,0,0,0,0,""
2021-11-04,1,0,0,1,1,0,0,0,0,0,1,0,4,"",2021-11-04,0,0,0,0,0,0,0,0,0,0,0,0,""
2021-11-05,0,0,1,2,3,1,0,0,0,0,6,0,13,"",2021-11-05,0,0,0,0,0,0,0,0,0,0,0,0,""
2021-11-06,0,0,2,3,2,1,0,0,0,0,5,0,13,"",2021-11-06,0,0,0,1,1,0,0,0,0,0,0,2,""
2021-11-07,1,1,1,1,1,1,0,0,1,0,3,0,10,"",2021-11-07,0,0,0,0,1,0,0,0,0,0,0,1,""
2021-11-08,0,0,2,0,3,0,0,0,0,0,1,0,6,"",2021-11-08,0,0,0,0,0,0,0,0,0,0,0,0,""
2021-11-09,0,1,2,0,3,1,0,0,1,0,5,0,13,"",2021-11-09,0,0,0,0,0,0,0,0,0,0,0,0,""
2021-11-10,1,0,0,1,0,0,0,0,0,0,6,0,8,"",2021-11-10,0,0,0,1,0,0,0,0,0,0,0,1,""
2021-11-11,0,1,1,1,2,1,0,0,0,0,2,0,8,"",2021-11-11,0,0,0,0,1,0,0,0,0,0,0,1,""
2021-11-12,0,0,5,1,5,0,1,2,0,0,8,0,22,"",2021-11-12,0,0,0,1,0,0,0,0,0,0,0,1,""
2021-11-13,0,1,3,2,2,2,0,0,0,0,9,0,19,"",2021-11-13,0,0,0,0,0,0,0,0,0,0,0,0,""
2021-11-14,1,0,3,2,1,1,1,0,0,0,0,0,9,"",2021-11-14,0,0,1,1,0,0,0,0,0,0,0,2,""
2021-11-15,0,0,1,1,0,0,0,0,0,1,0,0,3,"",2021-11-15,0,0,0,0,0,0,0,0,0,0,0,0,""
2021-11-16,0,1,3,5,3,4,3,0,6,2,8,0,35,"",2021-11-16,0,1,1,2,1,1,0,0,0,0,0,6,""
2021-11-17,1,2,0,5,3,3,3,5,7,1,10,0,40,"",2021-11-17,0,0,0,1,0,0,0,0,0,0,0,1,""
2021-11-18,0,6,3,0,2,2,1,1,0,0,5,0,20,"",2021-11-18,0,0,3,0,0,0,0,0,0,0,0,3,""
2021-11-19,1,1,2,2,2,1,0,1,0,1,6,0,17,"",2021-11-19,0,1,0,0,0,0,0,0,0,0,0,1,""
2021-11-20,0,0,0,3,1,0,1,2,0,1,4,0,12,"",2021-11-20,0,0,0,0,0,0,0,0,0,0,0,0,""
2021-11-21,0,1,1,1,7,3,2,0,2,2,6,0,25,"",2021-11-21,0,0,0,0,1,0,0,0,0,0,0,1,""
2021-11-22,0,1,1,0,1,2,0,0,0,0,1,0,6,"",2021-11-22,0,0,0,0,0,1,0,0,0,0,0,1,""
2021-11-23,0,2,3,0,0,2,2,1,0,0,4,0,14,"",2021-11-23,0,1,1,0,0,0,0,0,0,0,0,2,""
2021-11-24,0,0,2,1,1,0,0,0,2,0,4,0,10,"",2021-11-24,0,0,0,0,1,0,0,0,0,0,0,1,""
2021-11-25,0,0,1,2,0,1,0,2,1,2,3,0,12,"",2021-11-25,0,0,0,1,0,1,0,0,0,0,0,2,""
2021-11-26,0,0,3,2,1,1,3,1,1,0,6,0,18,"",2021-11-26,0,0,2,1,0,0,0,0,0,0,0,3,""
2021-11-27,0,1,2,1,1,0,0,2,0,0,4,0,11,"",2021-11-27,0,0,0,0,0,0,0,0,0,0,0,0,""
2021-11-28,0,0,1,1,2,1,0,0,0,0,3,0,8,"",2021-11-28,0,0,0,0,0,0,0,0,0,0,0,0,""
2021-11-29,0,0,0,2,0,0,1,1,1,0,1,0,6,"",2021-11-29,0,0,0,0,0,0,0,0,0,0,0,0,""
2021-11-30,0,0,1,1,0,0,1,0,1,0,4,0,8,"",2021-11-30,0,0,0,1,0,0,0,0,1,0,0,2,""
2021-12-01,0,0,0,1,1,0,0,1,0,0,1,0,4,"",2021-12-01,0,0,0,0,0,0,0,0,0,0,0,0,""
2021-12-02,0,0,1,0,0,0,0,0,1,0,2,0,4,"",2021-12-02,0,0,0,0,0,0,0,0,0,0,0,0,""
2021-12-03,0,0,0,1,0,0,1,0,0,0,1,0,3,"",2021-12-03,0,0,0,0,0,0,0,0,0,0,0,0,""
2021-12-04,1,1,1,1,0,2,0,1,1,0,2,0,10,"",2021-12-04,1,0,1,1,0,1,0,0,1,0,0,5,""
2021-12-05,0,0,1,3,0,1,0,0,0,0,0,0,5,"",2021-12-05,0,0,1,3,0,1,0,0,0,0,0,5,""
2021-12-06,0,0,0,0,0,0,0,0,0,0,2,0,2,"",2021-12-06,0,0,0,0,0,0,0,0,0,0,0,0,""
2021-12-07,0,0,0,0,1,0,1,0,0,0,0,0,2,"",2021-12-07,0,0,0,0,0,0,0,0,0,0,0,0,""
2021-12-08,0,0,0,2,0,0,0,0,0,0,0,0,2,"",2021-12-08,0,0,0,1,0,0,0,0,0,0,0,1,""
2021-12-09,0,0,3,0,2,0,1,1,0,0,0,0,7,"",2021-12-09,0,0,3,0,0,0,1,0,0,0,0,4,""
2021-12-10,1,0,0,0,0,0,0,1,0,0,1,0,3,"",2021-12-10,1,0,0,0,0,0,0,0,0,0,0,1,""
2021-12-11,0,0,0,2,0,1,0,0,0,0,2,0,5,"",2021-12-11,0,0,0,0,0,1,0,0,0,0,0,1,""
2021-12-12,0,0,0,0,0,0,0,0,0,0,3,0,3,"",2021-12-12,0,0,0,0,0,0,0,0,0,0,0,0,""
2021-12-13,0,0,0,1,0,0,0,0,0,0,0,0,1,"",2021-12-13,0,0,0,0,0,0,0,0,0,0,0,0,""
2021-12-14,0,0,0,2,0,0,0,0,0,0,2,0,4,"",2021-12-14,0,0,0,1,0,0,0,0,0,0,0,1,""
2021-12-15,0,0,3,1,0,0,0,0,0,0,2,0,6,"",2021-12-15,0,0,2,1,0,0,0,0,0,0,0,3,""
2021-12-16,1,2,3,1,2,1,0,0,0,1,1,0,12,"",2021-12-16,1,1,0,1,1,1,0,0,0,1,0,6,""
2021-12-17,0,0,1,0,1,0,0,0,0,0,1,0,3,"",2021-12-17,0,0,0,0,1,0,0,0,0,0,0,1,""
2021-12-18,0,0,6,1,0,1,1,0,3,0,2,0,14,"",2021-12-18,0,0,0,1,0,1,0,0,0,0,0,2,""
2021-12-19,0,1,2,0,1,0,0,1,3,0,4,0,12,"",2021-12-19,0,0,1,0,0,0,0,1,1,0,0,3,""
2021-12-20,1,0,1,5,0,1,1,1,1,1,2,0,14,"",2021-12-20,0,0,1,3,0,0,0,0,0,0,0,4,""
2021-12-21,0,2,4,3,0,1,0,0,3,0,2,0,15,"",2021-12-21,0,0,2,1,0,1,0,0,0,0,0,4,""
2021-12-22,0,0,7,7,2,2,1,3,4,2,1,0,29,"",2021-12-22,0,0,0,0,0,0,0,0,2,0,0,2,""
2021-12-23,1,0,5,9,3,3,0,1,0,0,4,0,26,"",2021-12-23,0,0,1,2,0,0,0,0,0,0,0,3,""
2021-12-24,0,0,2,2,0,2,2,1,1,0,2,0,12,"",2021-12-24,0,0,2,0,0,1,0,0,0,0,0,3,""
2021-12-25,0,0,2,0,2,1,4,3,4,2,4,0,22,"",2021-12-25,0,0,0,0,0,1,0,1,0,0,0,2,""
2021-12-26,0,1,5,1,3,2,0,1,2,1,6,0,22,"",2021-12-26,0,1,1,0,1,0,0,0,0,0,0,3,""
2021-12-27,0,0,3,3,0,1,0,0,2,0,2,0,11,"",2021-12-27,0,0,0,0,0,0,0,0,0,0,0,0,""
2021-12-28,0,1,1,4,2,1,1,0,0,0,10,0,20,"",2021-12-28,0,1,0,0,1,0,0,0,0,0,0,2,""
2021-12-29,3,5,2,6,4,0,0,2,0,0,4,0,26,"",2021-12-29,2,1,0,1,0,0,0,1,0,0,0,5,""
2021-12-30,4,4,4,4,0,0,3,0,0,1,12,0,32,"",2021-12-30,0,1,0,3,0,0,2,0,0,0,0,6,""
2021-12-31,1,0,5,3,2,0,2,4,0,0,4,0,21,"",2021-12-31,1,0,3,1,0,0,1,2,0,0,0,8,""
2022-01-01,0,0,1,5,1,3,0,2,2,1,8,0,23,"",2022-01-01,0,0,0,1,1,2,0,1,1,0,0,6,""
2022-01-02,1,0,4,2,1,0,0,1,0,1,6,0,16,"",2022-01-02,0,0,3,0,0,0,0,1,0,0,0,4,""
2022-01-03,1,0,2,1,1,0,1,0,2,1,1,0,10,"",2022-01-03,0,0,0,1,0,0,1,0,1,0,0,3,""
2022-01-04,3,2,1,6,4,2,3,1,0,0,4,0,26,"",2022-01-04,3,2,1,3,3,2,2,0,0,0,0,16,""
2022-01-05,0,0,5,8,5,5,1,0,1,0,9,0,34,"",2022-01-05,0,0,1,4,2,1,0,0,0,0,0,8,""
2022-01-06,1,5,15,11,13,8,7,4,1,2,7,0,74,"",2022-01-06,0,2,10,7,8,5,6,2,0,1,0,41,""
2022-01-07,4,6,19,16,12,7,9,7,2,2,10,0,94,"",2022-01-07,1,1,14,7,5,3,5,5,2,1,0,44,""
2022-01-08,7,5,41,9,17,17,12,9,3,2,10,0,132,"",2022-01-08,5,3,26,4,9,6,7,5,2,1,0,68,""
2022-01-09,8,6,36,14,13,10,11,6,5,0,8,0,117,"",2022-01-09,5,2,22,8,4,9,9,3,3,0,0,65,""
2022-01-10,8,9,26,14,10,9,5,6,4,1,14,0,106,"",2022-01-10,6,4,14,8,3,4,2,3,3,0,0,47,""
2022-01-11,10,11,29,12,19,10,9,8,0,0,9,0,117,"",2022-01-11,5,5,14,4,9,7,2,5,0,0,0,51,""
2022-01-12,6,27,63,23,19,21,8,9,6,1,14,0,197,"",2022-01-12,4,15,32,14,13,15,4,6,4,0,0,107,""
2022-01-13,16,49,138,32,27,15,12,8,3,1,27,0,328,"",2022-01-13,8,28,70,19,14,7,9,5,0,0,0,160,""
2022-01-14,19,67,186,41,31,44,13,10,5,0,51,0,467,"",2022-01-14,15,27,94,16,19,24,12,5,3,0,0,215,""
2022-01-15,18,96,353,60,44,37,23,14,5,1,44,0,695,"",2022-01-15,13,46,110,32,22,25,11,11,4,1,0,275,""
2022-01-16,30,100,302,67,62,38,23,11,5,3,51,0,692,"",2022-01-16,16,44,122,34,40,24,16,6,4,2,0,308,""
2022-01-17,30,104,263,60,60,37,22,16,10,3,38,0,643,"",2022-01-17,12,33,81,22,28,15,15,9,9,3,0,227,""
2022-01-18,49,105,232,65,65,63,36,21,6,4,52,0,698,"",2022-01-18,36,49,92,32,38,31,21,16,3,3,0,321,""
2022-01-19,122,169,349,139,161,107,39,16,12,5,51,0,1170,"",2022-01-19,64,57,87,46,65,50,16,11,7,3,0,406,""
2022-01-20,95,221,448,199,149,127,57,38,28,20,55,0,1437,"",2022-01-20,50,83,111,76,66,60,32,17,11,9,0,515,""
2022-01-21,158,248,453,229,209,134,68,40,22,10,73,0,1644,"",2022-01-21,70,82,138,88,81,62,39,20,11,2,0,593,""
2022-01-22,161,215,451,241,192,137,78,35,35,21,39,0,1605,"",2022-01-22,86,73,130,103,84,51,29,15,17,9,0,597,""
2022-01-23,203,278,372,235,174,133,63,53,23,13,44,0,1591,"",2022-01-23,83,99,99,83,81,57,30,32,12,10,0,586,""
2022-01-24,185,284,315,202,231,154,66,38,45,39,30,0,1589,"",2022-01-24,79,133,88,78,88,63,36,16,19,22,0,622,""
2022-01-25,220,280,274,208,202,117,65,46,43,21,59,0,1535,2022-03-04修正済（50歳代1名減）,2022-01-25,124,162,101,88,108,60,32,27,16,10,0,728,2022-03-04修正済（50歳代1名減）
2022-01-26,259,403,368,284,322,171,85,50,33,23,93,0,2091,"",2022-01-26,107,193,140,115,140,68,44,21,18,15,0,861,""
2022-01-27,372,514,510,413,388,258,137,84,74,29,77,0,2856,"",2022-01-27,139,230,137,121,99,91,53,31,23,5,0,929,""
2022-01-28,361,480,476,451,412,265,128,78,51,29,44,0,2775,"",2022-01-28,140,197,163,151,147,110,53,33,31,25,0,1050,""
2022-01-29,439,518,525,472,461,253,124,95,56,13,46,0,3002,"",2022-01-29,175,209,151,153,166,97,46,32,22,2,0,1053,""
2022-01-30,417,509,388,457,452,240,118,85,47,25,44,0,2782,"",2022-01-30,124,154,93,117,154,93,41,34,18,8,0,836,""
2022-01-31,393,413,302,335,304,182,95,85,60,31,66,0,2266,"",2022-01-31,138,176,110,132,134,98,42,44,34,25,0,933,""
2022-02-01,511,481,347,384,391,209,113,87,63,25,49,0,2660,"",2022-02-01,141,191,97,119,127,69,40,37,26,11,0,858,""
2022-02-02,715,670,403,539,535,243,180,113,83,46,60,0,3587,"",2022-02-02,228,275,140,183,204,104,75,50,53,26,0,1338,""
2022-02-03,673,636,511,601,609,284,178,124,77,28,67,0,3788,"",2022-02-03,203,207,141,161,187,94,62,46,29,8,0,1138,""
2022-02-04,574,597,492,567,579,283,171,118,79,27,56,0,3543,"",2022-02-04,195,207,139,191,200,123,64,39,28,12,0,1198,""
2022-02-05,692,643,475,717,631,319,197,142,105,62,63,0,4046,"",2022-02-05,215,232,147,206,161,98,58,56,43,23,0,1239,""
2022-02-06,576,586,403,519,606,274,168,132,94,48,58,0,3464,"",2022-02-06,200,217,121,167,216,96,53,54,42,15,0,1181,""
2022-02-07,497,459,278,414,413,221,136,97,84,51,37,0,2687,"",2022-02-07,200,172,110,152,153,92,57,38,25,10,0,1009,""
2022-02-08,513,473,320,437,477,219,154,100,66,41,78,0,2878,2022-03-04修正済（20歳代1名減）,2022-02-08,223,229,138,159,164,77,68,32,18,14,0,1122,2022-03-04修正済（20歳代1名減）
2022-02-09,698,647,330,528,541,300,202,151,103,47,59,0,3606,"",2022-02-09,264,236,133,189,217,131,95,66,40,24,0,1395,""
2022-02-10,746,685,474,633,623,328,221,149,99,58,81,0,4097,2022-02-28修正済（40歳代+1、50歳代-1）,2022-02-10,278,280,158,229,220,113,72,62,46,25,0,1483,2022-02-28修正済（40歳代+1、50歳代-1）
2022-02-11,600,618,399,574,570,281,195,163,131,82,70,0,3683,"",2022-02-11,223,240,131,226,239,100,76,63,54,32,0,1384,""
2022-02-12,526,493,360,495,509,274,204,154,134,67,64,0,3280,"",2022-02-12,229,209,138,171,196,96,100,81,51,24,0,1295,""
2022-02-13,416,405,279,427,411,230,174,123,135,55,37,0,2692,"",2022-02-13,156,178,117,162,164,100,84,65,71,29,0,1126,""
2022-02-14,422,344,178,319,373,162,123,114,103,56,58,0,2252,"",2022-02-14,149,152,65,113,151,57,65,49,37,19,0,857,""
2022-02-15,371,332,238,322,373,183,129,113,91,36,94,0,2282,"",2022-02-15,160,139,101,113,143,81,57,48,26,8,0,876,""
2022-02-16,466,422,292,415,455,216,171,156,99,58,65,0,2815,"",2022-02-16,189,145,117,165,177,77,72,56,36,21,0,1055,""
2022-02-17,591,527,415,582,537,314,218,138,155,85,66,0,3628,"",2022-02-17,193,172,144,168,163,92,94,59,61,34,0,1180,""
2022-02-18,371,344,305,426,393,226,163,151,130,89,58,0,2656,"",2022-02-18,143,130,102,137,152,83,60,60,60,51,0,978,""
2022-02-19,424,401,319,411,417,241,184,157,117,69,57,0,2797,"",2022-02-19,179,147,122,152,143,94,66,55,39,16,0,1013,""
2022-02-20,397,315,302,320,315,192,143,108,109,55,77,0,2333,旭川市修正発表の修正済み（60歳代1名減）,2022-02-20,134,122,122,116,121,71,53,38,29,19,0,825,""
2022-02-21,331,327,193,231,304,129,105,106,95,63,40,0,1924,"",2022-02-21,127,122,80,83,111,49,40,43,56,31,0,742,""
2022-02-22,454,300,192,234,279,146,113,110,92,51,69,0,2040,2022-03-04修正済（30歳代1名減）,2022-02-22,143,113,79,95,96,66,45,43,37,21,0,738,2022-03-04修正済（30歳代1名減）
2022-02-23,465,339,273,316,345,176,130,112,104,60,73,0,2393,"",2022-02-23,169,140,112,116,134,66,47,43,49,26,0,902,""
2022-02-24,498,397,264,398,355,244,131,125,99,69,41,0,2621,"",2022-02-24,197,153,83,148,138,83,58,36,49,38,0,983,""
2022-02-25,373,275,172,300,275,138,110,71,79,59,77,0,1929,2022-02-26修正済（60歳代1名減）,2022-02-25,194,143,84,146,143,69,56,37,37,20,0,929,2022-02-26修正済（60歳代1名減）
2022-02-26,497,343,246,379,419,184,121,94,86,54,45,0,2468,"",2022-02-26,170,123,80,124,138,75,52,40,30,21,0,853,""
2022-02-27,472,361,253,392,380,182,123,113,88,56,42,0,2462,2022-03-04修正済（10歳代1名減）,2022-02-27,180,139,87,131,133,59,36,39,20,11,0,835,2022-03-04修正済（10歳代1名減）
2022-02-28,296,260,160,251,251,118,74,76,56,34,27,0,1603,2022-03-04修正済（40歳代1名減、50歳代1名減）,2022-02-28,128,116,56,86,96,47,25,31,29,15,0,629,2022-03-04修正済（40歳代1名減、50歳代1名減）
2022-03-01,291,231,143,234,237,96,81,58,40,27,42,0,1480,"",2022-03-01,100,96,51,86,97,43,30,23,18,13,0,557,""
2022-03-02,452,364,251,333,300,180,118,74,55,37,68,0,2232,"",2022-03-02,137,150,77,129,90,65,42,26,14,10,0,740,""
2022-03-03,460,387,238,354,326,183,92,83,85,56,41,0,2305,"",2022-03-03,154,170,80,123,133,70,33,30,31,31,0,855,""
2022-03-04,337,245,211,277,270,126,100,92,76,54,59,0,1847,"",2022-03-04,121,122,83,102,101,49,45,24,12,15,0,674,""
2022-03-05,330,243,174,251,228,116,111,67,39,23,45,0,1627,"",2022-03-05,129,119,58,84,87,44,37,30,16,14,0,618,""
2022-03-06,371,295,204,261,249,125,85,60,66,55,32,0,1803,2022-03-08修正済（70歳代1名減）,2022-03-06,136,129,64,72,83,46,31,13,10,9,0,593,2022-03-08修正済（70歳代1名減）
2022-03-07,238,179,108,167,166,79,54,37,28,14,36,0,1106,"",2022-03-07,75,85,39,65,60,37,25,13,7,6,0,412,""
2022-03-08,329,223,130,177,162,83,51,47,39,15,73,0,1329,"",2022-03-08,156,98,45,62,66,28,24,12,19,5,0,515,""
2022-03-09,449,331,239,287,297,124,74,56,53,20,55,0,1985,"",2022-03-09,190,149,92,106,111,46,31,24,13,2,0,764,""
2022-03-10,376,357,231,328,318,147,99,45,48,28,48,0,2025,"",2022-03-10,142,156,73,128,127,62,39,15,19,13,0,774,""
2022-03-11,336,228,197,259,262,120,71,50,30,16,75,0,1644,"",2022-03-11,136,110,56,92,99,44,34,17,7,3,0,598,""
2022-03-12,357,296,195,259,256,126,69,50,40,15,38,0,1701,"",2022-03-12,149,133,79,98,104,54,25,21,8,4,0,675,""
2022-03-13,329,247,174,219,220,87,48,44,19,26,28,0,1441,"",2022-03-13,150,104,61,82,71,26,14,16,8,6,0,538,""
2022-03-14,234,177,127,135,157,85,48,20,16,16,27,0,1042,"",2022-03-14,101,75,44,44,58,33,13,6,3,0,0,377,""
2022-03-15,300,185,121,179,162,76,48,28,19,10,68,0,1196,"",2022-03-15,107,92,48,81,64,29,21,14,3,3,0,462,""
2022-03-16,493,307,232,285,252,134,81,32,26,16,75,0,1933,"",2022-03-16,170,135,72,94,104,41,27,10,8,3,0,664,""
2022-03-17,436,299,216,312,268,128,57,30,20,5,53,0,1824,"",2022-03-17,172,123,75,120,93,52,22,8,3,3,0,671,""
2022-03-18,374,273,208,300,244,134,66,36,26,15,38,0,1714,"",2022-03-18,147,127,87,118,106,60,27,15,10,8,0,705,""
2022-03-19,371,249,172,297,218,97,53,34,13,11,71,0,1586,"",2022-03-19,141,130,62,107,79,43,18,11,2,3,0,596,""
2022-03-20,362,279,152,266,227,83,53,23,27,10,37,0,1519,"",2022-03-20,149,121,46,99,90,32,24,12,8,5,0,586,""
2022-03-21,251,171,126,167,131,71,37,14,8,9,24,0,1009,"",2022-03-21,81,74,44,62,59,31,16,5,2,3,0,377,""
2022-03-22,240,171,101,134,109,59,26,10,9,1,25,0,885,"",2022-03-22,103,85,38,48,43,21,10,5,3,0,0,356,""
2022-03-23,303,205,142,210,187,69,37,28,17,6,20,0,1224,"",2022-03-23,95,92,55,72,71,31,15,9,2,4,0,446,""
2022-03-24,460,366,236,347,295,148,68,52,33,20,23,0,2048,"",2022-03-24,168,180,87,149,92,49,31,24,11,1,0,792,""
2022-03-25,461,393,327,339,315,147,68,25,27,9,27,0,2138,"",2022-03-25,177,184,113,111,102,57,18,10,7,3,0,782,""
2022-03-26,318,283,236,302,288,130,63,33,18,11,18,0,1700,2022-03-28修正済（10歳未満1名減（旭川訂正））,2022-03-26,135,103,85,112,85,58,31,13,8,7,0,637,""
2022-03-27,321,292,195,244,239,81,44,25,17,14,25,0,1497,"",2022-03-27,149,111,58,79,94,23,15,12,4,7,0,552,""
2022-03-28,262,257,166,180,180,71,43,23,16,0,2,0,1200,"",2022-03-28,153,125,69,94,76,29,18,8,2,0,0,574,""
2022-03-29,288,295,152,194,190,86,46,37,26,27,26,0,1367,"",2022-03-29,126,126,52,82,59,36,26,15,9,14,0,545,""
2022-03-30,429,398,310,284,269,139,60,33,23,5,29,0,1979,"",2022-03-30,216,152,119,122,103,51,23,18,11,2,0,817,""
2022-03-31,375,417,337,348,320,143,65,37,27,16,21,0,2106,"",2022-03-31,207,176,115,146,118,50,23,19,8,7,0,869,""
2022-04-01,336,391,319,337,347,128,62,34,36,10,33,0,2033,"",2022-04-01,161,180,130,153,161,59,27,16,18,6,0,911,""
2022-04-02,356,386,324,333,296,141,58,33,24,8,26,0,1985,"",2022-04-02,175,184,121,154,98,55,31,18,6,2,0,844,""
2022-04-03,315,336,289,305,272,164,57,28,32,30,17,0,1845,"",2022-04-03,135,131,101,117,110,68,26,11,15,17,0,731,""
2022-04-04,292,272,236,248,255,142,63,30,24,10,5,0,1577,"",2022-04-04,154,147,97,127,128,70,39,20,16,3,0,801,""
2022-04-05,314,249,228,269,232,109,56,40,44,19,29,0,1589,"",2022-04-05,148,123,83,122,97,37,35,24,22,10,0,701,""
2022-04-06,465,392,364,351,381,203,87,42,34,19,32,0,2370,"",2022-04-06,174,159,119,141,128,68,40,23,21,11,0,884,""
2022-04-07,381,397,394,406,357,186,88,39,29,17,52,0,2346,"",2022-04-07,140,164,136,152,125,81,31,19,14,4,0,866,""
2022-04-08,356,416,340,350,349,194,86,47,22,7,49,0,2216,"",2022-04-08,145,180,127,144,138,80,42,26,11,4,0,897,""
2022-04-09,410,410,310,376,335,179,90,43,36,30,54,0,2273,2022-04-23修正済（70歳代1名減）,2022-04-09,198,159,119,160,146,74,49,20,16,10,0,951,2022-04-23修正済（70歳代1名減）
2022-04-10,396,372,337,328,322,193,73,42,31,24,27,0,2145,"",2022-04-10,186,175,124,131,141,101,41,18,14,10,0,941,""
2022-04-11,292,262,226,259,259,113,60,32,23,13,11,0,1550,"",2022-04-11,148,130,126,124,122,56,21,15,13,9,0,764,""
2022-04-12,443,328,219,317,263,117,66,34,38,11,69,0,1905,"",2022-04-12,219,164,82,159,118,51,36,17,19,3,0,868,""
2022-04-13,556,512,343,407,392,201,105,43,43,6,105,0,2713,"",2022-04-13,277,209,116,144,154,75,42,24,20,2,0,1063,""
2022-04-14,528,477,415,465,409,203,102,52,33,14,70,0,2768,"",2022-04-14,261,186,152,196,168,70,47,19,14,5,0,1118,""
2022-04-15,464,450,361,437,425,196,93,55,37,29,57,0,2604,2022-04-16修正済（10歳未満1名減）,2022-04-15,228,189,142,182,181,97,50,25,18,12,0,1124,2022-04-16修正済（10歳未満1名減）
2022-04-16,462,475,339,395,367,181,103,40,39,24,32,0,2457,"",2022-04-16,213,197,126,163,163,76,47,20,20,12,0,1037,""
2022-04-17,433,426,282,320,291,167,81,56,25,8,24,0,2113,"",2022-04-17,194,163,113,137,117,60,43,30,7,1,0,865,""
2022-04-18,355,367,224,288,281,114,68,35,17,7,10,0,1766,"",2022-04-18,183,192,130,161,132,63,32,16,7,5,0,921,""
2022-04-19,474,456,216,312,285,154,57,30,20,7,56,0,2067,"",2022-04-19,217,231,106,158,131,63,31,15,8,4,0,964,""
2022-04-20,664,707,352,459,420,184,85,80,38,30,39,0,3058,"",2022-04-20,305,351,147,219,185,72,45,38,24,13,0,1399,""
2022-04-21,680,685,359,469,471,209,99,47,39,20,54,0,3132,"",2022-04-21,286,316,138,187,177,87,35,24,23,6,0,1279,""
2022-04-22,510,622,341,465,466,173,91,63,43,27,44,0,2845,"",2022-04-22,214,273,135,174,165,73,30,41,28,14,0,1147,""
2022-04-23,485,626,306,491,432,212,90,57,38,14,34,0,2785,"",2022-04-23,229,302,142,218,174,83,43,28,17,2,0,1238,""
2022-04-24,484,602,279,434,432,188,92,50,24,15,33,0,2633,"",2022-04-24,202,250,98,175,183,58,46,23,9,4,0,1048,""
2022-04-25,410,449,196,274,289,95,58,32,24,23,17,0,1867,"",2022-04-25,203,231,91,148,137,52,39,21,14,18,0,954,""
2022-04-26,488,462,204,354,307,141,70,38,20,6,42,0,2132,"",2022-04-26,237,235,116,156,143,69,45,21,10,3,0,1035,""
2022-04-27,608,693,330,492,517,213,106,58,49,19,74,0,3159,"",2022-04-27,256,323,152,191,195,83,51,27,29,14,0,1321,""
2022-04-28,570,653,395,531,484,210,98,77,50,32,59,0,3159,"",2022-04-28,284,284,158,211,225,92,48,36,32,25,0,1395,""
2022-04-29,502,583,336,474,460,231,96,66,63,29,87,0,2927,"",2022-04-29,232,282,145,188,196,111,47,37,42,24,0,1304,""
2022-04-30,448,456,325,402,417,193,93,56,41,26,45,0,2502,"",2022-04-30,220,212,118,186,193,92,50,35,22,16,0,1144,""
2022-05-01,326,346,199,318,298,140,56,57,40,21,53,0,1854,"",2022-05-01,180,174,105,171,131,61,27,26,22,15,0,912,""
2022-05-02,379,366,198,293,259,132,68,43,34,20,13,0,1805,"",2022-05-02,217,221,107,149,139,80,43,20,25,13,0,1014,""
2022-05-03,325,269,221,276,276,131,57,42,27,13,81,0,1718,"",2022-05-03,192,163,110,141,138,58,24,22,16,8,0,872,""
2022-05-04,359,416,312,321,302,130,79,52,45,32,42,0,2090,"",2022-05-04,186,213,141,152,146,62,38,29,28,25,0,1020,""
2022-05-05,313,369,251,298,310,129,62,55,33,16,18,0,1854,"",2022-05-05,169,183,126,130,162,54,27,20,13,5,0,889,""
2022-05-06,276,310,227,262,267,116,60,45,45,30,30,0,1668,"",2022-05-06,154,169,94,123,139,61,27,27,25,18,0,837,""
2022-05-07,325,371,362,345,309,149,72,44,36,29,70,0,2112,"",2022-05-07,171,169,106,136,133,52,32,22,16,13,0,850,""
2022-05-08,486,573,531,465,448,222,133,82,62,28,85,0,3115,"",2022-05-08,212,248,183,189,176,87,56,40,26,12,0,1229,""
2022-05-09,330,476,480,445,349,182,100,83,47,31,33,0,2556,"",2022-05-09,163,229,166,195,143,71,44,31,16,17,0,1075,""
2022-05-10,313,478,497,328,331,170,98,53,45,18,69,0,2400,"",2022-05-10,184,264,242,178,178,97,54,30,21,9,0,1257,""
2022-05-11,401,605,730,470,460,242,116,77,53,27,78,0,3259,"",2022-05-11,211,283,272,221,169,97,57,30,24,10,0,1374,""
2022-05-12,414,601,651,461,448,232,129,93,59,29,59,0,3176,"",2022-05-12,202,305,278,211,211,103,58,50,31,12,0,1461,""
2022-05-13,417,555,584,438,458,243,133,72,64,26,43,0,3033,2022-06-07修正済（10歳代1名減）,2022-05-13,204,249,258,198,186,113,73,37,24,11,0,1353,2022-06-07修正済（10歳代1名減）
2022-05-14,431,492,482,396,373,231,102,75,68,49,72,0,2771,"",2022-05-14,240,250,197,180,187,109,51,41,40,26,0,1321,""
2022-05-15,438,380,400,323,369,203,121,93,82,52,27,0,2488,"",2022-05-15,186,169,143,108,151,105,64,47,48,39,0,1060,""
2022-05-16,402,352,279,314,272,137,81,55,70,37,22,0,2021,"",2022-05-16,203,173,96,138,139,62,43,27,37,25,0,943,""
2022-05-17,369,339,252,267,273,140,80,61,37,18,68,0,1904,"",2022-05-17,214,225,127,123,148,80,40,34,21,10,0,1022,""
2022-05-18,597,424,378,388,368,190,95,72,59,36,70,0,2677,"",2022-05-18,268,206,142,180,155,75,37,25,21,12,0,1121,""
2022-05-19,599,446,390,450,365,191,113,76,64,43,74,0,2811,"",2022-05-19,303,214,152,198,163,80,59,35,24,18,0,1246,""
2022-05-20,436,440,359,459,400,172,85,65,61,31,45,0,2553,"",2022-05-20,218,221,155,211,202,84,42,36,27,14,0,1210,""
2022-05-21,450,334,311,401,308,156,84,82,58,25,31,0,2240,"",2022-05-21,219,186,136,195,147,71,42,38,24,14,0,1072,""
2022-05-22,409,291,253,334,324,140,102,80,58,31,43,0,2065,"",2022-05-22,169,128,87,135,127,50,38,41,30,19,0,824,""
2022-05-23,325,213,166,270,217,92,62,53,47,16,7,0,1468,"",2022-05-23,137,114,72,99,87,42,37,38,22,6,0,654,""
2022-05-24,260,224,149,217,210,98,66,45,36,14,50,0,1369,"",2022-05-24,130,107,71,97,112,51,30,27,21,9,0,655,""
2022-05-25,458,299,263,318,293,172,92,68,42,32,57,0,2094,"",2022-05-25,160,130,110,127,119,84,52,34,19,15,0,850,""
2022-05-26,396,295,221,348,280,154,80,72,50,22,32,0,1950,"",2022-05-26,146,121,80,115,115,55,43,36,24,12,0,747,""
2022-05-27,283,230,210,309,256,118,77,58,36,18,29,0,1624,"",2022-05-27,123,109,92,137,104,42,37,31,17,10,0,702,""
2022-05-28,276,224,184,255,242,90,80,59,50,39,16,0,1515,"",2022-05-28,138,99,66,95,90,45,35,28,30,19,0,645,""
2022-05-29,267,170,121,232,206,86,60,35,28,16,20,0,1241,"",2022-05-29,110,59,41,68,65,27,28,14,8,8,0,428,""
2022-05-30,167,154,102,141,156,64,33,33,24,12,8,0,894,"",2022-05-30,69,64,31,50,54,27,14,18,11,9,0,347,""
2022-05-31,176,144,104,132,129,67,48,38,23,19,23,0,903,"",2022-05-31,102,71,38,57,63,37,27,15,10,8,0,428,""
2022-06-01,287,183,123,207,183,76,63,44,23,12,39,0,1240,"",2022-06-01,150,82,49,102,84,29,37,24,12,4,0,573,""
2022-06-02,229,154,139,193,204,105,58,65,36,13,19,0,1215,"",2022-06-02,111,61,53,88,86,48,28,30,14,10,0,529,""
2022-06-03,198,154,104,197,161,68,48,47,33,14,14,0,1038,"",2022-06-03,103,60,39,102,68,29,26,21,16,11,0,475,""
2022-06-04,180,143,99,155,129,74,37,37,22,10,13,0,899,"",2022-06-04,92,58,40,61,46,35,17,23,10,6,0,388,""
2022-06-05,211,131,92,135,147,72,39,37,27,12,7,0,910,"",2022-06-05,101,47,40,59,53,25,16,9,9,6,0,365,""
2022-06-06,139,94,95,114,87,40,25,35,14,6,0,0,649,"",2022-06-06,74,46,39,53,44,14,11,13,4,2,0,300,""
2022-06-07,196,77,76,109,93,44,17,21,39,8,21,0,701,"",2022-06-07,121,37,38,49,41,23,9,12,14,2,0,346,""
2022-06-08,317,166,138,182,189,73,49,36,25,13,33,0,1221,"",2022-06-08,157,76,63,95,83,31,26,18,8,5,0,562,""
2022-06-09,234,132,104,183,125,77,42,34,24,15,22,0,992,"",2022-06-09,111,61,40,101,47,31,19,12,9,9,0,440,""
2022-06-10,215,109,109,178,143,61,44,35,19,11,18,0,942,"",2022-06-10,86,46,42,78,53,26,22,9,3,3,0,368,""
2022-06-11,198,103,97,160,127,58,45,35,21,10,18,0,872,"",2022-06-11,96,48,40,73,58,23,18,10,4,4,0,374,""
2022-06-12,180,112,90,145,100,53,45,22,23,27,15,0,812,"",2022-06-12,77,53,31,49,28,17,15,7,6,10,0,293,""
2022-06-13,140,76,51,93,80,34,21,23,11,6,1,0,536,"",2022-06-13,62,30,14,43,42,18,10,8,3,0,0,230,""
2022-06-14,156,89,61,107,89,33,17,15,26,12,16,0,621,"",2022-06-14,73,47,25,37,38,13,7,6,14,9,0,269,""
2022-06-15,225,136,137,133,143,71,37,30,32,11,10,0,965,"",2022-06-15,109,67,57,56,62,27,16,11,12,3,0,420,""
2022-06-16,213,120,107,167,121,66,41,26,16,18,7,0,902,"",2022-06-16,90,56,45,69,53,22,17,14,8,10,0,384,""
2022-06-17,144,109,117,165,120,49,32,29,15,11,4,0,795,"",2022-06-17,66,61,52,89,45,15,13,7,7,7,0,362,""
2022-06-18,132,88,94,117,119,49,44,23,11,10,5,0,692,"",2022-06-18,52,38,45,47,52,24,15,10,4,5,0,292,""
2022-06-19,138,101,70,137,114,55,30,24,17,10,7,0,703,"",2022-06-19,52,44,27,48,46,19,9,3,10,7,0,265,""
2022-06-20,99,68,51,82,60,29,16,13,10,4,2,0,434,"",2022-06-20,43,23,15,32,26,10,3,3,7,2,0,164,""
2022-06-21,99,84,48,64,77,29,21,19,13,9,10,0,473,"",2022-06-21,46,55,27,34,39,16,7,10,4,5,0,243,""
2022-06-22,154,103,98,111,112,61,35,28,8,3,10,0,723,"",2022-06-22,69,46,45,54,46,19,14,15,2,1,0,311,""
2022-06-23,157,108,105,118,120,61,39,17,15,11,2,0,753,"",2022-06-23,76,51,39,53,54,25,15,6,3,4,0,326,""
2022-06-24,141,87,79,117,118,41,34,30,17,3,6,0,673,"",2022-06-24,78,47,31,49,51,20,14,17,9,0,0,316,""
2022-06-25,121,76,83,87,84,51,37,30,8,4,4,0,585,"",2022-06-25,57,31,32,39,39,19,15,15,2,4,0,253,""
2022-06-26,115,67,58,112,105,33,28,17,8,5,2,0,550,"",2022-06-26,51,33,23,53,51,19,14,8,4,2,0,258,""
2022-06-27,78,38,34,62,46,12,16,19,12,1,0,0,318,"",2022-06-27,28,17,6,21,22,6,3,6,3,0,0,112,""
2022-06-28,116,63,48,73,55,30,14,14,3,1,4,0,421,"",2022-06-28,53,27,25,42,34,14,4,4,2,0,0,205,""
2022-06-29,188,85,84,127,81,51,27,24,17,7,21,0,712,"",2022-06-29,85,48,35,61,37,20,13,17,5,3,0,324,""
2022-06-30,146,74,61,120,113,51,43,21,9,0,7,0,645,"",2022-06-30,76,37,31,56,44,20,18,10,6,0,0,298,""
2022-07-01,163,83,69,111,96,44,22,30,8,4,11,0,641,"",2022-07-01,96,42,37,55,43,18,9,14,4,2,0,320,""
2022-07-02,144,79,72,102,106,44,31,24,15,5,4,0,626,"",2022-07-02,77,34,24,45,41,20,14,9,6,2,0,272,""
2022-07-03,134,72,75,113,96,35,30,24,20,11,7,0,617,"",2022-07-03,67,27,25,46,33,9,15,7,9,0,0,238,""
2022-07-04,86,63,47,72,47,30,17,20,14,5,6,0,407,"",2022-07-04,24,11,11,23,10,12,9,6,5,1,0,112,""
2022-07-05,109,68,64,94,86,53,23,20,10,7,27,0,561,"",2022-07-05,60,29,28,50,46,29,9,13,5,6,0,275,""
2022-07-06,170,112,96,137,109,78,40,30,20,11,18,0,821,"",2022-07-06,109,42,36,75,44,26,18,9,9,2,0,370,""
2022-07-07,158,116,126,158,125,80,46,35,22,15,20,0,901,"",2022-07-07,68,44,43,72,51,29,18,19,11,8,0,363,""
2022-07-08,129,128,136,150,118,76,55,52,21,6,16,0,887,"",2022-07-08,58,51,47,66,41,27,15,30,10,4,0,349,""
2022-07-09,158,112,126,152,118,88,51,35,34,17,20,0,911,"",2022-07-09,95,46,43,65,55,42,25,16,17,11,0,415,""
2022-07-10,132,145,136,147,132,77,37,27,13,5,8,0,859,"",2022-07-10,62,60,47,53,49,25,20,7,6,4,0,333,""
2022-07-11,94,102,84,94,87,51,39,18,16,7,10,0,602,"",2022-07-11,41,40,27,25,22,18,9,6,8,5,0,201,""
2022-07-12,148,141,109,126,113,71,36,25,16,1,17,0,803,"",2022-07-12,71,67,52,58,43,27,13,11,5,0,0,347,""
2022-07-13,194,319,176,208,173,104,69,50,26,6,24,0,1349,"",2022-07-13,89,162,54,93,95,50,38,23,12,3,0,619,""
2022-07-14,203,330,264,263,250,153,117,62,28,10,33,0,1713,"",2022-07-14,80,155,111,110,103,55,50,26,16,9,0,715,""
2022-07-15,237,306,303,245,249,165,91,57,38,11,32,0,1734,"",2022-07-15,111,104,107,98,88,56,40,21,21,4,0,650,""
2022-07-16,263,295,305,306,269,187,119,80,47,17,40,0,1928,"",2022-07-16,133,113,108,121,109,76,57,46,18,13,0,794,""
2022-07-17,260,301,289,258,256,173,135,76,43,19,23,0,1833,"",2022-07-17,117,126,74,92,98,57,45,22,18,13,0,662,""
2022-07-18,225,238,234,229,231,143,99,57,39,16,4,0,1515,"",2022-07-18,81,99,80,71,95,53,38,28,21,10,0,576,""
2022-07-19,154,181,175,195,159,143,68,54,28,7,21,0,1185,"",2022-07-19,61,85,56,60,49,50,28,25,14,5,0,433,""
2022-07-20,290,299,358,333,315,195,108,69,39,17,37,0,2060,"",2022-07-20,173,147,142,161,159,79,47,31,20,9,0,968,""
2022-07-21,538,566,671,586,618,422,215,153,81,31,84,0,3965,"",2022-07-21,282,298,284,254,265,183,94,74,33,12,0,1779,""
2022-07-22,520,618,829,716,650,458,285,171,116,29,72,0,4464,"",2022-07-22,248,276,309,288,260,174,116,68,50,11,0,1800,""
2022-07-23,464,628,876,716,705,490,318,178,130,45,86,0,4636,"",2022-07-23,224,280,299,296,288,189,131,78,63,20,0,1868,""
2022-07-24,468,554,718,629,568,453,283,211,92,36,60,0,4072,"",2022-07-24,186,218,223,205,220,145,106,76,46,27,0,1452,""
2022-07-25,464,424,557,489,510,382,244,152,90,33,16,0,3361,"",2022-07-25,207,175,189,196,214,158,108,69,40,18,0,1374,""
2022-07-26,472,420,427,501,503,302,228,155,81,41,138,0,3268,"",2022-07-26,284,224,176,238,246,149,131,87,46,27,0,1608,""
2022-07-27,889,691,847,871,835,583,332,231,118,50,75,0,5522,"",2022-07-27,431,303,342,369,368,264,174,120,44,23,0,2438,""
2022-07-28,760,724,876,869,935,573,371,233,122,36,177,0,5676,"",2022-07-28,379,342,353,346,382,265,172,102,53,17,0,2411,""
2022-07-29,788,762,1119,1082,1054,685,448,289,145,64,158,0,6594,"",2022-07-29,352,299,354,381,424,243,188,130,54,27,0,2452,""
2022-07-30,787,782,1006,1048,1035,613,375,260,155,54,171,0,6286,"",2022-07-30,370,332,359,412,433,272,166,105,75,16,0,2540,""
2022-07-31,840,681,1005,961,875,647,397,273,141,88,157,0,6065,"",2022-07-31,329,268,302,338,290,213,152,115,48,32,0,2087,""
2022-08-01,638,548,635,735,738,488,346,234,118,45,58,0,4583,"",2022-08-01,271,240,225,281,326,210,155,125,39,13,0,1885,""
2022-08-02,633,504,670,702,777,499,331,181,112,54,170,0,4633,"",2022-08-02,335,239,273,328,350,214,165,106,59,28,0,2097,""
2022-08-03,999,783,987,1055,1129,742,460,314,192,94,175,0,6930,"",2022-08-03,472,340,375,446,482,301,225,142,82,42,0,2907,""
2022-08-04,961,800,980,1154,1180,824,566,320,172,70,177,0,7204,"",2022-08-04,453,303,349,444,446,293,246,147,78,31,0,2790,""
2022-08-05,854,826,1111,1140,1176,807,522,346,204,72,152,0,7210,"",2022-08-05,421,344,435,457,496,318,240,164,98,41,0,3014,""
2022-08-06,773,765,1054,1037,1114,742,491,385,245,110,165,0,6881,"",2022-08-06,402,331,405,433,445,298,209,172,108,46,0,2849,""
2022-08-07,775,702,938,1011,984,684,444,330,185,109,160,0,6322,"",2022-08-07,281,242,293,380,340,248,159,148,80,55,0,2226,""
