年月日,空知,石狩,後志,胆振,日高,渡島,檜山,上川,留萌,宗谷,オホーツク,十勝,釧路,根室,道外他,非公表,重複削除,日計,ここから右は北海道発表分のみ,年月日再掲,空知.道.,石狩.道.,後志.道.,胆振.道.,日高.道.,渡島.道.,檜山.道.,上川.道.,留萌.道.,宗谷.道.,オホーツク.道.,十勝.道.,釧路.道.,根室.道.,道外他.道.,日計.道.,備考
2020-01-28,0,0,0,0,0,0,0,0,0,0,0,0,0,0,1,0,0,1,"",2020-01-28,0,0,0,0,0,0,0,0,0,0,0,0,0,0,0,0,""
2020-02-14,0,1,0,0,0,0,0,0,0,0,0,0,0,0,0,0,0,1,"",2020-02-14,0,0,0,0,0,0,0,0,0,0,0,0,0,0,0,0,""
2020-02-19,0,2,0,0,0,1,0,0,0,0,0,0,0,0,0,0,0,3,"",2020-02-19,0,0,0,0,0,0,0,0,0,0,0,0,0,0,0,0,""
2020-02-21,0,1,0,0,0,0,0,2,0,0,0,0,0,0,0,0,0,3,"",2020-02-21,0,0,0,0,0,0,0,0,0,0,0,0,0,0,0,0,""
2020-02-22,0,2,0,2,0,3,0,1,0,0,1,0,0,1,0,0,0,10,"",2020-02-22,0,0,0,0,0,0,0,0,0,0,0,0,0,0,0,0,""
2020-02-23,0,1,0,2,0,0,0,4,0,0,0,0,1,0,0,0,0,8,"",2020-02-23,0,0,0,0,0,0,0,0,0,0,0,0,0,0,0,0,""
2020-02-24,0,3,0,0,0,0,0,0,0,0,1,0,0,0,0,0,0,4,"",2020-02-24,0,0,0,0,0,0,0,0,0,0,0,0,0,0,0,0,""
2020-02-25,0,1,0,0,0,0,0,2,0,0,1,0,1,0,0,0,0,5,"",2020-02-25,0,0,0,0,0,0,0,0,0,0,0,0,0,0,0,0,""
2020-02-26,0,0,0,0,2,1,0,0,0,0,0,0,0,0,1,0,0,4,"",2020-02-26,0,0,0,0,0,0,0,0,0,0,0,0,0,0,0,0,""
2020-02-27,1,2,0,0,0,2,2,2,0,0,3,1,2,0,0,0,0,15,"",2020-02-27,0,0,0,0,0,0,0,0,0,0,0,0,0,0,0,0,""
2020-02-28,1,4,0,0,0,0,1,2,0,0,2,0,2,0,0,0,0,12,"",2020-02-28,0,0,0,0,0,0,0,0,0,0,0,0,0,0,0,0,""
2020-02-29,0,3,0,1,0,0,0,0,0,0,0,0,0,0,0,0,0,4,"",2020-02-29,0,0,0,0,0,0,0,0,0,0,0,0,0,0,0,0,""
2020-03-01,0,1,0,0,0,0,0,0,0,0,1,0,0,0,0,0,0,2,"",2020-03-01,0,0,0,0,0,0,0,0,0,0,0,0,0,0,0,0,""
2020-03-02,0,1,0,0,0,0,0,1,0,0,3,0,0,0,0,0,0,5,"",2020-03-02,0,0,0,0,0,0,0,0,0,0,0,0,0,0,0,0,""
2020-03-03,0,2,0,0,0,0,0,0,0,0,0,0,0,0,0,0,0,2,"",2020-03-03,0,0,0,0,0,0,0,0,0,0,0,0,0,0,0,0,""
2020-03-04,0,0,0,0,0,0,0,2,0,0,1,0,0,0,0,0,0,3,"",2020-03-04,0,0,0,0,0,0,0,0,0,0,0,0,0,0,0,0,""
2020-03-05,0,1,0,0,0,0,0,0,0,0,0,0,0,0,0,0,0,1,"",2020-03-05,0,0,0,0,0,0,0,0,0,0,0,0,0,0,0,0,""
2020-03-06,0,5,0,0,0,0,0,0,0,0,2,0,0,0,0,0,0,7,"",2020-03-06,0,0,0,0,0,0,0,0,0,0,0,0,0,0,0,0,""
2020-03-07,1,6,0,0,0,0,0,0,0,0,1,0,0,0,0,0,0,8,"",2020-03-07,0,0,0,0,0,0,0,0,0,0,0,0,0,0,0,0,""
2020-03-08,2,0,0,0,0,0,0,1,0,0,0,0,0,0,0,0,0,3,"",2020-03-08,0,0,0,0,0,0,0,0,0,0,0,0,0,0,0,0,""
2020-03-09,0,7,0,0,0,0,0,0,0,0,0,0,0,0,0,0,0,7,"",2020-03-09,0,0,0,0,0,0,0,0,0,0,0,0,0,0,0,0,""
2020-03-10,0,3,0,0,0,0,0,0,0,0,0,0,0,0,0,0,0,3,"",2020-03-10,0,0,0,0,0,0,0,0,0,0,0,0,0,0,0,0,""
2020-03-11,1,4,0,0,0,0,0,1,0,0,1,0,0,0,0,0,0,7,"",2020-03-11,0,0,0,0,0,0,0,0,0,0,0,0,0,0,0,0,""
2020-03-12,0,9,1,0,0,0,0,0,0,0,0,0,0,0,0,0,0,10,"",2020-03-12,0,0,0,0,0,0,0,0,0,0,0,0,0,0,0,0,""
2020-03-13,0,12,0,0,0,0,0,0,0,0,2,0,0,0,0,0,0,14,"",2020-03-13,0,0,0,0,0,0,0,0,0,0,0,0,0,0,0,0,""
2020-03-14,0,2,0,0,0,0,0,0,0,0,0,0,0,0,0,0,0,2,"",2020-03-14,0,0,0,0,0,0,0,0,0,0,0,0,0,0,0,0,""
2020-03-15,1,0,0,1,0,0,0,0,0,0,2,0,0,0,0,0,0,4,"",2020-03-15,0,0,0,0,0,0,0,0,0,0,0,0,0,0,0,0,""
2020-03-16,0,3,0,0,0,0,0,0,0,0,1,0,0,0,0,0,0,4,"",2020-03-16,0,0,0,0,0,0,0,0,0,0,0,0,0,0,0,0,""
2020-03-18,0,1,0,0,0,0,0,0,0,0,0,0,1,0,0,0,0,2,"",2020-03-18,0,0,0,0,0,0,0,0,0,0,0,0,0,0,0,0,""
2020-03-19,0,2,0,0,0,0,0,1,0,0,0,0,0,0,0,0,0,3,"",2020-03-19,0,0,0,0,0,0,0,0,0,0,0,0,0,0,0,0,""
2020-03-20,0,1,0,0,0,0,0,0,0,0,0,0,0,0,0,0,0,1,"",2020-03-20,0,0,0,0,0,0,0,0,0,0,0,0,0,0,0,0,""
2020-03-21,0,0,0,0,0,0,0,0,0,0,0,0,1,0,0,0,0,1,"",2020-03-21,0,0,0,0,0,0,0,0,0,0,0,0,0,0,0,0,""
2020-03-22,0,1,2,0,0,0,0,0,0,0,0,0,0,0,0,0,0,3,"",2020-03-22,0,0,0,0,0,0,0,0,0,0,0,0,0,0,0,0,""
2020-03-24,0,1,0,0,0,0,0,0,0,0,0,0,0,0,0,0,0,1,"",2020-03-24,0,0,0,0,0,0,0,0,0,0,0,0,0,0,0,0,""
2020-03-25,0,3,0,0,0,0,0,0,0,0,0,0,0,0,1,0,0,4,"",2020-03-25,0,0,0,0,0,0,0,0,0,0,0,0,0,0,0,0,""
2020-03-26,0,0,1,0,0,0,0,0,0,0,0,0,0,0,0,0,0,1,"",2020-03-26,0,0,0,0,0,0,0,0,0,0,0,0,0,0,0,0,""
2020-03-27,0,1,0,0,0,0,0,0,0,0,0,0,0,0,0,0,0,1,"",2020-03-27,0,0,0,0,0,0,0,0,0,0,0,0,0,0,0,0,""
2020-03-28,0,1,1,0,0,0,0,1,0,0,0,0,0,0,0,0,0,3,"",2020-03-28,0,0,0,0,0,0,0,0,0,0,0,0,0,0,0,0,""
2020-03-29,0,3,0,0,0,0,0,0,0,0,0,0,0,0,1,0,0,4,"",2020-03-29,0,0,0,0,0,0,0,0,0,0,0,0,0,0,0,0,""
2020-03-30,0,0,0,1,0,0,0,0,0,0,0,0,0,0,0,0,0,1,"",2020-03-30,0,0,0,0,0,0,0,0,0,0,0,0,0,0,0,0,""
2020-04-01,1,0,0,0,0,0,0,2,0,0,1,0,0,0,1,0,0,5,"",2020-04-01,0,0,0,0,0,0,0,0,0,0,0,0,0,0,0,0,""
2020-04-02,0,1,0,0,0,0,0,0,0,0,0,0,2,0,0,0,0,3,"",2020-04-02,0,0,0,0,0,0,0,0,0,0,0,0,0,0,0,0,""
2020-04-03,0,4,0,0,0,0,0,0,0,0,0,0,1,0,0,0,0,5,"",2020-04-03,0,0,0,0,0,0,0,0,0,0,0,0,0,0,0,0,""
2020-04-04,0,2,0,0,0,0,0,0,0,0,0,0,1,0,0,0,0,3,"",2020-04-04,0,0,0,0,0,0,0,0,0,0,0,0,0,0,0,0,""
2020-04-05,0,0,1,0,0,0,0,0,0,0,0,0,0,0,0,0,0,1,"",2020-04-05,0,0,0,0,0,0,0,0,0,0,0,0,0,0,0,0,""
2020-04-07,0,4,0,0,0,0,0,0,0,0,0,0,0,0,0,0,0,4,"",2020-04-07,0,0,0,0,0,0,0,0,0,0,0,0,0,0,0,0,""
2020-04-08,0,6,0,0,0,0,0,2,1,0,1,0,0,0,0,0,0,10,"",2020-04-08,0,0,0,0,0,0,0,0,0,0,0,0,0,0,0,0,""
2020-04-09,0,15,0,0,0,0,0,1,0,0,1,0,0,0,1,0,0,18,"",2020-04-09,0,0,0,0,0,0,0,0,0,0,0,0,0,0,0,0,""
2020-04-10,0,10,0,0,0,0,0,0,2,0,1,0,0,0,0,0,0,13,"",2020-04-10,0,0,0,0,0,0,0,0,0,0,0,0,0,0,0,0,""
2020-04-11,0,13,0,0,0,0,0,0,0,0,2,0,0,0,0,1,0,16,"",2020-04-11,0,0,0,0,0,0,0,0,0,0,0,0,0,0,0,0,""
2020-04-12,0,12,0,0,0,0,0,0,0,0,0,0,0,0,0,0,0,12,"",2020-04-12,0,0,0,0,0,0,0,0,0,0,0,0,0,0,0,0,""
2020-04-13,0,5,0,0,0,0,0,0,0,0,0,0,0,0,0,0,0,5,"",2020-04-13,0,0,0,0,0,0,0,0,0,0,0,0,0,0,0,0,""
2020-04-14,0,10,0,0,0,0,0,5,0,0,0,0,2,0,1,0,0,18,"",2020-04-14,0,0,0,0,0,0,0,0,0,0,0,0,0,0,0,0,""
2020-04-15,2,16,0,0,0,0,0,4,0,0,0,0,0,0,0,1,0,23,"",2020-04-15,0,0,0,0,0,0,0,0,0,0,0,0,0,0,0,0,""
2020-04-16,1,12,1,0,0,0,0,3,0,0,0,0,5,1,0,0,0,23,"",2020-04-16,0,0,0,0,0,0,0,0,0,0,0,0,0,0,0,0,""
2020-04-17,2,26,0,0,0,0,0,1,0,1,2,0,0,0,0,1,0,33,"",2020-04-17,0,0,0,0,0,0,0,0,0,0,0,0,0,0,0,0,""
2020-04-18,0,30,0,1,0,1,0,1,0,1,3,1,0,0,0,0,0,38,"",2020-04-18,0,0,0,0,0,0,0,0,0,0,0,0,0,0,0,0,""
2020-04-19,0,19,1,2,0,1,0,0,0,0,2,0,0,0,0,2,0,27,"",2020-04-19,0,0,0,0,0,0,0,0,0,0,0,0,0,0,0,0,""
2020-04-20,0,14,0,0,0,0,0,0,0,0,2,0,0,0,0,1,0,17,"",2020-04-20,0,0,0,0,0,0,0,0,0,0,0,0,0,0,0,0,""
2020-04-21,0,17,0,0,0,0,0,0,0,0,3,0,0,0,1,1,0,22,"",2020-04-21,0,0,0,0,0,0,0,0,0,0,0,0,0,0,0,0,""
2020-04-22,1,16,0,0,0,2,0,0,0,0,3,0,0,0,0,0,0,22,"",2020-04-22,0,0,0,0,0,0,0,0,0,0,0,0,0,0,0,0,""
2020-04-23,0,42,0,1,0,0,0,0,0,0,0,1,0,0,0,1,0,45,"",2020-04-23,0,0,0,0,0,0,0,0,0,0,0,0,0,0,0,0,""
2020-04-24,1,17,1,0,0,0,0,0,0,1,1,0,0,0,0,1,0,22,"",2020-04-24,0,0,0,0,0,0,0,0,0,0,0,0,0,0,0,0,""
2020-04-25,0,32,4,2,0,0,0,0,0,1,0,0,0,0,0,0,0,39,"",2020-04-25,0,0,0,0,0,0,0,0,0,0,0,0,0,0,0,0,""
2020-04-26,0,12,0,0,0,0,0,0,0,1,0,0,0,0,0,1,0,14,"",2020-04-26,0,0,0,0,0,0,0,0,0,0,0,0,0,0,0,0,""
2020-04-27,0,29,1,2,0,1,0,0,0,0,1,0,0,0,0,1,0,35,"",2020-04-27,0,0,0,0,0,0,0,0,0,0,0,0,0,0,0,0,""
2020-04-28,0,36,0,0,0,0,0,0,0,0,1,0,0,0,0,1,0,38,"",2020-04-28,0,0,0,0,0,0,0,0,0,0,0,0,0,0,0,0,""
2020-04-29,1,32,0,0,0,0,0,0,1,0,3,0,0,0,1,0,0,38,"",2020-04-29,0,0,0,0,0,0,0,0,0,0,0,0,0,0,0,0,""
2020-04-30,1,38,1,1,0,0,0,0,0,0,0,0,0,0,0,0,0,41,"",2020-04-30,0,0,0,0,0,0,0,0,0,0,0,0,0,0,0,0,""
2020-05-01,0,22,0,0,0,0,0,0,0,0,0,0,0,0,0,1,0,23,"",2020-05-01,0,0,0,0,0,0,0,0,0,0,0,0,0,0,0,0,""
2020-05-02,0,32,1,0,0,0,0,0,0,0,0,0,0,0,0,0,0,33,"",2020-05-02,0,0,0,0,0,0,0,0,0,0,0,0,0,0,0,0,""
2020-05-03,0,23,0,0,0,0,0,0,0,0,1,0,0,0,0,1,0,25,"",2020-05-03,0,0,0,0,0,0,0,0,0,0,0,0,0,0,0,0,""
2020-05-04,0,28,1,0,0,0,0,0,0,0,1,0,0,0,0,1,0,31,"",2020-05-04,0,0,0,0,0,0,0,0,0,0,0,0,0,0,0,0,""
2020-05-05,0,12,0,0,0,0,0,0,0,0,0,0,0,0,0,0,0,12,"",2020-05-05,0,0,0,0,0,0,0,0,0,0,0,0,0,0,0,0,""
2020-05-06,0,18,3,0,0,0,0,0,0,0,1,0,0,0,0,1,0,23,"",2020-05-06,0,0,0,0,0,0,0,0,0,0,0,0,0,0,0,0,""
2020-05-07,0,11,3,0,0,0,0,0,0,0,0,0,0,0,0,0,0,14,"",2020-05-07,0,0,0,0,0,0,0,0,0,0,0,0,0,0,0,0,""
2020-05-08,0,6,0,0,0,0,0,0,0,0,0,0,0,0,0,0,0,6,"",2020-05-08,0,0,0,0,0,0,0,0,0,0,0,0,0,0,0,0,""
2020-05-09,0,6,1,0,0,0,0,0,0,0,3,0,0,0,0,1,0,11,"",2020-05-09,0,0,0,0,0,0,0,0,0,0,0,0,0,0,0,0,""
2020-05-10,0,8,0,0,0,0,0,0,0,0,0,0,0,0,0,1,0,9,"",2020-05-10,0,0,0,0,0,0,0,0,0,0,0,0,0,0,0,0,""
2020-05-11,0,9,0,0,0,0,0,0,0,0,0,0,0,0,0,3,0,12,"",2020-05-11,0,0,0,0,0,0,0,0,0,0,0,0,0,0,0,0,""
2020-05-12,2,7,0,0,0,0,0,0,0,0,1,0,0,0,0,3,0,13,"",2020-05-12,0,0,0,0,0,0,0,0,0,0,0,0,0,0,0,0,""
2020-05-13,0,4,0,0,0,0,0,0,0,0,0,0,0,0,0,0,0,4,"",2020-05-13,0,0,0,0,0,0,0,0,0,0,0,0,0,0,0,0,""
2020-05-14,0,5,0,0,0,0,0,0,0,0,0,0,0,0,0,1,0,6,"",2020-05-14,0,0,0,0,0,0,0,0,0,0,0,0,0,0,0,0,""
2020-05-15,0,5,0,0,1,0,0,0,0,0,0,0,0,0,0,4,0,10,"",2020-05-15,0,0,0,0,0,0,0,0,0,0,0,0,0,0,0,0,""
2020-05-16,0,5,0,0,0,0,0,0,0,0,1,0,0,0,0,1,0,7,"",2020-05-16,0,0,0,0,0,0,0,0,0,0,0,0,0,0,0,0,""
2020-05-17,0,6,0,0,0,0,0,0,0,0,0,0,1,0,0,1,0,8,"",2020-05-17,0,0,0,0,0,0,0,0,0,0,0,0,0,0,0,0,""
2020-05-18,0,1,0,0,0,0,0,0,0,0,0,0,0,0,0,0,0,1,"",2020-05-18,0,0,0,0,0,0,0,0,0,0,0,0,0,0,0,0,""
2020-05-19,1,1,0,0,0,0,1,0,0,0,0,0,0,0,0,0,0,3,"",2020-05-19,0,0,0,0,0,0,0,0,0,0,0,0,0,0,0,0,""
2020-05-20,0,1,0,0,0,0,0,0,0,0,0,0,0,0,0,0,0,1,"",2020-05-20,0,0,0,0,0,0,0,0,0,0,0,0,0,0,0,0,""
2020-05-21,1,4,0,0,0,0,0,0,0,0,0,0,0,0,0,0,0,5,"",2020-05-21,0,0,0,0,0,0,0,0,0,0,0,0,0,0,0,0,""
2020-05-22,1,3,0,0,0,0,0,0,0,0,2,0,0,0,0,0,0,6,"",2020-05-22,0,0,0,0,0,0,0,0,0,0,0,0,0,0,0,0,""
2020-05-23,0,7,0,0,0,0,0,1,0,0,0,0,0,0,0,1,0,9,"",2020-05-23,0,0,0,0,0,0,0,0,0,0,0,0,0,0,0,0,""
2020-05-24,1,12,0,0,0,0,0,0,0,0,0,0,0,0,0,2,0,15,"",2020-05-24,0,0,0,0,0,0,0,0,0,0,0,0,0,0,0,0,""
2020-05-25,0,3,0,0,0,0,0,0,0,0,0,0,0,0,0,0,0,3,"",2020-05-25,0,0,0,0,0,0,0,0,0,0,0,0,0,0,0,0,""
2020-05-26,3,6,0,0,0,0,0,0,0,0,0,0,0,0,0,0,0,9,"",2020-05-26,0,0,0,0,0,0,0,0,0,0,0,0,0,0,0,0,""
2020-05-27,2,1,0,0,0,0,0,0,0,0,0,0,0,0,0,2,0,5,"",2020-05-27,0,0,0,0,0,0,0,0,0,0,0,0,0,0,0,0,""
2020-05-28,3,3,0,0,0,0,0,0,0,0,0,0,0,0,0,1,0,7,"",2020-05-28,0,0,0,0,0,0,0,0,0,0,0,0,0,0,0,0,""
2020-05-29,1,1,0,0,0,0,0,0,0,0,0,0,0,0,0,1,0,3,"",2020-05-29,0,0,0,0,0,0,0,0,0,0,0,0,0,0,0,0,""
2020-05-30,1,3,0,0,0,0,0,0,0,0,0,0,0,0,0,0,0,4,"",2020-05-30,0,0,0,0,0,0,0,0,0,0,0,0,0,0,0,0,""
2020-05-31,0,5,1,0,0,0,0,0,0,0,0,0,0,0,0,0,0,6,"",2020-05-31,0,0,0,0,0,0,0,0,0,0,0,0,0,0,0,0,""
2020-06-01,0,4,0,0,0,0,0,0,0,0,0,0,0,0,0,1,0,5,"",2020-06-01,0,0,0,0,0,0,0,0,0,0,0,0,0,0,0,0,""
2020-06-02,2,1,0,0,0,0,0,0,0,0,0,0,0,0,0,0,0,3,"",2020-06-02,0,0,0,0,0,0,0,0,0,0,0,0,0,0,0,0,""
2020-06-03,0,2,0,0,0,0,0,0,0,0,0,0,0,0,0,1,0,3,"",2020-06-03,0,0,0,0,0,0,0,0,0,0,0,0,0,0,0,0,""
2020-06-04,0,2,0,0,0,0,0,0,0,0,0,0,0,0,0,1,0,3,"",2020-06-04,0,0,0,0,0,0,0,0,0,0,0,0,0,0,0,0,""
2020-06-05,0,4,0,0,0,0,0,0,0,0,0,0,0,0,0,0,0,4,"",2020-06-05,0,0,0,0,0,0,0,0,0,0,0,0,0,0,0,0,""
2020-06-06,1,6,0,0,0,0,0,0,0,0,0,0,0,0,0,1,0,8,"",2020-06-06,0,0,0,0,0,0,0,0,0,0,0,0,0,0,0,0,""
2020-06-07,1,3,0,0,0,0,0,0,0,0,0,0,0,0,0,0,0,4,"",2020-06-07,0,0,0,0,0,0,0,0,0,0,0,0,0,0,0,0,""
2020-06-08,0,4,0,0,0,0,0,0,0,0,0,0,0,0,0,0,0,4,"",2020-06-08,0,0,0,0,0,0,0,0,0,0,0,0,0,0,0,0,""
2020-06-09,3,1,0,0,0,0,0,0,0,0,0,0,0,0,0,3,0,7,"",2020-06-09,0,0,0,0,0,0,0,0,0,0,0,0,0,0,0,0,""
2020-06-10,0,5,0,0,0,0,0,0,0,0,0,0,0,0,0,0,0,5,"",2020-06-10,0,0,0,0,0,0,0,0,0,0,0,0,0,0,0,0,""
2020-06-11,1,5,0,0,0,0,0,0,0,0,0,0,0,0,0,1,0,7,"",2020-06-11,0,0,0,0,0,0,0,0,0,0,0,0,0,0,0,0,""
2020-06-12,1,9,0,0,0,0,0,0,0,0,0,0,0,0,0,0,0,10,"",2020-06-12,0,0,0,0,0,0,0,0,0,0,0,0,0,0,0,0,""
2020-06-13,1,8,0,0,0,0,0,0,0,0,0,0,0,0,0,0,0,9,"",2020-06-13,0,0,0,0,0,0,0,0,0,0,0,0,0,0,0,0,""
2020-06-14,0,7,0,0,0,0,0,0,0,0,0,0,0,0,0,0,0,7,"",2020-06-14,0,0,0,0,0,0,0,0,0,0,0,0,0,0,0,0,""
2020-06-15,0,4,0,2,0,0,0,0,0,0,0,0,0,0,0,0,0,6,"",2020-06-15,0,0,0,0,0,0,0,0,0,0,0,0,0,0,0,0,""
2020-06-16,0,2,0,0,0,0,0,0,0,0,0,0,0,0,0,0,0,2,"",2020-06-16,0,0,0,0,0,0,0,0,0,0,0,0,0,0,0,0,""
2020-06-17,0,6,0,0,0,0,0,0,0,0,0,0,0,0,0,0,0,6,"",2020-06-17,0,0,0,0,0,0,0,0,0,0,0,0,0,0,0,0,""
2020-06-18,0,5,0,0,0,0,0,0,0,0,0,0,0,0,0,0,0,5,"",2020-06-18,0,0,0,0,0,0,0,0,0,0,0,0,0,0,0,0,""
2020-06-19,0,2,0,0,0,0,0,0,0,0,0,0,0,0,0,1,0,3,"",2020-06-19,0,0,0,0,0,0,0,0,0,0,0,0,0,0,0,0,""
2020-06-20,0,3,0,0,0,0,0,0,0,0,0,0,0,0,0,0,0,3,"",2020-06-20,0,0,0,0,0,0,0,0,0,0,0,0,0,0,0,0,""
2020-06-21,0,2,0,0,0,0,0,0,0,0,0,0,0,0,0,0,0,2,"",2020-06-21,0,0,0,0,0,0,0,0,0,0,0,0,0,0,0,0,""
2020-06-22,0,2,0,0,0,0,0,0,0,0,0,0,0,0,0,0,0,2,"",2020-06-22,0,0,0,0,0,0,0,0,0,0,0,0,0,0,0,0,""
2020-06-23,1,0,0,0,0,0,0,0,0,0,0,0,0,0,0,0,0,1,"",2020-06-23,0,0,0,0,0,0,0,0,0,0,0,0,0,0,0,0,""
2020-06-24,0,1,9,0,0,0,0,0,0,0,0,0,0,0,0,0,0,10,"",2020-06-24,0,0,0,0,0,0,0,0,0,0,0,0,0,0,0,0,""
2020-06-25,0,0,6,0,0,0,0,0,0,0,0,0,0,0,0,0,0,6,"",2020-06-25,0,0,0,0,0,0,0,0,0,0,0,0,0,0,0,0,""
2020-06-26,0,1,4,0,0,0,0,0,0,0,0,0,0,0,0,0,0,5,"",2020-06-26,0,0,0,0,0,0,0,0,0,0,0,0,0,0,0,0,""
2020-06-27,0,0,0,0,0,0,0,0,0,0,0,0,0,0,0,1,0,1,"",2020-06-27,0,0,0,0,0,0,0,0,0,0,0,0,0,0,0,0,""
2020-06-28,0,3,14,0,0,0,0,0,0,0,0,0,0,0,0,0,0,17,"",2020-06-28,0,0,0,0,0,0,0,0,0,0,0,0,0,0,0,0,""
2020-06-29,0,8,3,0,0,0,0,0,0,0,0,0,0,0,0,0,0,11,"",2020-06-29,0,0,0,0,0,0,0,0,0,0,0,0,0,0,0,0,""
2020-06-30,0,12,0,0,0,0,0,0,0,0,0,1,0,0,0,0,0,13,"",2020-06-30,0,0,0,0,0,0,0,0,0,0,0,0,0,0,0,0,""
2020-07-01,0,1,1,0,0,0,0,0,0,0,0,2,0,0,0,0,0,4,"",2020-07-01,0,0,0,0,0,0,0,0,0,0,0,0,0,0,0,0,""
2020-07-02,0,3,2,0,0,0,0,0,0,0,0,3,0,0,0,0,0,8,"",2020-07-02,0,0,0,0,0,0,0,0,0,0,0,0,0,0,0,0,""
2020-07-04,0,0,1,0,0,0,0,0,0,0,0,0,0,0,0,0,0,1,"",2020-07-04,0,0,0,0,0,0,0,0,0,0,0,0,0,0,0,0,""
2020-07-05,1,0,0,0,0,0,0,0,0,0,0,0,0,0,0,0,0,1,"",2020-07-05,0,0,0,0,0,0,0,0,0,0,0,0,0,0,0,0,""
2020-07-07,0,1,0,0,0,0,0,0,0,0,0,0,0,0,0,0,0,1,"",2020-07-07,0,0,0,0,0,0,0,0,0,0,0,0,0,0,0,0,""
2020-07-08,0,3,0,0,0,0,0,0,0,0,0,1,0,0,0,0,0,4,"",2020-07-08,0,0,0,0,0,0,0,0,0,0,0,0,0,0,0,0,""
2020-07-09,0,0,0,1,0,0,0,0,0,0,0,0,0,0,0,0,0,1,"",2020-07-09,0,0,0,0,0,0,0,0,0,0,0,0,0,0,0,0,""
2020-07-10,0,4,0,0,0,0,0,0,0,0,0,1,0,0,0,1,0,6,"",2020-07-10,0,0,0,0,0,0,0,0,0,0,0,0,0,0,0,0,""
2020-07-11,0,0,0,0,0,0,0,0,0,0,0,1,0,0,0,0,0,1,"",2020-07-11,0,0,0,0,0,0,0,0,0,0,0,0,0,0,0,0,""
2020-07-12,0,4,0,0,0,0,0,0,0,0,0,0,0,0,0,0,0,4,"",2020-07-12,0,0,0,0,0,0,0,0,0,0,0,0,0,0,0,0,""
2020-07-13,0,2,0,0,0,0,0,0,0,0,0,0,0,0,0,0,0,2,"",2020-07-13,0,0,0,0,0,0,0,0,0,0,0,0,0,0,0,0,""
2020-07-14,0,7,0,0,0,0,0,0,0,0,0,0,0,0,1,0,0,8,"",2020-07-14,0,0,0,0,0,0,0,0,0,0,0,0,0,0,0,0,""
2020-07-15,0,12,0,0,0,0,0,0,0,0,0,0,0,0,0,1,0,13,"",2020-07-15,0,0,0,0,0,0,0,0,0,0,0,0,0,0,0,0,""
2020-07-16,0,3,0,1,0,0,0,0,0,0,0,0,1,0,0,1,0,6,"",2020-07-16,0,0,0,0,0,0,0,0,0,0,0,0,0,0,0,0,""
2020-07-17,0,2,0,0,0,0,0,0,0,0,1,0,0,0,0,0,0,3,"",2020-07-17,0,0,0,0,0,0,0,0,0,0,0,0,0,0,0,0,""
2020-07-18,1,10,0,0,0,0,0,0,0,0,1,0,0,0,0,1,0,13,"",2020-07-18,0,0,0,0,0,0,0,0,0,0,0,0,0,0,0,0,""
2020-07-19,0,6,1,0,0,0,0,0,0,0,1,0,0,0,0,1,0,9,"",2020-07-19,0,0,0,0,0,0,0,0,0,0,0,0,0,0,0,0,""
2020-07-20,0,2,0,0,0,0,0,0,0,0,0,0,0,0,0,1,0,3,"",2020-07-20,0,0,0,0,0,0,0,0,0,0,0,0,0,0,0,0,""
2020-07-21,0,8,1,0,0,0,0,1,0,0,0,0,0,0,0,0,0,10,"",2020-07-21,0,0,0,0,0,0,0,0,0,0,0,0,0,0,0,0,""
2020-07-22,0,6,0,0,0,0,0,0,0,0,0,0,0,0,0,0,0,6,"",2020-07-22,0,0,0,0,0,0,0,0,0,0,0,0,0,0,0,0,""
2020-07-23,0,3,0,0,0,0,0,0,0,0,0,0,1,0,0,0,0,4,"",2020-07-23,0,0,0,0,0,0,0,0,0,0,0,0,0,0,0,0,""
2020-07-24,0,6,0,0,0,0,0,0,0,0,0,0,0,0,0,0,0,6,"",2020-07-24,0,0,0,0,0,0,0,0,0,0,0,0,0,0,0,0,""
2020-07-25,0,9,0,0,0,0,0,0,0,0,0,0,0,0,0,0,0,9,"",2020-07-25,0,0,0,0,0,0,0,0,0,0,0,0,0,0,0,0,""
2020-07-26,0,5,0,0,0,0,0,0,0,0,0,0,0,0,0,0,0,5,"",2020-07-26,0,0,0,0,0,0,0,0,0,0,0,0,0,0,0,0,""
2020-07-27,0,5,0,0,0,0,0,0,0,0,0,0,0,0,0,0,0,5,"",2020-07-27,0,0,0,0,0,0,0,0,0,0,0,0,0,0,0,0,""
2020-07-28,0,3,0,0,0,0,0,0,0,0,0,0,0,0,0,0,0,3,"",2020-07-28,0,0,0,0,0,0,0,0,0,0,0,0,0,0,0,0,""
2020-07-29,0,3,0,1,0,1,0,0,0,0,0,0,0,0,0,0,0,5,"",2020-07-29,0,0,0,0,0,0,0,0,0,0,0,0,0,0,0,0,""
2020-07-30,0,7,0,1,0,0,0,0,0,0,0,0,0,0,1,0,0,9,"",2020-07-30,0,0,0,0,0,0,0,0,0,0,0,0,0,0,0,0,""
2020-07-31,0,12,0,1,0,0,0,0,0,0,0,0,1,0,1,0,0,15,"",2020-07-31,0,0,0,0,0,0,0,0,0,0,0,0,0,0,0,0,""
2020-08-01,0,13,0,2,0,0,0,0,0,0,0,0,0,0,0,3,0,18,"",2020-08-01,0,0,0,0,0,0,0,0,0,0,0,0,0,0,0,0,""
2020-08-02,0,9,0,0,0,0,0,0,0,0,0,0,0,0,0,0,0,9,"",2020-08-02,0,0,0,0,0,0,0,0,0,0,0,0,0,0,0,0,""
2020-08-03,0,15,2,0,0,0,0,0,0,0,0,0,0,0,0,6,0,23,"",2020-08-03,0,0,0,0,0,0,0,0,0,0,0,0,0,0,0,0,""
2020-08-04,2,8,1,0,0,0,0,0,0,0,0,0,0,0,0,0,0,11,"",2020-08-04,0,0,0,0,0,0,0,0,0,0,0,0,0,0,0,0,""
2020-08-05,0,9,2,0,0,0,0,0,0,0,1,0,1,0,0,1,0,14,"",2020-08-05,0,0,0,0,0,0,0,0,0,0,0,0,0,0,0,0,""
2020-08-06,0,6,0,0,0,0,0,0,0,0,0,0,3,0,1,1,0,11,"",2020-08-06,0,0,0,0,0,0,0,0,0,0,0,0,0,0,0,0,""
2020-08-07,0,6,0,0,0,0,0,3,0,0,0,0,2,0,0,3,0,14,"",2020-08-07,0,0,0,0,0,0,0,0,0,0,0,0,0,0,0,0,""
2020-08-08,1,8,0,0,0,0,0,1,0,0,0,0,1,0,0,2,0,13,"",2020-08-08,0,0,0,0,0,0,0,0,0,0,0,0,0,0,0,0,""
2020-08-09,1,9,0,0,0,0,0,0,0,0,0,0,1,0,0,0,0,11,"",2020-08-09,0,0,0,0,0,0,0,0,0,0,0,0,0,0,0,0,""
2020-08-10,1,10,0,0,0,0,0,0,0,0,0,0,1,0,0,1,0,13,"",2020-08-10,0,0,0,0,0,0,0,0,0,0,0,0,0,0,0,0,""
2020-08-11,0,13,0,0,0,0,0,0,0,0,0,0,0,0,0,1,0,14,"",2020-08-11,0,0,0,0,0,0,0,0,0,0,0,0,0,0,0,0,""
2020-08-12,0,3,0,0,0,0,0,0,0,0,0,1,0,0,0,0,0,4,"",2020-08-12,0,0,0,0,0,0,0,0,0,0,0,0,0,0,0,0,""
2020-08-13,0,5,1,0,0,0,0,0,0,0,0,1,0,0,0,3,0,10,"",2020-08-13,0,0,0,0,0,0,0,0,0,0,0,0,0,0,0,0,""
2020-08-14,1,10,0,1,0,0,0,0,0,0,0,0,0,0,0,0,0,12,"",2020-08-14,0,0,0,0,0,0,0,0,0,0,0,0,0,0,0,0,""
2020-08-15,0,10,0,0,0,0,0,0,0,0,0,1,0,0,1,2,0,14,"",2020-08-15,0,0,0,0,0,0,0,0,0,0,0,0,0,0,0,0,""
2020-08-16,0,8,0,0,0,0,0,0,0,0,0,0,0,0,0,0,0,8,"",2020-08-16,0,0,0,0,0,0,0,0,0,0,0,0,0,0,0,0,""
2020-08-17,0,4,0,0,0,0,0,0,0,0,0,0,0,0,0,1,0,5,"",2020-08-17,0,0,0,0,0,0,0,0,0,0,0,0,0,0,0,0,""
2020-08-18,0,5,0,0,0,0,0,0,0,0,0,0,0,0,0,1,0,6,"",2020-08-18,0,0,0,0,0,0,0,0,0,0,0,0,0,0,0,0,""
2020-08-19,1,6,1,0,0,0,0,0,0,0,0,0,0,0,0,0,0,8,"",2020-08-19,0,0,0,0,0,0,0,0,0,0,0,0,0,0,0,0,""
2020-08-20,1,6,13,0,0,0,0,0,0,0,0,0,0,0,0,5,0,25,"",2020-08-20,0,0,0,0,0,0,0,0,0,0,0,0,0,0,0,0,""
2020-08-21,0,5,3,0,0,0,0,0,0,0,0,0,0,1,0,1,0,10,"",2020-08-21,0,0,0,0,0,0,0,0,0,0,0,0,0,0,0,0,""
2020-08-22,0,7,4,0,0,0,0,1,0,0,1,0,0,0,0,4,0,17,"",2020-08-22,0,0,0,0,0,0,0,0,0,0,0,0,0,0,0,0,""
2020-08-23,0,10,2,0,0,0,0,0,0,0,2,0,0,0,0,0,0,14,"",2020-08-23,0,0,0,0,0,0,0,0,0,0,0,0,0,0,0,0,""
2020-08-24,0,4,3,0,0,0,0,0,0,0,0,0,0,0,0,1,0,8,"",2020-08-24,0,0,0,0,0,0,0,0,0,0,0,0,0,0,0,0,""
2020-08-25,0,4,0,0,0,0,0,1,0,0,0,0,0,0,1,1,0,7,"",2020-08-25,0,0,0,0,0,0,0,0,0,0,0,0,0,0,0,0,""
2020-08-26,0,4,2,0,0,0,0,0,0,0,0,1,0,0,0,0,0,7,"",2020-08-26,0,0,0,0,0,0,0,0,0,0,0,0,0,0,0,0,""
2020-08-27,0,8,2,0,0,0,0,0,0,0,0,0,0,0,0,0,0,10,"",2020-08-27,0,0,0,0,0,0,0,0,0,0,0,0,0,0,0,0,""
2020-08-28,0,9,1,0,1,0,0,1,0,0,0,4,0,0,0,0,0,16,"",2020-08-28,0,0,0,0,0,0,0,0,0,0,0,0,0,0,0,0,""
2020-08-29,0,6,1,0,0,0,0,0,0,0,0,2,0,0,0,0,0,9,"",2020-08-29,0,0,0,0,0,0,0,0,0,0,0,0,0,0,0,0,""
2020-08-30,0,2,1,0,0,0,0,0,0,0,0,0,1,0,0,0,0,4,"",2020-08-30,0,0,0,0,0,0,0,0,0,0,0,0,0,0,0,0,""
2020-08-31,0,5,0,0,2,0,0,0,0,0,0,0,0,0,0,1,0,8,"",2020-08-31,0,0,0,0,0,0,0,0,0,0,0,0,0,0,0,0,""
2020-09-01,0,12,2,0,0,0,0,1,0,0,0,0,0,0,0,1,0,16,"",2020-09-01,0,0,0,0,0,0,0,0,0,0,0,0,0,0,0,0,""
2020-09-02,0,4,1,0,0,0,0,0,0,0,0,0,0,0,1,0,0,6,"",2020-09-02,0,0,0,0,0,0,0,0,0,0,0,0,0,0,0,0,""
2020-09-03,0,5,0,0,0,0,0,0,0,0,0,0,0,0,0,1,0,6,"",2020-09-03,0,0,0,0,0,0,0,0,0,0,0,0,0,0,0,0,""
2020-09-04,0,4,0,0,0,0,0,0,0,0,0,0,0,0,0,1,0,5,"",2020-09-04,0,0,0,0,0,0,0,0,0,0,0,0,0,0,0,0,""
2020-09-05,0,8,0,0,0,0,0,0,0,0,0,0,0,0,1,1,0,10,"",2020-09-05,0,0,0,0,0,0,0,0,0,0,0,0,0,0,0,0,""
2020-09-06,0,4,0,0,0,0,0,0,0,0,0,0,0,0,0,0,0,4,"",2020-09-06,0,0,0,0,0,0,0,0,0,0,0,0,0,0,0,0,""
2020-09-07,0,6,0,0,0,0,0,0,0,0,0,0,0,0,0,0,0,6,"",2020-09-07,0,0,0,0,0,0,0,0,0,0,0,0,0,0,0,0,""
2020-09-08,0,10,0,0,0,0,0,0,0,0,0,0,0,0,0,1,0,11,"",2020-09-08,0,0,0,0,0,0,0,0,0,0,0,0,0,0,0,0,""
2020-09-09,0,3,0,0,0,0,0,0,0,0,0,0,0,0,0,1,0,4,"",2020-09-09,0,0,0,0,0,0,0,0,0,0,0,0,0,0,0,0,""
2020-09-10,0,10,0,0,0,0,0,0,0,0,0,0,0,0,0,1,0,11,"",2020-09-10,0,0,0,0,0,0,0,0,0,0,0,0,0,0,0,0,""
2020-09-11,0,2,0,0,0,0,0,2,0,0,0,0,0,0,0,2,0,6,"",2020-09-11,0,0,0,0,0,0,0,0,0,0,0,0,0,0,0,0,""
2020-09-12,0,6,0,0,0,0,0,0,0,0,0,0,0,0,0,1,0,7,"",2020-09-12,0,0,0,0,0,0,0,0,0,0,0,0,0,0,0,0,""
2020-09-13,0,2,0,0,0,0,0,0,0,0,0,0,0,0,0,1,0,3,"",2020-09-13,0,0,0,0,0,0,0,0,0,0,0,0,0,0,0,0,""
2020-09-14,0,7,0,0,0,0,0,0,0,0,0,0,0,0,0,1,0,8,"",2020-09-14,0,0,0,0,0,0,0,0,0,0,0,0,0,0,0,0,""
2020-09-15,0,6,1,0,0,0,0,0,0,0,0,0,0,0,0,1,0,8,"",2020-09-15,0,0,0,0,0,0,0,0,0,0,0,0,0,0,0,0,""
2020-09-16,0,7,0,0,0,0,0,0,0,0,0,2,0,0,0,2,0,11,"",2020-09-16,0,0,0,0,0,0,0,0,0,0,0,0,0,0,0,0,""
2020-09-17,0,6,0,0,0,0,0,0,0,0,0,0,0,0,0,1,0,7,"",2020-09-17,0,0,0,0,0,0,0,0,0,0,0,0,0,0,0,0,""
2020-09-18,0,12,0,0,0,0,0,0,0,0,0,0,0,0,1,4,0,17,"",2020-09-18,0,0,0,0,0,0,0,0,0,0,0,0,0,0,0,0,""
2020-09-19,0,15,0,0,0,0,0,0,0,0,0,0,0,0,0,2,0,17,"",2020-09-19,0,0,0,0,0,0,0,0,0,0,0,0,0,0,0,0,""
2020-09-20,0,16,0,0,0,0,0,0,0,0,0,0,0,0,0,0,0,16,"",2020-09-20,0,0,0,0,0,0,0,0,0,0,0,0,0,0,0,0,""
2020-09-21,0,12,0,1,0,0,0,0,0,0,1,0,0,0,0,1,0,15,"",2020-09-21,0,0,0,0,0,0,0,0,0,0,0,0,0,0,0,0,""
2020-09-22,1,6,1,0,0,0,0,0,0,0,0,0,0,0,0,1,0,9,"",2020-09-22,0,0,0,0,0,0,0,0,0,0,0,0,0,0,0,0,""
2020-09-23,0,8,1,0,0,0,0,0,0,0,0,0,0,0,0,3,0,12,"",2020-09-23,0,0,0,0,0,0,0,0,0,0,0,0,0,0,0,0,""
2020-09-24,0,10,0,0,0,0,0,0,0,0,0,0,0,0,0,1,0,11,"",2020-09-24,0,0,0,0,0,0,0,0,0,0,0,0,0,0,0,0,""
2020-09-25,1,21,0,1,0,0,0,0,0,0,0,0,0,0,0,2,0,25,"",2020-09-25,0,0,0,0,0,0,0,0,0,0,0,0,0,0,0,0,""
2020-09-26,0,5,1,1,0,0,0,0,0,0,0,0,0,0,0,0,0,7,"",2020-09-26,0,0,0,0,0,0,0,0,0,0,0,0,0,0,0,0,""
2020-09-27,0,15,0,2,0,0,0,0,0,0,1,0,0,0,0,1,0,19,"",2020-09-27,0,0,0,0,0,0,0,0,0,0,0,0,0,0,0,0,""
2020-09-28,0,15,0,0,0,0,0,0,0,0,0,0,0,0,0,2,0,17,"",2020-09-28,0,0,0,0,0,0,0,0,0,0,0,0,0,0,0,0,""
2020-09-29,0,12,0,1,0,0,0,0,0,0,0,2,0,0,0,1,0,16,"",2020-09-29,0,0,0,0,0,0,0,0,0,0,0,0,0,0,0,0,""
2020-09-30,0,14,0,0,1,0,0,0,0,0,0,0,0,0,0,1,0,16,"",2020-09-30,0,0,0,0,0,0,0,0,0,0,0,0,0,0,0,0,""
2020-10-01,0,16,2,0,0,0,0,0,0,0,0,0,0,0,0,1,0,19,"",2020-10-01,0,0,0,0,0,0,0,0,0,0,0,0,0,0,0,0,""
2020-10-02,0,11,2,1,0,0,0,0,0,0,0,0,0,0,0,1,0,15,"",2020-10-02,0,0,0,0,0,0,0,0,0,0,0,0,0,0,0,0,""
2020-10-03,1,15,0,1,1,0,0,0,0,0,0,0,0,0,0,0,0,18,"",2020-10-03,0,0,0,0,0,0,0,0,0,0,0,0,0,0,0,0,""
2020-10-04,0,17,0,1,0,0,0,0,1,0,0,1,0,0,0,2,0,22,"",2020-10-04,0,0,0,0,0,0,0,0,0,0,0,0,0,0,0,0,""
2020-10-05,0,27,0,1,0,0,0,0,0,0,0,0,0,0,0,8,0,36,"",2020-10-05,0,0,0,0,0,0,0,0,0,0,0,0,0,0,0,0,""
2020-10-06,0,6,2,1,0,0,0,1,0,0,0,0,1,0,0,1,0,12,"",2020-10-06,0,0,0,0,0,0,0,0,0,0,0,0,0,0,0,0,""
2020-10-07,1,30,4,1,0,0,0,1,0,0,0,0,0,0,0,1,0,38,"",2020-10-07,0,0,0,0,0,0,0,0,0,0,0,0,0,0,0,0,""
2020-10-08,2,16,1,2,0,0,0,4,0,0,0,0,0,0,0,4,0,29,"",2020-10-08,0,0,0,0,0,0,0,0,0,0,0,0,0,0,0,0,""
2020-10-09,2,18,2,2,2,0,0,1,0,0,0,0,0,0,0,0,0,27,"",2020-10-09,0,0,0,0,0,0,0,0,0,0,0,0,0,0,0,0,""
2020-10-10,0,19,2,0,0,0,0,0,0,0,0,0,0,0,0,3,0,24,"",2020-10-10,0,0,0,0,0,0,0,0,0,0,0,0,0,0,0,0,""
2020-10-11,0,26,0,4,0,0,0,0,0,0,0,0,0,0,0,1,0,31,"",2020-10-11,0,0,0,0,0,0,0,0,0,0,0,0,0,0,0,0,""
2020-10-12,1,9,0,0,1,0,0,0,0,0,0,0,1,0,0,0,0,12,"",2020-10-12,0,0,0,0,0,0,0,0,0,0,0,0,0,0,0,0,""
2020-10-13,1,5,7,2,1,1,0,3,0,0,0,0,0,0,0,0,0,20,"",2020-10-13,0,0,0,0,0,0,0,0,0,0,0,0,0,0,0,0,""
2020-10-14,0,10,0,1,2,0,0,1,0,0,0,0,2,0,0,4,0,20,"",2020-10-14,0,0,0,0,0,0,0,0,0,0,0,0,0,0,0,0,""
2020-10-15,10,10,2,1,5,0,0,0,0,0,0,0,1,0,0,1,0,30,"",2020-10-15,0,0,0,0,0,0,0,0,0,0,0,0,0,0,0,0,""
2020-10-16,2,10,3,1,12,0,0,0,0,0,0,0,1,0,0,2,0,31,"",2020-10-16,0,0,0,0,0,0,0,0,0,0,0,0,0,0,0,0,""
2020-10-17,0,18,1,0,2,0,0,0,0,0,0,0,1,0,0,5,0,27,"",2020-10-17,0,0,0,0,0,0,0,0,0,0,0,0,0,0,0,0,""
2020-10-18,1,16,0,0,2,0,0,0,0,0,0,0,3,1,0,1,0,24,"",2020-10-18,0,0,0,0,0,0,0,0,0,0,0,0,0,0,0,0,""
2020-10-19,0,11,0,0,0,0,0,0,0,0,0,0,2,0,0,4,0,17,"",2020-10-19,0,0,0,0,0,0,0,0,0,0,0,0,0,0,0,0,""
2020-10-20,0,15,4,0,0,0,0,0,0,0,0,0,10,0,0,2,0,31,"",2020-10-20,0,0,0,0,0,0,0,0,0,0,0,0,0,0,0,0,""
2020-10-21,0,15,4,0,0,0,0,0,0,1,0,0,1,0,0,1,0,22,"",2020-10-21,0,0,0,0,0,0,0,0,0,0,0,0,0,0,0,0,""
2020-10-22,0,30,1,0,1,1,0,0,0,0,0,0,5,0,0,2,0,40,"",2020-10-22,0,0,0,0,0,0,0,0,0,0,0,0,0,0,0,0,""
2020-10-23,0,32,1,1,0,0,0,1,0,0,0,0,6,0,0,10,0,51,"",2020-10-23,0,0,0,0,0,0,0,0,0,0,0,0,0,0,0,0,""
2020-10-24,1,35,1,0,1,0,0,0,0,0,0,2,6,0,0,14,0,60,"",2020-10-24,0,0,0,0,0,0,0,0,0,0,0,0,0,0,0,0,""
2020-10-25,0,27,1,3,0,1,0,0,0,0,1,0,1,0,1,6,0,41,"",2020-10-25,0,0,0,0,0,0,0,0,0,0,0,0,0,0,0,0,""
2020-10-26,0,36,0,0,0,0,0,1,0,0,0,1,1,0,0,11,0,50,"",2020-10-26,0,0,0,0,0,0,0,0,0,0,0,0,0,0,0,0,""
2020-10-27,0,19,0,0,0,0,0,2,0,0,1,1,1,0,0,3,0,27,"",2020-10-27,0,0,0,0,0,0,0,0,0,0,0,0,0,0,0,0,""
2020-10-28,0,37,2,1,0,0,0,0,0,0,0,1,2,0,3,6,0,52,"",2020-10-28,0,0,0,0,0,0,0,0,0,0,0,0,0,0,0,0,""
2020-10-29,0,43,0,3,0,0,0,1,0,0,1,0,0,0,0,5,0,53,"",2020-10-29,0,0,0,0,0,0,0,0,0,0,0,0,0,0,0,0,""
2020-10-30,3,39,1,9,0,0,0,2,0,0,0,1,3,0,5,6,0,69,"",2020-10-30,0,0,0,0,0,0,0,0,0,0,0,0,0,0,0,0,""
2020-10-31,6,62,2,0,0,0,0,1,0,0,2,1,2,0,1,4,0,81,"",2020-10-31,0,0,0,0,0,0,0,0,0,0,0,0,0,0,0,0,""
2020-11-01,1,52,1,4,0,0,0,0,0,0,0,0,1,0,0,10,0,69,"",2020-11-01,0,0,0,0,0,0,0,0,0,0,0,0,0,0,0,0,""
2020-11-02,0,76,1,4,0,0,0,1,0,0,0,0,0,0,0,14,0,96,"",2020-11-02,0,0,0,0,0,0,0,0,0,0,0,0,0,0,0,0,""
2020-11-03,1,46,3,2,1,0,0,9,0,0,1,1,0,0,0,7,0,71,"",2020-11-03,0,0,0,0,0,0,0,0,0,0,0,0,0,0,0,0,""
2020-11-04,2,51,0,5,1,1,1,0,0,0,0,0,1,0,0,13,0,75,"",2020-11-04,0,0,0,0,0,0,0,0,0,0,0,0,0,0,0,0,""
2020-11-05,1,89,1,6,0,4,0,3,0,1,0,2,1,0,0,11,0,119,"",2020-11-05,0,0,0,0,0,0,0,0,0,0,0,0,0,0,0,0,""
2020-11-06,2,90,0,3,2,0,1,6,0,1,2,3,4,0,0,1,0,115,"",2020-11-06,0,0,0,0,0,0,0,0,0,0,0,0,0,0,0,0,""
2020-11-07,7,144,2,0,0,3,0,9,0,2,2,6,2,0,1,9,0,187,"",2020-11-07,0,0,0,0,0,0,0,0,0,0,0,0,0,0,0,0,""
2020-11-08,11,108,3,2,0,1,0,16,0,0,2,9,0,0,0,1,0,153,"",2020-11-08,0,0,0,0,0,0,0,0,0,0,0,0,0,0,0,0,""
2020-11-09,9,161,1,1,1,2,0,1,0,0,4,5,1,0,0,14,0,200,"",2020-11-09,0,0,0,0,0,0,0,0,0,0,0,0,0,0,0,0,""
2020-11-10,2,130,1,3,0,2,0,5,2,3,3,9,0,0,0,6,0,166,"",2020-11-10,0,0,0,0,0,0,0,0,0,0,0,0,0,0,0,0,""
2020-11-11,4,149,5,7,0,1,1,6,0,0,1,13,0,0,0,10,0,197,"",2020-11-11,0,0,0,0,0,0,0,0,0,0,0,0,0,0,0,0,""
2020-11-12,8,169,6,7,2,2,0,9,0,11,0,12,4,0,1,5,0,236,"",2020-11-12,0,0,0,0,0,0,0,0,0,0,0,0,0,0,0,0,""
2020-11-13,16,169,10,6,0,1,1,6,1,6,0,8,4,0,2,5,0,235,"",2020-11-13,0,0,0,0,0,0,0,0,0,0,0,0,0,0,0,0,""
2020-11-14,10,162,3,6,1,3,0,6,3,5,1,13,9,0,0,8,0,230,"",2020-11-14,0,0,0,0,0,0,0,0,0,0,0,0,0,0,0,0,""
2020-11-15,6,156,2,10,1,7,1,15,1,1,0,3,2,0,0,4,0,209,"",2020-11-15,0,0,0,0,0,0,0,0,0,0,0,0,0,0,0,0,""
2020-11-16,12,138,0,5,0,3,0,7,0,1,3,4,4,0,0,12,0,189,"",2020-11-16,0,0,0,0,0,0,0,0,0,0,0,0,0,0,0,0,""
2020-11-17,3,155,2,6,0,9,0,7,1,1,0,5,1,0,0,7,0,197,"",2020-11-17,0,0,0,0,0,0,0,0,0,0,0,0,0,0,0,0,""
2020-11-18,13,179,8,6,0,3,1,5,1,1,0,8,2,0,0,6,0,233,"",2020-11-18,0,0,0,0,0,0,0,0,0,0,0,0,0,0,0,0,""
2020-11-19,7,202,4,5,0,14,0,11,1,1,2,6,4,0,1,9,0,267,"",2020-11-19,0,0,0,0,0,0,0,0,0,0,0,0,0,0,0,0,""
2020-11-20,13,213,8,12,1,0,0,20,0,1,4,12,13,1,0,6,0,304,"",2020-11-20,0,0,0,0,0,0,0,0,0,0,0,0,0,0,0,0,""
2020-11-21,3,171,11,5,0,8,0,14,0,0,2,9,2,0,0,9,0,234,"",2020-11-21,0,0,0,0,0,0,0,0,0,0,0,0,0,0,0,0,""
2020-11-22,2,171,2,4,0,1,0,42,0,0,2,4,3,0,1,13,0,245,"",2020-11-22,0,0,0,0,0,0,0,0,0,0,0,0,0,0,0,0,""
2020-11-23,5,137,1,3,1,6,0,21,0,0,3,10,4,0,0,14,1,205,"",2020-11-23,0,0,0,0,0,0,0,0,0,0,0,0,0,0,0,0,""
2020-11-24,1,181,2,0,0,1,1,15,0,1,0,6,2,0,0,6,0,216,"",2020-11-24,0,0,0,0,0,0,0,0,0,0,0,0,0,0,0,0,""
2020-11-25,6,100,6,0,0,4,0,46,0,1,0,8,6,0,0,4,0,181,"",2020-11-25,0,0,0,0,0,0,0,0,0,0,0,0,0,0,0,0,""
2020-11-26,5,160,11,3,0,12,7,37,1,0,0,6,7,0,0,7,0,256,"",2020-11-26,0,0,0,0,0,0,0,0,0,0,0,0,0,0,0,0,""
2020-11-27,25,149,10,3,0,7,0,33,1,1,0,13,2,0,0,8,0,252,"",2020-11-27,0,0,0,0,0,0,0,0,0,0,0,0,0,0,0,0,""
2020-11-28,4,173,8,3,3,5,0,34,0,0,2,11,2,1,0,6,0,252,"",2020-11-28,0,0,0,0,0,0,0,0,0,0,0,0,0,0,0,0,""
2020-11-29,4,127,2,0,1,1,10,29,0,0,0,10,3,0,0,5,0,192,"",2020-11-29,0,0,0,0,0,0,0,0,0,0,0,0,0,0,0,0,""
2020-11-30,2,103,6,0,1,2,3,21,0,0,0,5,2,0,0,6,0,151,"",2020-11-30,0,0,0,0,0,0,0,0,0,0,0,0,0,0,0,0,""
2020-12-01,4,142,0,0,2,2,1,41,0,0,0,2,1,0,0,11,0,206,"",2020-12-01,0,0,0,0,0,0,0,0,0,0,0,0,0,0,0,0,""
2020-12-02,10,73,3,1,1,5,25,48,0,0,0,4,2,0,0,2,2,174,"",2020-12-02,0,0,0,0,0,0,0,0,0,0,0,0,0,0,0,0,""
2020-12-03,8,143,5,2,1,5,0,24,0,0,2,8,1,0,0,7,0,206,"",2020-12-03,0,0,0,0,0,0,0,0,0,0,0,0,0,0,0,0,""
2020-12-04,17,119,5,3,0,1,17,31,0,0,3,6,0,0,1,9,0,212,"",2020-12-04,0,0,0,0,0,0,0,0,0,0,0,0,0,0,0,0,""
2020-12-05,9,122,3,1,0,0,0,32,0,0,0,6,0,0,0,10,0,183,"",2020-12-05,0,0,0,0,0,0,0,0,0,0,0,0,0,0,0,0,""
2020-12-06,2,132,0,5,0,1,6,17,0,0,3,5,2,0,1,13,0,187,"",2020-12-06,0,0,0,0,0,0,0,0,0,0,0,0,0,0,0,0,""
2020-12-07,2,92,0,5,0,1,2,8,0,0,0,6,1,0,0,7,0,124,"",2020-12-07,0,0,0,0,0,0,0,0,0,0,0,0,0,0,0,0,""
2020-12-08,1,107,2,16,0,1,0,51,0,2,0,7,0,0,0,17,0,204,"",2020-12-08,0,0,0,0,0,0,0,0,0,0,0,0,0,0,0,0,""
2020-12-09,3,109,2,18,0,14,2,28,0,6,0,10,0,0,0,5,0,197,"",2020-12-09,0,0,0,0,0,0,0,0,0,0,0,0,0,0,0,0,""
2020-12-10,4,146,7,13,0,2,0,29,0,14,0,9,2,0,0,15,0,241,"",2020-12-10,0,0,0,0,0,0,0,0,0,0,0,0,0,0,0,0,""
2020-12-11,1,112,6,12,1,6,0,15,0,6,2,12,2,0,0,2,0,177,"",2020-12-11,0,0,0,0,0,0,0,0,0,0,0,0,0,0,0,0,""
2020-12-12,3,79,0,32,0,0,0,50,0,5,3,13,1,0,0,2,1,188,"",2020-12-12,0,0,0,0,0,0,0,0,0,0,0,0,0,0,0,0,""
2020-12-13,3,94,0,11,6,3,0,15,0,10,11,8,2,0,0,1,0,164,"",2020-12-13,0,0,0,0,0,0,0,0,0,0,0,0,0,0,0,0,""
2020-12-14,0,87,1,8,0,0,1,12,0,5,1,7,0,0,0,3,0,125,"",2020-12-14,0,0,0,0,0,0,0,0,0,0,0,0,0,0,0,0,""
2020-12-15,1,67,0,4,0,5,0,8,0,0,0,15,0,0,0,4,0,104,"",2020-12-15,0,0,0,0,0,0,0,0,0,0,0,0,0,0,0,0,""
2020-12-16,2,43,3,10,1,2,0,8,0,4,0,7,3,0,1,2,0,86,"",2020-12-16,0,0,0,0,0,0,0,0,0,0,0,0,0,0,0,0,""
2020-12-17,3,78,3,35,0,4,0,6,0,1,1,8,0,0,0,0,0,139,"",2020-12-17,0,0,0,0,0,0,0,0,0,0,0,0,0,0,0,0,""
2020-12-18,2,74,1,26,0,1,0,17,0,0,0,13,3,0,0,4,0,141,"",2020-12-18,0,0,0,0,0,0,0,0,0,0,0,0,0,0,0,0,""
2020-12-19,2,76,1,15,1,5,0,10,0,0,0,9,1,0,0,12,0,132,"",2020-12-19,0,0,0,0,0,0,0,0,0,0,0,0,0,0,0,0,""
2020-12-20,4,59,0,28,0,0,0,5,0,0,0,33,1,0,0,5,0,135,"",2020-12-20,0,0,0,0,0,0,0,0,0,0,0,0,0,0,0,0,""
2020-12-21,0,65,1,22,0,0,0,4,0,0,0,13,0,0,0,5,0,110,"",2020-12-21,0,0,0,0,0,0,0,0,0,0,0,0,0,0,0,0,""
2020-12-22,0,47,0,0,0,0,0,16,0,0,0,1,0,0,2,8,0,74,"",2020-12-22,0,0,0,0,0,0,0,0,0,0,0,0,0,0,0,0,""
2020-12-23,1,71,3,10,0,3,0,11,1,0,0,11,1,0,0,2,0,114,"",2020-12-23,0,0,0,0,0,0,0,0,0,0,0,0,0,0,0,0,""
2020-12-24,1,75,1,5,0,5,0,10,0,0,0,23,0,0,0,3,0,123,"",2020-12-24,0,0,0,0,0,0,0,0,0,0,0,0,0,0,0,0,""
2020-12-25,5,51,2,6,0,8,0,3,0,0,0,15,0,0,1,6,0,97,"",2020-12-25,0,0,0,0,0,0,0,0,0,0,0,0,0,0,0,0,""
2020-12-26,3,68,2,7,0,6,0,20,0,0,0,18,0,0,0,37,0,161,"",2020-12-26,0,0,0,0,0,0,0,0,0,0,0,0,0,0,0,0,""
2020-12-27,1,50,1,14,0,3,0,2,0,0,0,7,0,0,1,6,0,85,"",2020-12-27,0,0,0,0,0,0,0,0,0,0,0,0,0,0,0,0,""
2020-12-28,0,64,2,4,0,5,0,1,0,0,2,12,0,0,0,4,0,94,"",2020-12-28,0,0,0,0,0,0,0,0,0,0,0,0,0,0,0,0,""
2020-12-29,2,40,8,2,0,3,0,3,0,2,1,5,0,0,1,20,0,87,"",2020-12-29,0,0,0,0,0,0,0,0,0,0,0,0,0,0,0,0,""
2020-12-30,1,64,21,6,0,7,0,2,0,6,2,8,0,0,0,16,0,133,"",2020-12-30,0,0,0,0,0,0,0,0,0,0,0,0,0,0,0,0,""
2020-12-31,1,98,15,8,0,19,0,1,1,0,0,7,0,0,1,16,0,167,"",2020-12-31,0,0,0,0,0,0,0,0,0,0,0,0,0,0,0,0,""
2021-01-01,0,59,10,10,0,7,0,0,0,0,0,3,0,0,0,9,0,98,"",2021-01-01,0,0,0,0,0,0,0,0,0,0,0,0,0,0,0,0,""
2021-01-02,0,50,2,12,0,2,0,1,0,0,0,3,0,0,1,6,0,77,"",2021-01-02,0,0,0,0,0,0,0,0,0,0,0,0,0,0,0,0,""
2021-01-03,0,26,12,11,0,8,0,3,0,0,0,3,0,0,2,3,0,68,"",2021-01-03,0,0,0,0,0,0,0,0,0,0,0,0,0,0,0,0,""
2021-01-04,0,60,8,6,0,2,1,1,0,0,1,7,0,0,0,7,0,93,"",2021-01-04,0,0,0,0,0,0,0,0,0,0,0,0,0,0,0,0,""
2021-01-05,1,43,12,8,0,3,0,0,0,0,1,4,0,1,1,5,0,79,"",2021-01-05,0,0,0,0,0,0,0,0,0,0,0,0,0,0,0,0,""
2021-01-06,1,73,17,10,0,4,0,1,0,0,1,2,0,0,0,6,0,115,"",2021-01-06,0,0,0,0,0,0,0,0,0,0,0,0,0,0,0,0,""
2021-01-07,7,98,21,11,0,7,0,2,0,0,0,7,1,1,0,6,0,161,"",2021-01-07,0,0,0,0,0,0,0,0,0,0,0,0,0,0,0,0,""
2021-01-08,3,93,29,9,0,8,0,6,0,0,2,17,3,2,1,8,0,181,"",2021-01-08,0,0,0,0,0,0,0,0,0,0,0,0,0,0,0,0,""
2021-01-09,1,123,42,7,0,12,0,3,0,0,2,14,3,0,1,7,0,215,"",2021-01-09,0,0,0,0,0,0,0,0,0,0,0,0,0,0,0,0,""
2021-01-10,2,90,26,20,1,14,0,2,0,0,1,11,10,1,0,10,0,188,"",2021-01-10,0,0,0,0,0,0,0,0,0,0,0,0,0,0,0,0,""
2021-01-11,2,91,16,3,0,1,0,0,2,0,1,12,3,1,0,3,0,135,"",2021-01-11,0,0,0,0,0,0,0,0,0,0,0,0,0,0,0,0,""
2021-01-12,2,79,20,10,1,10,0,2,0,0,6,6,2,0,0,7,0,145,"",2021-01-12,0,0,0,0,0,0,0,0,0,0,0,0,0,0,0,0,""
2021-01-13,0,63,13,7,0,13,0,1,0,1,4,3,0,0,0,4,0,109,"",2021-01-13,0,0,0,0,0,0,0,0,0,0,0,0,0,0,0,0,""
2021-01-14,2,97,20,14,0,37,0,2,1,1,6,7,3,0,1,3,0,194,"",2021-01-14,0,0,0,0,0,0,0,0,0,0,0,0,0,0,0,0,""
2021-01-15,5,122,12,10,1,34,0,1,2,0,2,3,2,1,1,6,0,202,"",2021-01-15,0,0,0,0,0,0,0,0,0,0,0,0,0,0,0,0,""
2021-01-16,2,94,16,7,1,39,0,3,4,0,3,18,4,0,0,1,0,192,"",2021-01-16,0,0,0,0,0,0,0,0,0,0,0,0,0,0,0,0,""
2021-01-17,9,55,15,4,0,20,0,4,1,0,8,3,0,0,0,5,0,124,"",2021-01-17,0,0,0,0,0,0,0,0,0,0,0,0,0,0,0,0,""
2021-01-18,1,84,7,4,0,17,0,1,0,0,7,1,0,0,0,3,0,125,"",2021-01-18,0,0,0,0,0,0,0,0,0,0,0,0,0,0,0,0,""
2021-01-19,1,46,7,3,0,15,0,3,4,0,1,5,3,0,0,4,0,92,"",2021-01-19,0,0,0,0,0,0,0,0,0,0,0,0,0,0,0,0,""
2021-01-20,3,100,18,5,0,13,0,6,0,0,4,2,1,0,0,12,0,164,"",2021-01-20,0,0,0,0,0,0,0,0,0,0,0,0,0,0,0,0,""
2021-01-21,2,76,9,7,0,14,0,6,0,0,4,1,5,0,0,6,0,130,"",2021-01-21,0,0,0,0,0,0,0,0,0,0,0,0,0,0,0,0,""
2021-01-22,4,52,9,4,0,7,0,12,1,0,2,3,10,0,0,7,0,111,"",2021-01-22,0,0,0,0,0,0,0,0,0,0,0,0,0,0,0,0,""
2021-01-23,5,73,9,9,0,9,0,10,1,0,4,8,5,0,1,4,0,138,"",2021-01-23,0,0,0,0,0,0,0,0,0,0,0,0,0,0,0,0,""
2021-01-24,1,44,6,13,0,16,0,1,0,0,6,3,1,0,0,3,0,94,"",2021-01-24,0,0,0,0,0,0,0,0,0,0,0,0,0,0,0,0,""
2021-01-25,6,40,1,10,0,13,0,1,0,0,2,2,12,0,0,1,0,88,"",2021-01-25,0,0,0,0,0,0,0,0,0,0,0,0,0,0,0,0,""
2021-01-26,1,45,15,6,0,17,0,8,0,0,0,3,4,1,0,6,0,106,"",2021-01-26,0,0,0,0,0,0,0,0,0,0,0,0,0,0,0,0,""
2021-01-27,1,68,22,8,0,15,0,8,1,0,2,3,3,0,0,16,0,147,"",2021-01-27,0,0,0,0,0,0,0,0,0,0,0,0,0,0,0,0,""
2021-01-28,1,51,9,8,0,10,0,3,0,0,1,2,1,1,0,28,0,115,"",2021-01-28,0,0,0,0,0,0,0,0,0,0,0,0,0,0,0,0,""
2021-01-29,1,73,10,9,0,5,0,6,0,0,0,2,1,0,0,4,0,111,"",2021-01-29,0,0,0,0,0,0,0,0,0,0,0,0,0,0,0,0,""
2021-01-30,2,78,4,3,0,6,0,7,0,0,2,0,3,0,0,1,0,106,"",2021-01-30,0,0,0,0,0,0,0,0,0,0,0,0,0,0,0,0,""
2021-01-31,0,72,13,4,0,0,3,0,0,0,1,1,5,0,0,5,0,104,"",2021-01-31,0,0,0,0,0,0,0,0,0,0,0,0,0,0,0,0,""
2021-02-01,0,49,11,1,0,10,0,1,0,0,0,0,3,0,0,1,0,76,"",2021-02-01,0,0,0,0,0,0,0,0,0,0,0,0,0,0,0,0,""
2021-02-02,0,70,7,1,0,12,0,5,0,3,3,0,0,0,0,4,0,105,"",2021-02-02,0,0,0,0,0,0,0,0,0,0,0,0,0,0,0,0,""
2021-02-03,1,56,7,4,0,10,0,2,0,1,2,1,3,0,0,7,0,94,"",2021-02-03,0,0,0,0,0,0,0,0,0,0,0,0,0,0,0,0,""
2021-02-04,0,90,6,2,3,4,0,1,0,0,0,1,4,0,0,9,0,120,"",2021-02-04,0,0,0,0,0,0,0,0,0,0,0,0,0,0,0,0,""
2021-02-05,1,76,4,0,0,5,0,2,0,1,1,0,0,0,0,3,0,93,"",2021-02-05,0,0,0,0,0,0,0,0,0,0,0,0,0,0,0,0,""
2021-02-06,0,50,6,1,1,5,0,1,0,0,0,1,0,0,0,13,0,78,"",2021-02-06,0,0,0,0,0,0,0,0,0,0,0,0,0,0,0,0,""
2021-02-07,0,48,2,4,2,3,0,5,0,0,0,0,0,0,0,5,0,69,"",2021-02-07,0,0,0,0,0,0,0,0,0,0,0,0,0,0,0,0,""
2021-02-08,0,39,2,2,0,3,0,1,0,0,0,0,2,0,0,1,0,50,"",2021-02-08,0,0,0,0,0,0,0,0,0,0,0,0,0,0,0,0,""
2021-02-09,0,23,5,0,0,5,0,4,0,0,0,1,0,0,0,3,0,41,"",2021-02-09,0,0,0,0,0,0,0,0,0,0,0,0,0,0,0,0,""
2021-02-10,0,46,4,0,0,7,1,2,0,0,3,0,0,0,0,1,0,64,"",2021-02-10,0,0,0,0,0,0,0,0,0,0,0,0,0,0,0,0,""
2021-02-11,0,79,4,1,0,5,0,1,0,0,0,0,0,0,0,2,0,92,"",2021-02-11,0,0,0,0,0,0,0,0,0,0,0,0,0,0,0,0,""
2021-02-12,0,55,5,0,0,4,0,1,0,0,0,0,7,0,0,3,0,75,"",2021-02-12,0,0,0,0,0,0,0,0,0,0,0,0,0,0,0,0,""
2021-02-13,0,22,1,0,0,5,0,2,1,0,0,0,0,0,0,8,0,39,"",2021-02-13,0,0,0,0,0,0,0,0,0,0,0,0,0,0,0,0,""
2021-02-14,0,35,6,1,0,0,0,3,7,0,0,0,0,0,0,0,0,52,"",2021-02-14,0,0,0,0,0,0,0,0,0,0,0,0,0,0,0,0,""
2021-02-15,0,26,3,1,0,2,0,0,1,0,0,0,4,2,0,2,0,41,"",2021-02-15,0,0,0,0,0,0,0,0,0,0,0,0,0,0,0,0,""
2021-02-16,0,22,4,1,0,0,0,8,1,0,1,0,7,0,0,0,0,44,"",2021-02-16,0,0,0,0,0,0,0,0,0,0,0,0,0,0,0,0,""
2021-02-17,1,39,6,0,0,2,0,7,0,0,0,0,6,0,0,3,0,64,"",2021-02-17,0,0,0,0,0,0,0,0,0,0,0,0,0,0,0,0,""
2021-02-18,2,21,1,0,0,0,0,6,0,0,0,0,1,0,0,1,0,32,"",2021-02-18,0,0,0,0,0,0,0,0,0,0,0,0,0,0,0,0,""
2021-02-19,3,30,4,0,0,1,0,4,1,0,0,0,0,0,0,0,0,43,"",2021-02-19,0,0,0,0,0,0,0,0,0,0,0,0,0,0,0,0,""
2021-02-20,2,22,0,0,0,0,0,8,1,0,0,0,0,0,0,1,0,34,"",2021-02-20,0,0,0,0,0,0,0,0,0,0,0,0,0,0,0,0,""
2021-02-21,5,27,11,0,0,0,0,15,0,0,2,0,0,0,0,3,0,63,"",2021-02-21,0,0,0,0,0,0,0,0,0,0,0,0,0,0,0,0,""
2021-02-22,2,13,1,1,0,1,0,2,0,0,0,0,0,0,0,1,0,21,"",2021-02-22,0,0,0,0,0,0,0,0,0,0,0,0,0,0,0,0,""
2021-02-23,0,33,11,0,0,0,0,16,1,0,0,0,1,0,0,4,0,66,"",2021-02-23,0,0,0,0,0,0,0,0,0,0,0,0,0,0,0,0,""
2021-02-24,1,31,4,0,0,0,0,0,0,0,0,1,4,0,0,2,0,43,"",2021-02-24,0,0,0,0,0,0,0,0,0,0,0,0,0,0,0,0,""
2021-02-25,0,18,12,0,0,0,0,5,0,0,0,5,3,0,0,0,0,43,"",2021-02-25,0,0,0,0,0,0,0,0,0,0,0,0,0,0,0,0,""
2021-02-26,1,12,5,2,0,0,0,2,0,0,0,11,1,1,0,1,0,36,"",2021-02-26,0,0,0,0,0,0,0,0,0,0,0,0,0,0,0,0,""
2021-02-27,0,23,8,2,0,0,0,1,0,0,0,3,1,1,1,3,0,43,"",2021-02-27,0,0,0,0,0,0,0,0,0,0,0,0,0,0,0,0,""
2021-02-28,0,13,2,0,0,0,0,1,0,0,0,9,1,0,0,1,0,27,"",2021-02-28,0,0,0,0,0,0,0,0,0,0,0,0,0,0,0,0,""
2021-03-01,0,12,5,3,0,0,0,0,0,0,0,3,1,0,3,2,0,29,"",2021-03-01,0,0,0,0,0,0,0,0,0,0,0,0,0,0,0,0,""
2021-03-02,1,19,3,0,0,1,0,0,0,0,0,4,0,0,0,1,0,29,"",2021-03-02,0,0,0,0,0,0,0,0,0,0,0,0,0,0,0,0,""
2021-03-03,0,22,6,3,0,2,0,2,0,0,1,4,17,0,1,2,0,60,"",2021-03-03,0,0,0,0,0,0,0,0,0,0,0,0,0,0,0,0,""
2021-03-04,0,24,3,0,0,1,0,4,0,0,0,4,29,0,0,1,0,66,"",2021-03-04,0,0,0,0,0,0,0,0,0,0,0,0,0,0,0,0,""
2021-03-05,0,33,3,3,0,3,0,4,0,0,2,5,9,0,0,2,0,64,"",2021-03-05,0,0,0,0,0,0,0,0,0,0,0,0,0,0,0,0,""
2021-03-06,0,29,5,0,0,1,0,4,0,0,0,6,2,0,0,0,0,47,"",2021-03-06,0,0,0,0,0,0,0,0,0,0,0,0,0,0,0,0,""
2021-03-07,0,41,2,0,0,1,0,6,0,0,3,8,20,0,0,3,0,84,"",2021-03-07,0,0,0,0,0,0,0,0,0,0,0,0,0,0,0,0,""
2021-03-08,2,17,7,1,0,0,0,3,0,0,0,18,11,0,2,2,0,63,"",2021-03-08,0,0,0,0,0,0,0,0,0,0,0,0,0,0,0,0,""
2021-03-09,2,17,3,0,0,1,0,4,0,0,1,30,3,0,0,2,0,63,"",2021-03-09,0,0,0,0,0,0,0,0,0,0,0,0,0,0,0,0,""
2021-03-10,1,20,2,5,0,1,0,9,0,0,0,12,9,0,0,6,0,65,"",2021-03-10,0,0,0,0,0,0,0,0,0,0,0,0,0,0,0,0,""
2021-03-11,1,39,1,0,0,1,0,4,0,0,1,16,5,0,0,3,0,71,"",2021-03-11,0,0,0,0,0,0,0,0,0,0,0,0,0,0,0,0,""
2021-03-12,0,19,2,2,0,0,0,0,0,0,0,7,22,0,0,1,0,53,"",2021-03-12,0,0,0,0,0,0,0,0,0,0,0,0,0,0,0,0,""
2021-03-13,0,29,4,2,0,1,0,9,0,0,0,7,4,0,0,2,0,58,"",2021-03-13,0,0,0,0,0,0,0,0,0,0,0,0,0,0,0,0,""
2021-03-14,0,26,2,1,0,1,0,1,0,0,0,4,4,0,1,5,0,45,"",2021-03-14,0,0,0,0,0,0,0,0,0,0,0,0,0,0,0,0,""
2021-03-15,0,28,5,0,0,3,0,4,0,0,0,1,5,0,2,6,0,54,"",2021-03-15,0,0,0,0,0,0,0,0,0,0,0,0,0,0,0,0,""
2021-03-16,1,30,0,0,0,5,0,3,0,0,0,6,11,0,9,4,0,69,"",2021-03-16,0,0,0,0,0,0,0,0,0,0,0,0,0,0,0,0,""
2021-03-17,0,44,10,0,0,4,0,1,0,0,0,7,3,0,0,4,0,73,"",2021-03-17,0,0,0,0,0,0,0,0,0,0,0,0,0,0,0,0,""
2021-03-18,1,76,6,0,1,4,0,1,0,0,0,3,4,0,0,0,0,96,"",2021-03-18,0,0,0,0,0,0,0,0,0,0,0,0,0,0,0,0,""
2021-03-19,2,61,2,2,0,1,1,2,0,0,0,3,2,1,0,1,0,78,"",2021-03-19,0,0,0,0,0,0,0,0,0,0,0,0,0,0,0,0,""
2021-03-20,0,37,2,0,0,5,0,1,0,0,0,4,1,0,0,1,0,51,"",2021-03-20,0,0,0,0,0,0,0,0,0,0,0,0,0,0,0,0,""
2021-03-21,0,40,2,1,0,4,0,0,0,0,0,6,3,0,0,4,0,60,"",2021-03-21,0,0,0,0,0,0,0,0,0,0,0,0,0,0,0,0,""
2021-03-22,0,39,0,0,0,2,0,1,0,0,0,3,0,0,0,5,0,50,"",2021-03-22,0,0,0,0,0,0,0,0,0,0,0,0,0,0,0,0,""
2021-03-23,0,33,0,0,0,4,0,1,0,0,0,0,0,0,0,4,0,42,"",2021-03-23,0,0,0,0,0,0,0,0,0,0,0,0,0,0,0,0,""
2021-03-24,1,55,0,1,0,7,1,4,0,0,0,2,0,0,1,9,0,81,"",2021-03-24,0,0,0,0,0,0,0,0,0,0,0,0,0,0,0,0,""
2021-03-25,1,49,1,2,0,3,0,2,0,0,0,2,1,0,1,5,0,67,"",2021-03-25,0,0,0,0,0,0,0,0,0,0,0,0,0,0,0,0,""
2021-03-26,4,55,0,1,0,0,0,2,0,0,0,1,0,0,0,6,0,69,"",2021-03-26,0,0,0,0,0,0,0,0,0,0,0,0,0,0,0,0,""
2021-03-27,2,50,1,1,0,0,0,0,0,0,0,2,0,0,0,6,0,62,"",2021-03-27,0,0,0,0,0,0,0,0,0,0,0,0,0,0,0,0,""
2021-03-28,4,62,2,1,0,0,0,0,0,0,0,1,0,0,1,3,0,74,"",2021-03-28,0,0,0,0,0,0,0,0,0,0,0,0,0,0,0,0,""
2021-03-29,2,33,0,1,0,2,0,1,0,0,0,0,0,0,1,6,0,46,"",2021-03-29,0,0,0,0,0,0,0,0,0,0,0,0,0,0,0,0,""
2021-03-30,2,29,2,0,3,4,0,11,0,0,0,1,0,0,0,4,0,56,"",2021-03-30,0,0,0,0,0,0,0,0,0,0,0,0,0,0,0,0,""
2021-03-31,6,44,1,0,0,16,0,1,0,0,0,3,0,0,0,5,0,76,"",2021-03-31,0,0,0,0,0,0,0,0,0,0,0,0,0,0,0,0,""
2021-04-01,0,34,0,2,0,5,0,5,0,0,0,2,0,0,0,9,0,57,"",2021-04-01,0,0,0,0,0,0,0,0,0,0,0,0,0,0,0,0,""
2021-04-02,0,37,0,0,1,3,0,5,0,0,4,2,0,0,0,5,0,57,"",2021-04-02,0,0,0,0,0,0,0,0,0,0,0,0,0,0,0,0,""
2021-04-03,2,50,0,0,0,3,0,7,0,0,2,2,0,0,0,0,0,66,"",2021-04-03,0,0,0,0,0,0,0,0,0,0,0,0,0,0,0,0,""
2021-04-04,0,30,0,0,0,6,0,9,0,0,0,2,0,0,0,6,0,53,"",2021-04-04,0,0,0,0,0,0,0,0,0,0,0,0,0,0,0,0,""
2021-04-05,0,44,0,1,0,6,0,11,0,0,2,1,0,0,0,6,0,71,"",2021-04-05,0,0,0,0,0,0,0,0,0,0,0,0,0,0,0,0,""
2021-04-06,0,37,0,0,0,2,0,17,0,0,0,0,0,0,0,7,0,63,"",2021-04-06,0,0,0,0,0,0,0,0,0,0,0,0,0,0,0,0,""
2021-04-07,0,43,0,2,0,4,0,9,0,0,0,5,1,0,0,8,0,72,"",2021-04-07,0,0,0,0,0,0,0,0,0,0,0,0,0,0,0,0,""
2021-04-08,0,48,0,8,0,1,0,11,0,0,3,2,1,0,0,5,0,79,"",2021-04-08,0,0,0,0,0,0,0,0,0,0,0,0,0,0,0,0,""
2021-04-09,2,56,1,2,0,0,0,13,0,0,0,0,0,0,0,9,0,83,"",2021-04-09,0,0,0,0,0,0,0,0,0,0,0,0,0,0,0,0,""
2021-04-10,1,95,0,5,0,2,0,7,0,0,0,0,0,0,0,6,0,116,"",2021-04-10,0,0,0,0,0,0,0,0,0,0,0,0,0,0,0,0,""
2021-04-11,0,45,3,1,0,5,0,9,0,0,0,0,2,0,1,3,0,69,"",2021-04-11,0,0,0,0,0,0,0,0,0,0,0,0,0,0,0,0,""
2021-04-12,0,45,2,2,0,4,0,0,0,0,0,0,0,0,0,5,0,58,"",2021-04-12,0,0,0,0,0,0,0,0,0,0,0,0,0,0,0,0,""
2021-04-13,0,35,0,1,0,0,0,13,0,0,0,0,0,0,0,11,0,60,"",2021-04-13,0,0,0,0,0,0,0,0,0,0,0,0,0,0,0,0,""
2021-04-14,0,55,0,3,0,3,0,7,0,0,0,1,0,0,1,7,0,77,"",2021-04-14,0,0,0,0,0,0,0,0,0,0,0,0,0,0,0,0,""
2021-04-15,2,74,0,3,0,3,0,12,0,0,0,0,0,0,0,7,0,101,"",2021-04-15,0,0,0,0,0,0,0,0,0,0,0,0,0,0,0,0,""
2021-04-16,1,66,0,4,0,0,0,13,1,0,3,0,0,0,0,10,0,98,"",2021-04-16,0,0,0,0,0,0,0,0,0,0,0,0,0,0,0,0,""
2021-04-17,1,76,1,2,0,2,0,11,0,0,0,0,1,0,0,15,0,109,"",2021-04-17,0,0,0,0,0,0,0,0,0,0,0,0,0,0,0,0,""
2021-04-18,0,74,1,5,0,1,0,9,0,0,0,0,0,0,0,8,0,98,"",2021-04-18,0,0,0,0,0,0,0,0,0,0,0,0,0,0,0,0,""
2021-04-19,0,55,0,0,0,0,0,0,0,1,0,0,0,0,0,22,0,78,"",2021-04-19,0,0,0,0,0,0,0,0,0,0,0,0,0,0,0,0,""
2021-04-20,4,66,1,1,0,1,0,18,0,0,0,1,0,0,0,14,0,106,"",2021-04-20,0,0,0,0,0,0,0,0,0,0,0,0,0,0,0,0,""
2021-04-21,2,95,1,5,0,0,0,4,1,0,0,1,0,0,1,14,0,124,"",2021-04-21,0,0,0,0,0,0,0,0,0,0,0,0,0,0,0,0,""
2021-04-22,5,110,1,2,2,1,0,10,1,0,3,0,0,0,0,18,0,153,"",2021-04-22,0,0,0,0,0,0,0,0,0,0,0,0,0,0,0,0,""
2021-04-23,3,113,1,7,0,0,0,8,0,0,6,0,0,0,0,20,0,158,"",2021-04-23,0,0,0,0,0,0,0,0,0,0,0,0,0,0,0,0,""
2021-04-24,3,116,4,2,0,0,0,12,0,0,5,1,1,1,0,15,0,160,"",2021-04-24,0,0,0,0,0,0,0,0,0,0,0,0,0,0,0,0,""
2021-04-25,0,68,2,5,1,1,0,3,0,0,5,3,0,0,0,22,0,110,"",2021-04-25,0,0,0,0,0,0,0,0,0,0,0,0,0,0,0,0,""
2021-04-26,6,95,4,3,0,0,0,5,0,0,6,1,0,0,0,19,0,139,"",2021-04-26,0,0,0,0,0,0,0,0,0,0,0,0,0,0,0,0,""
2021-04-27,2,77,4,2,0,6,0,16,0,0,1,0,0,0,1,12,0,121,"",2021-04-27,0,0,0,0,0,0,0,0,0,0,0,0,0,0,0,0,""
2021-04-28,4,153,3,5,0,4,0,8,0,1,5,3,1,0,0,32,0,219,"",2021-04-28,0,0,0,0,0,0,0,0,0,0,0,0,0,0,0,0,""
2021-04-29,2,153,2,5,0,1,0,30,0,0,3,1,0,0,2,35,0,234,"",2021-04-29,0,0,0,0,0,0,0,0,0,0,0,0,0,0,0,0,""
2021-04-30,1,138,6,4,0,6,0,10,0,0,2,1,0,0,0,19,0,187,"",2021-04-30,0,0,0,0,0,0,0,0,0,0,0,0,0,0,0,0,""
2021-05-01,0,129,0,3,0,5,0,20,0,0,0,0,0,0,0,23,0,180,"",2021-05-01,0,0,0,0,0,0,0,0,0,0,0,0,0,0,0,0,""
2021-05-02,4,244,4,7,0,13,0,19,0,0,0,0,1,1,0,33,0,326,"",2021-05-02,0,0,0,0,0,0,0,0,0,0,0,0,0,0,0,0,""
2021-05-03,1,94,1,2,0,1,0,4,0,0,0,0,2,0,0,9,0,114,"",2021-05-03,0,0,0,0,0,0,0,0,0,0,0,0,0,0,0,0,""
2021-05-04,2,193,3,2,0,0,0,13,0,0,0,0,1,2,0,17,0,233,"",2021-05-04,0,0,0,0,0,0,0,0,0,0,0,0,0,0,0,0,""
2021-05-05,6,138,2,9,0,3,0,4,0,1,2,2,0,1,1,12,0,181,"",2021-05-05,0,0,0,0,0,0,0,0,0,0,0,0,0,0,0,0,""
2021-05-06,1,255,8,4,0,2,0,13,0,0,2,0,1,1,2,31,0,320,"",2021-05-06,0,0,0,0,0,0,0,0,0,0,0,0,0,0,0,0,""
2021-05-07,6,169,8,5,1,13,0,15,1,3,0,4,0,1,2,20,0,248,"",2021-05-07,0,0,0,0,0,0,0,0,0,0,0,0,0,0,0,0,""
2021-05-08,9,300,21,11,2,7,0,19,2,2,1,5,6,2,2,14,0,403,"",2021-05-08,0,0,0,0,0,0,0,0,0,0,0,0,0,0,0,0,""
2021-05-09,19,358,16,14,2,4,3,25,2,7,6,12,21,4,1,12,0,506,"",2021-05-09,0,0,0,0,0,0,0,0,0,0,0,0,0,0,0,0,""
2021-05-10,18,283,20,18,1,3,1,4,0,3,3,8,10,10,3,24,0,409,"",2021-05-10,0,0,0,0,0,0,0,0,0,0,0,0,0,0,0,0,""
2021-05-11,15,308,10,17,3,6,1,20,2,1,3,5,2,8,0,20,0,421,"",2021-05-11,0,0,0,0,0,0,0,0,0,0,0,0,0,0,0,0,""
2021-05-12,20,363,19,18,4,2,2,29,0,3,5,20,4,9,4,27,0,529,"",2021-05-12,0,0,0,0,0,0,0,0,0,0,0,0,0,0,0,0,""
2021-05-13,18,534,16,32,2,9,2,27,0,2,4,18,10,8,2,28,0,712,"",2021-05-13,0,0,0,0,0,0,0,0,0,0,0,0,0,0,0,0,""
2021-05-14,18,397,21,28,4,5,0,31,2,2,2,31,6,14,2,30,0,593,"",2021-05-14,0,0,0,0,0,0,0,0,0,0,0,0,0,0,0,0,""
2021-05-15,28,395,13,29,5,3,1,30,0,0,9,28,6,4,1,14,0,566,"",2021-05-15,0,0,0,0,0,0,0,0,0,0,0,0,0,0,0,0,""
2021-05-16,24,334,8,26,9,0,3,18,5,0,4,20,6,1,1,32,0,491,"",2021-05-16,0,0,0,0,0,0,0,0,0,0,0,0,0,0,0,0,""
2021-05-17,11,242,9,32,10,1,0,13,1,2,3,19,5,2,0,22,0,372,"",2021-05-17,0,0,0,0,0,0,0,0,0,0,0,0,0,0,0,0,""
2021-05-18,10,398,15,12,3,8,0,37,0,0,3,2,5,0,0,39,1,532,"",2021-05-18,0,0,0,0,0,0,0,0,0,0,0,0,0,0,0,0,""
2021-05-19,15,399,14,19,8,9,7,49,0,0,8,18,10,3,1,44,0,604,"",2021-05-19,0,0,0,0,0,0,0,0,0,0,0,0,0,0,0,0,""
2021-05-20,13,476,31,27,8,6,0,48,0,3,6,25,10,5,0,23,0,681,"",2021-05-20,0,0,0,0,0,0,0,0,0,0,0,0,0,0,0,0,""
2021-05-21,8,507,25,32,9,29,2,32,3,1,3,17,8,3,1,47,0,727,"",2021-05-21,0,0,0,0,0,0,0,0,0,0,0,0,0,0,0,0,""
2021-05-22,24,410,33,29,18,4,0,36,7,3,22,21,8,2,0,41,0,658,"",2021-05-22,0,0,0,0,0,0,0,0,0,0,0,0,0,0,0,0,""
2021-05-23,11,416,11,28,10,9,2,27,6,2,9,16,4,4,0,50,0,605,"",2021-05-23,0,0,0,0,0,0,0,0,0,0,0,0,0,0,0,0,""
2021-05-24,5,243,11,17,2,5,0,4,2,0,2,13,13,5,1,43,0,366,"",2021-05-24,0,0,0,0,0,0,0,0,0,0,0,0,0,0,0,0,""
2021-05-25,12,314,13,5,6,7,0,48,4,0,18,6,0,2,1,23,0,459,"",2021-05-25,0,0,0,0,0,0,0,0,0,0,0,0,0,0,0,0,""
2021-05-26,12,373,12,29,4,3,0,31,0,1,12,21,8,6,0,39,0,551,"",2021-05-26,0,0,0,0,0,0,0,0,0,0,0,0,0,0,0,0,""
2021-05-27,5,408,24,28,8,6,1,24,3,0,0,17,4,3,1,38,0,570,"",2021-05-27,0,0,0,0,0,0,0,0,0,0,0,0,0,0,0,0,""
2021-05-28,9,304,9,12,4,3,0,12,3,1,8,18,5,1,0,34,0,423,"",2021-05-28,0,0,0,0,0,0,0,0,0,0,0,0,0,0,0,0,""
2021-05-29,10,292,12,36,4,4,0,17,0,0,0,42,5,1,1,18,0,442,"",2021-05-29,0,0,0,0,0,0,0,0,0,0,0,0,0,0,0,0,""
2021-05-30,5,182,5,32,1,5,1,14,0,0,1,22,3,4,0,13,0,288,"",2021-05-30,0,0,0,0,0,0,0,0,0,0,0,0,0,0,0,0,""
2021-05-31,2,207,3,17,2,3,0,4,0,4,0,16,1,0,0,20,0,279,"",2021-05-31,0,0,0,0,0,0,0,0,0,0,0,0,0,0,0,0,""
2021-06-01,10,163,2,14,4,7,0,15,0,2,2,10,1,1,0,23,0,254,"",2021-06-01,0,0,0,0,0,0,0,0,0,0,0,0,0,0,0,0,""
2021-06-02,7,208,9,28,0,4,0,10,0,3,4,15,3,1,0,25,0,317,"",2021-06-02,0,0,0,0,0,0,0,0,0,0,0,0,0,0,0,0,""
2021-06-03,7,192,8,21,1,6,0,14,1,2,3,15,7,1,0,22,0,300,"",2021-06-03,0,0,0,0,0,0,0,0,0,0,0,0,0,0,0,0,""
2021-06-04,9,124,6,10,3,4,0,15,0,0,2,14,5,0,0,11,0,203,"",2021-06-04,0,0,0,0,0,0,0,0,0,0,0,0,0,0,0,0,""
2021-06-05,5,185,9,7,1,12,0,16,1,0,1,15,3,1,3,17,0,276,"",2021-06-05,0,0,0,0,0,0,0,0,0,0,0,0,0,0,0,0,""
2021-06-06,3,134,0,3,0,4,0,9,0,2,1,8,0,1,1,17,0,183,"",2021-06-06,0,0,0,0,0,0,0,0,0,0,0,0,0,0,0,0,""
2021-06-07,1,108,3,3,0,3,0,4,0,3,1,3,1,1,0,16,0,147,"",2021-06-07,0,0,0,0,0,0,0,0,0,0,0,0,0,0,0,0,""
2021-06-08,5,81,10,4,0,4,0,11,0,0,0,1,0,0,0,4,0,120,"",2021-06-08,0,0,0,0,0,0,0,0,0,0,0,0,0,0,0,0,""
2021-06-09,12,116,6,6,2,4,0,4,0,0,0,8,2,0,0,19,0,179,"",2021-06-09,0,0,0,0,0,0,0,0,0,0,0,0,0,0,0,0,""
2021-06-10,11,134,4,5,1,8,0,4,0,0,1,6,2,0,0,6,0,182,"",2021-06-10,0,0,0,0,0,0,0,0,0,0,0,0,0,0,0,0,""
2021-06-11,8,80,7,3,0,4,0,14,0,0,2,3,16,0,0,8,0,145,"",2021-06-11,0,0,0,0,0,0,0,0,0,0,0,0,0,0,0,0,""
2021-06-12,8,92,1,0,0,3,0,4,2,0,1,1,2,0,0,11,0,125,"",2021-06-12,0,0,0,0,0,0,0,0,0,0,0,0,0,0,0,0,""
2021-06-13,3,54,3,2,0,3,0,2,0,0,0,0,4,0,1,10,0,82,"",2021-06-13,0,0,0,0,0,0,0,0,0,0,0,0,0,0,0,0,""
2021-06-14,5,51,0,0,0,1,0,1,0,0,0,4,5,0,0,7,0,74,"",2021-06-14,0,0,0,0,0,0,0,0,0,0,0,0,0,0,0,0,""
2021-06-15,9,49,4,2,1,4,0,4,0,0,0,0,4,0,0,10,0,87,"",2021-06-15,0,0,0,0,0,0,0,0,0,0,0,0,0,0,0,0,""
2021-06-16,7,56,1,2,0,7,0,3,0,0,1,8,0,0,0,3,0,88,"",2021-06-16,0,0,0,0,0,0,0,0,0,0,0,0,0,0,0,0,""
2021-06-17,4,45,0,4,0,6,0,0,0,0,0,5,2,0,0,7,0,73,"",2021-06-17,0,0,0,0,0,0,0,0,0,0,0,0,0,0,0,0,""
2021-06-18,5,54,1,3,0,4,0,0,0,0,2,3,1,0,1,2,0,76,"",2021-06-18,0,0,0,0,0,0,0,0,0,0,0,0,0,0,0,0,""
2021-06-19,4,54,0,6,0,4,0,0,0,0,0,0,2,0,0,3,0,73,"",2021-06-19,0,0,0,0,0,0,0,0,0,0,0,0,0,0,0,0,この日より前は集計データなし
2021-06-20,0,34,1,4,0,3,0,0,0,0,0,2,1,0,0,7,0,52,"",2021-06-20,0,3,0,4,0,0,0,0,0,0,0,2,1,0,0,10,道発表のデータはこの日以降入力済み
2021-06-21,0,25,0,2,0,5,0,0,0,0,0,0,0,0,0,5,0,37,"",2021-06-21,0,2,0,2,0,1,0,0,0,0,0,0,0,0,0,5,""
2021-06-22,1,14,0,2,0,0,0,0,0,0,0,2,1,0,0,9,0,29,"",2021-06-22,1,0,0,2,0,0,0,0,0,0,0,2,1,0,0,6,""
2021-06-23,0,35,1,1,0,1,0,0,0,2,0,2,0,0,0,7,0,49,"",2021-06-23,0,2,0,1,0,1,0,0,0,2,0,2,0,0,0,8,""
2021-06-24,0,20,0,0,0,1,0,0,0,0,0,2,0,0,1,2,0,26,"",2021-06-24,0,2,0,0,0,0,0,0,0,0,0,2,0,0,1,5,""
2021-06-25,0,18,0,0,0,2,0,0,1,0,1,1,1,0,2,7,0,33,"",2021-06-25,0,3,0,0,0,0,0,0,1,0,1,1,1,0,2,9,""
2021-06-26,0,26,0,4,0,1,0,0,0,0,2,2,2,0,0,10,0,47,"",2021-06-26,0,1,0,4,0,0,0,0,0,0,2,2,2,0,0,11,""
2021-06-27,0,16,0,1,0,3,0,0,0,0,2,4,0,0,0,2,0,28,"",2021-06-27,0,1,0,1,0,0,0,0,0,0,2,4,0,0,0,8,""
2021-06-28,0,16,0,4,0,0,0,0,0,0,1,0,0,0,0,6,0,27,"",2021-06-28,0,2,0,4,0,0,0,0,0,0,1,0,0,0,0,7,""
2021-06-29,1,14,0,1,0,4,0,0,0,0,0,1,0,0,0,2,0,23,"",2021-06-29,1,1,0,1,0,0,0,0,0,0,0,1,0,0,0,4,""
2021-06-30,0,24,1,1,0,3,0,0,3,0,0,1,2,0,0,3,0,38,"",2021-06-30,0,0,0,1,0,0,0,0,3,0,0,1,2,0,0,7,""
2021-07-01,2,21,1,1,0,2,0,1,5,0,0,1,0,0,1,4,0,39,"",2021-07-01,2,1,0,1,0,0,0,0,5,0,0,1,0,0,1,11,""
2021-07-02,0,11,1,1,0,3,0,0,0,0,0,3,0,0,0,7,0,26,"",2021-07-02,0,0,1,1,0,1,0,0,0,0,0,3,0,0,0,6,""
2021-07-03,0,14,0,1,0,3,0,0,0,0,3,2,0,0,2,5,0,30,"",2021-07-03,0,0,0,1,0,1,0,0,0,0,3,2,0,0,2,9,""
2021-07-04,0,20,0,0,0,2,0,0,0,0,14,0,0,0,1,2,0,39,"",2021-07-04,0,1,0,0,0,0,0,0,0,0,14,0,0,0,1,16,""
2021-07-05,0,17,0,1,0,0,0,1,0,0,4,0,1,0,0,5,0,29,"",2021-07-05,0,1,0,1,0,0,0,1,0,0,4,0,1,0,0,8,""
2021-07-06,1,14,0,0,0,2,0,5,0,0,6,0,0,0,0,6,0,34,"",2021-07-06,1,2,0,0,0,1,0,1,0,0,6,0,0,0,0,11,""
2021-07-07,0,27,0,0,0,10,0,5,2,0,9,3,1,0,0,10,0,67,"",2021-07-07,0,4,0,0,0,1,0,0,2,0,9,3,1,0,0,20,""
2021-07-08,0,25,2,1,0,2,0,4,0,0,6,6,0,0,0,16,0,62,"",2021-07-08,0,0,1,1,0,0,0,0,0,0,6,6,0,0,0,14,""
2021-07-09,1,22,2,0,0,6,0,2,1,0,8,1,0,0,0,7,0,50,"",2021-07-09,1,2,1,0,0,0,0,0,1,0,8,1,0,0,0,14,""
2021-07-10,2,41,4,2,0,1,0,1,0,0,5,0,0,0,0,8,0,64,"",2021-07-10,2,5,3,2,0,0,0,1,0,0,5,0,0,0,0,18,""
2021-07-11,1,19,0,0,0,2,0,15,0,1,4,0,0,0,0,14,0,56,"",2021-07-11,1,1,0,0,0,0,0,12,0,1,4,0,0,0,0,19,""
2021-07-12,1,27,0,0,0,1,0,2,0,0,5,0,0,0,2,9,0,47,"",2021-07-12,1,2,0,0,0,0,0,2,0,0,5,0,0,0,2,12,""
2021-07-13,0,30,2,1,1,2,0,3,0,1,2,0,1,0,3,14,0,60,"",2021-07-13,0,5,2,1,1,0,0,2,0,1,2,0,1,0,3,18,""
2021-07-14,0,43,0,4,0,3,0,5,0,0,1,3,0,0,0,16,0,75,"",2021-07-14,0,2,0,4,0,0,0,3,0,0,1,3,0,0,0,13,""
2021-07-15,1,38,1,2,1,0,0,1,0,1,7,4,0,0,0,29,0,85,"",2021-07-15,1,3,0,2,1,0,0,0,0,1,7,4,0,0,0,19,""
2021-07-16,0,44,1,2,0,0,0,5,0,0,3,0,1,1,1,15,0,73,"",2021-07-16,0,3,0,2,0,0,0,3,0,0,3,0,1,1,1,14,""
2021-07-17,0,66,2,5,0,1,0,3,0,0,6,1,1,0,0,26,0,111,"",2021-07-17,0,5,0,5,0,0,0,1,0,0,6,1,1,0,0,19,""
2021-07-18,0,66,0,3,0,3,0,1,0,0,8,1,1,0,1,23,0,107,"",2021-07-18,0,6,0,3,0,2,0,1,0,0,8,1,1,0,1,23,""
2021-07-19,0,47,1,5,0,1,0,0,0,0,5,0,0,0,0,11,0,70,"",2021-07-19,0,0,0,5,0,0,0,0,0,0,5,0,0,0,0,10,""
2021-07-20,2,58,1,4,0,2,0,9,0,0,8,1,0,1,0,18,0,104,"",2021-07-20,2,2,0,4,0,0,0,5,0,0,8,1,0,1,0,23,""
2021-07-21,0,61,4,8,0,0,0,5,0,0,15,0,1,0,1,23,0,118,"",2021-07-21,0,5,2,8,0,0,0,3,0,0,15,0,1,0,1,35,""
2021-07-22,2,79,3,6,0,2,1,1,0,0,19,1,3,0,1,22,0,140,"",2021-07-22,2,5,0,6,0,0,1,0,0,0,19,1,3,0,1,38,""
2021-07-23,1,38,0,6,0,1,0,1,0,0,12,0,0,0,1,19,0,79,"",2021-07-23,1,7,0,6,0,1,0,0,0,0,12,0,0,0,1,28,""
2021-07-24,0,79,0,2,0,0,0,4,0,0,14,1,1,0,0,17,0,118,"",2021-07-24,0,8,0,2,0,0,0,0,0,0,14,1,1,0,0,26,""
2021-07-25,0,62,1,6,0,0,0,9,0,0,6,1,0,0,4,24,0,113,"",2021-07-25,0,4,0,6,0,0,0,0,0,0,6,1,0,0,4,21,""
2021-07-26,1,77,0,2,0,1,0,1,0,0,15,2,2,0,2,34,0,137,"",2021-07-26,1,8,0,2,0,1,0,1,0,0,15,2,2,0,1,33,""
2021-07-27,2,65,9,5,0,8,0,7,0,1,7,2,2,0,5,25,0,138,"",2021-07-27,2,13,2,5,0,1,0,2,0,1,7,2,2,0,5,42,""
2021-07-28,2,120,5,13,0,14,0,7,1,0,8,7,12,0,6,32,0,227,"",2021-07-28,2,12,2,13,0,5,0,1,1,0,8,7,12,0,6,69,""
2021-07-29,3,145,5,8,3,20,0,10,0,0,11,10,5,0,6,34,0,260,"",2021-07-29,3,21,2,8,3,6,0,3,0,0,11,10,5,0,6,78,""
2021-07-30,5,123,7,15,2,12,1,7,0,0,9,18,4,1,5,41,0,250,"",2021-07-30,5,20,3,15,2,2,1,3,0,0,9,18,4,1,5,88,""
2021-07-31,3,173,3,11,2,8,0,12,0,2,7,8,6,0,4,45,0,284,"",2021-07-31,3,15,0,11,2,1,0,2,0,2,7,8,6,0,3,60,""
2021-08-01,2,144,10,8,7,16,0,7,0,0,6,15,10,0,2,40,0,267,"",2021-08-01,2,21,7,8,7,3,0,2,0,0,6,15,10,0,2,83,""
2021-08-02,5,133,0,4,1,5,0,1,0,0,2,10,7,0,2,47,0,217,"",2021-08-02,5,17,0,4,1,0,0,0,0,0,2,10,7,0,2,48,""
2021-08-03,4,104,4,8,5,8,0,14,2,1,6,6,7,1,2,39,0,211,"",2021-08-03,4,14,1,8,5,1,0,4,2,1,6,6,7,1,2,62,""
2021-08-04,10,184,6,16,4,16,0,8,1,0,6,23,6,1,0,85,0,366,"",2021-08-04,10,25,1,16,4,3,0,0,1,0,6,23,6,1,0,96,""
2021-08-05,5,199,5,13,1,20,0,5,1,0,1,22,12,1,4,53,0,342,"",2021-08-05,5,29,2,13,1,2,0,0,1,0,1,22,12,1,3,92,""
2021-08-06,10,162,8,7,0,13,1,13,0,0,2,18,9,1,2,37,0,283,"",2021-08-06,10,29,3,7,0,4,1,4,0,0,2,18,9,1,2,90,""
2021-08-07,7,214,6,12,2,10,0,12,0,1,2,14,9,1,4,53,0,347,"",2021-08-07,7,24,1,11,2,1,0,1,0,1,2,14,9,1,5,79,""
2021-08-08,5,177,1,6,1,19,0,2,0,1,7,15,14,0,5,55,0,308,"",2021-08-08,5,36,0,6,1,2,0,0,0,1,7,15,14,0,5,92,""
2021-08-09,10,187,4,5,1,13,0,2,0,3,3,8,1,2,7,64,0,310,"",2021-08-09,10,21,0,5,1,7,0,1,0,3,3,8,1,2,7,69,""
2021-08-10,5,204,1,7,0,3,0,11,0,1,5,1,2,3,27,77,0,347,"",2021-08-10,5,28,0,7,0,1,0,1,0,1,5,1,2,3,26,80,""
2021-08-11,17,179,13,13,1,18,0,18,1,1,4,2,7,1,13,63,0,351,"",2021-08-11,17,32,0,13,1,4,0,6,1,1,4,2,7,1,11,100,""
2021-08-12,15,236,5,14,2,20,0,27,2,1,4,28,23,3,15,85,0,480,"",2021-08-12,15,47,0,14,2,7,0,4,2,1,4,28,23,3,15,165,""
2021-08-13,14,200,5,14,2,15,1,48,0,0,6,35,16,2,14,82,0,454,"",2021-08-13,14,33,2,14,2,5,1,7,0,0,6,35,16,2,12,149,""
2021-08-14,11,264,4,11,4,10,0,27,0,1,6,16,13,3,18,91,0,479,"",2021-08-14,11,33,2,11,4,2,0,2,0,1,6,16,12,3,14,117,""
2021-08-15,9,173,4,14,3,12,0,24,0,0,4,17,18,1,15,72,0,366,"",2021-08-15,9,36,0,14,3,2,0,0,0,0,4,17,18,1,13,117,""
2021-08-16,11,168,2,15,0,25,0,23,1,3,2,13,10,0,13,71,0,357,"",2021-08-16,11,19,0,15,0,3,0,4,0,3,2,13,10,0,8,88,""
2021-08-17,12,162,14,15,3,31,0,61,0,0,4,20,12,3,14,59,0,410,"",2021-08-17,12,30,4,15,3,16,0,10,0,0,4,20,12,3,10,139,""
2021-08-18,14,273,16,26,3,35,0,64,0,3,16,23,18,3,9,92,0,595,"",2021-08-18,14,54,4,26,3,15,0,11,0,3,16,23,18,3,8,198,""
2021-08-19,9,266,17,25,3,27,0,66,0,4,8,30,17,4,11,88,0,575,"",2021-08-19,9,34,10,25,3,10,0,7,0,4,8,30,17,4,11,172,""
2021-08-20,9,288,6,16,2,10,1,61,1,1,14,22,9,3,8,72,0,523,"",2021-08-20,9,63,3,16,2,5,1,9,1,1,14,22,9,3,8,166,""
2021-08-21,8,287,12,17,3,15,1,74,1,7,7,30,13,14,13,77,0,579,"",2021-08-21,8,42,2,17,3,7,1,9,1,7,7,30,13,14,13,174,""
2021-08-22,9,256,17,22,3,17,0,47,0,2,14,38,9,8,10,77,0,529,"",2021-08-22,9,38,5,22,3,4,0,6,0,2,14,38,9,8,7,165,""
2021-08-23,10,207,9,12,2,11,0,56,0,1,10,10,1,9,7,75,0,420,"",2021-08-23,10,27,9,12,2,8,0,0,0,1,10,10,1,9,7,106,""
2021-08-24,10,180,10,15,2,25,0,68,5,0,5,17,11,1,13,64,0,426,"",2021-08-24,10,24,3,15,2,10,0,8,5,0,5,17,11,1,12,123,""
2021-08-25,16,243,8,23,3,40,0,84,5,0,11,23,12,8,9,83,0,568,"",2021-08-25,16,36,5,23,3,16,0,1,5,0,11,23,12,8,9,168,""
2021-08-26,10,237,16,17,0,22,0,60,1,5,7,28,5,16,2,78,0,504,"",2021-08-26,10,29,2,17,0,2,0,1,1,5,7,28,5,16,2,125,""
2021-08-27,9,161,6,16,3,27,0,51,0,1,8,28,3,6,7,56,0,382,"",2021-08-27,9,31,3,16,3,8,0,6,0,1,8,28,3,6,7,129,""
2021-08-28,9,222,5,9,4,22,0,61,2,1,6,31,7,4,3,71,0,457,"",2021-08-28,9,17,1,9,4,1,0,5,2,1,6,31,7,4,3,100,""
2021-08-29,7,170,5,8,2,13,0,42,0,0,13,28,8,3,5,55,0,359,"",2021-08-29,7,27,1,8,2,3,0,5,0,0,13,28,8,3,5,110,""
2021-08-30,3,117,0,6,3,9,0,48,0,0,8,21,3,1,5,42,0,266,"",2021-08-30,3,25,0,6,3,2,0,1,0,0,8,21,3,1,5,78,""
2021-08-31,6,123,3,13,0,27,0,28,0,0,11,8,4,0,16,66,0,305,"",2021-08-31,6,19,0,13,0,10,0,8,0,0,11,8,4,0,16,95,""
2021-09-01,9,138,2,11,2,28,0,56,0,1,6,23,16,2,3,54,0,351,"",2021-09-01,9,18,0,11,2,12,0,7,0,1,6,23,16,2,3,110,""
2021-09-02,5,139,4,7,1,29,0,19,0,0,8,24,14,2,2,60,0,314,"",2021-09-02,5,10,3,7,1,2,0,2,0,0,8,24,14,2,2,80,""
2021-09-03,5,107,2,5,1,31,2,26,0,0,9,11,7,2,0,43,0,251,"",2021-09-03,5,3,0,5,1,5,2,3,0,0,9,11,7,2,0,53,""
2021-09-04,1,85,5,11,0,22,1,24,0,0,8,13,16,2,3,33,0,224,"",2021-09-04,1,8,0,11,0,1,1,1,0,0,8,13,16,2,3,65,""
2021-09-05,4,100,3,2,1,27,0,7,0,0,0,8,11,1,4,50,0,218,"",2021-09-05,4,8,0,2,1,5,0,0,0,0,0,8,11,1,4,44,""
2021-09-06,2,51,2,3,1,10,0,13,0,1,1,2,5,2,0,30,0,123,"",2021-09-06,2,3,0,3,1,1,0,2,0,1,1,2,5,2,0,23,""
2021-09-07,5,33,8,1,0,22,0,18,0,3,4,2,5,6,3,27,0,137,"",2021-09-07,5,4,2,1,0,5,0,0,0,3,4,2,5,6,3,40,""
2021-09-08,10,68,6,1,0,23,0,14,0,4,2,8,5,1,0,38,0,180,"",2021-09-08,10,8,3,1,0,7,0,2,0,4,2,8,5,1,0,51,""
2021-09-09,4,70,4,5,1,10,0,14,0,0,5,6,1,0,0,24,0,144,"",2021-09-09,4,10,1,5,1,3,0,2,0,0,5,6,1,0,0,38,""
2021-09-10,2,39,6,2,0,20,0,15,0,3,3,3,1,2,2,19,0,117,"",2021-09-10,2,7,1,2,0,5,0,4,0,3,3,3,1,2,1,34,""
2021-09-11,2,71,0,0,0,22,0,15,0,3,8,3,3,0,1,28,0,156,"",2021-09-11,2,10,0,0,0,8,0,3,0,3,8,3,3,0,1,41,""
2021-09-12,0,48,3,1,0,15,0,12,0,4,6,5,1,0,3,18,0,116,"",2021-09-12,0,8,0,1,0,1,0,0,0,4,6,5,1,0,3,29,""
2021-09-13,1,29,0,0,0,1,0,5,0,0,0,0,0,0,1,18,0,55,"",2021-09-13,1,1,0,0,0,1,0,0,0,0,0,0,0,0,0,3,""
2021-09-14,5,29,6,1,0,10,0,10,0,0,1,2,2,0,1,24,0,91,"",2021-09-14,5,2,1,1,0,1,0,2,0,0,1,2,2,0,1,18,""
2021-09-15,3,42,4,0,0,18,0,8,1,0,0,3,3,0,0,28,0,110,"",2021-09-15,3,4,0,0,0,4,0,0,1,0,0,3,3,0,0,18,""
2021-09-16,1,40,2,2,0,14,0,10,0,1,1,3,1,0,0,19,0,94,"",2021-09-16,1,3,0,2,0,1,0,1,0,1,1,3,1,0,0,14,""
2021-09-17,0,42,3,0,1,6,1,7,1,1,2,2,1,1,1,15,0,84,"",2021-09-17,0,3,1,0,1,1,1,1,0,1,2,2,1,1,1,16,""
2021-09-18,1,33,1,1,0,7,0,7,0,2,0,2,3,0,1,19,0,77,"",2021-09-18,1,1,0,1,0,0,0,2,0,2,0,2,3,0,1,13,""
2021-09-19,0,41,3,0,0,7,0,7,0,1,1,0,0,0,0,15,0,75,"",2021-09-19,0,2,2,0,0,1,0,2,0,1,1,0,0,0,0,9,""
2021-09-20,0,34,2,0,0,4,0,3,0,0,0,0,3,0,0,4,0,50,"",2021-09-20,0,2,2,0,0,1,0,0,0,0,0,0,3,0,0,8,""
2021-09-21,0,24,4,0,0,2,0,1,0,0,0,0,2,0,0,3,0,36,"",2021-09-21,0,1,0,0,0,1,0,1,0,0,0,0,2,0,0,5,""
2021-09-22,0,31,1,0,0,7,0,7,0,1,2,0,1,1,0,5,0,56,"",2021-09-22,0,3,0,0,0,0,0,1,0,1,2,0,1,1,0,9,""
2021-09-23,0,37,1,0,0,9,0,8,0,0,9,0,4,0,2,6,0,76,"",2021-09-23,0,11,0,0,0,0,0,0,0,0,9,0,4,0,2,26,""
2021-09-24,0,32,1,0,0,1,0,8,0,0,8,0,0,3,1,9,0,63,"",2021-09-24,0,5,0,0,0,0,0,0,0,0,8,0,0,3,1,17,""
2021-09-25,1,34,1,0,0,5,0,8,0,0,2,0,0,0,2,10,0,63,"",2021-09-25,1,3,0,0,0,1,0,0,0,0,2,0,0,0,2,9,""
2021-09-26,0,33,0,1,1,5,0,7,0,0,1,2,0,0,0,4,0,54,"",2021-09-26,0,4,0,1,1,0,0,1,0,0,1,2,0,0,0,10,""
2021-09-27,0,9,0,1,0,0,0,3,0,0,3,0,0,2,0,1,0,19,"",2021-09-27,0,2,0,1,0,0,0,0,0,0,3,0,0,2,0,8,""
2021-09-28,0,14,0,0,0,2,0,2,0,0,2,0,0,0,0,6,0,26,"",2021-09-28,0,2,0,0,0,0,0,1,0,0,2,0,0,0,0,5,""
2021-09-29,0,23,0,1,0,3,0,10,0,0,1,0,2,0,0,5,0,45,"",2021-09-29,0,0,0,1,0,1,0,0,0,0,1,0,2,0,0,5,""
2021-09-30,0,14,1,0,0,3,0,2,0,0,0,0,1,0,0,5,0,26,"",2021-09-30,0,0,1,0,0,1,0,0,0,0,0,0,1,0,0,3,""
2021-10-01,0,22,0,0,0,0,0,4,0,0,2,0,0,0,0,4,0,32,"",2021-10-01,0,3,0,0,0,0,0,0,0,0,2,0,0,0,0,5,""
2021-10-02,0,15,0,0,0,3,0,3,0,0,3,0,0,0,0,1,0,25,"",2021-10-02,0,0,0,0,0,1,0,0,0,0,3,0,0,0,0,4,""
2021-10-03,0,4,0,0,0,0,0,3,0,0,0,0,0,0,0,2,0,9,"",2021-10-03,0,1,0,0,0,0,0,0,0,0,0,0,0,0,0,1,""
2021-10-04,0,4,0,0,0,0,0,1,0,0,0,0,0,0,0,0,0,5,"",2021-10-04,0,0,0,0,0,0,0,0,0,0,0,0,0,0,0,0,""
2021-10-05,0,8,0,0,0,1,0,7,0,0,0,1,0,0,0,3,0,20,"",2021-10-05,0,0,0,0,0,1,0,0,0,0,0,1,0,0,0,2,""
2021-10-06,0,11,0,0,0,0,0,2,0,0,0,0,0,0,0,3,0,16,"",2021-10-06,0,1,0,0,0,0,0,0,0,0,0,0,0,0,0,1,""
2021-10-07,0,9,0,0,0,0,0,2,0,0,0,2,0,0,0,1,0,14,"",2021-10-07,0,2,0,0,0,0,0,0,0,0,0,2,0,0,0,4,""
2021-10-08,0,12,0,0,0,0,0,7,0,0,0,0,0,0,0,2,0,21,"",2021-10-08,0,2,0,0,0,0,0,0,0,0,0,0,0,0,0,2,""
2021-10-09,0,15,0,0,0,1,0,4,0,0,0,0,0,0,0,4,0,24,"",2021-10-09,0,1,0,0,0,1,0,0,0,0,0,0,0,0,0,2,""
2021-10-10,0,12,0,0,0,1,0,3,0,0,0,0,0,0,0,1,0,17,"",2021-10-10,0,0,0,0,0,0,0,0,0,0,0,0,0,0,0,0,""
2021-10-11,0,10,0,0,0,3,0,1,0,0,0,0,0,0,0,2,0,16,"",2021-10-11,0,0,0,0,0,0,0,0,0,0,0,0,0,0,0,0,""
2021-10-12,0,9,0,0,1,0,0,5,0,0,0,0,0,0,0,1,0,16,"",2021-10-12,0,0,0,0,1,0,0,1,0,0,0,0,0,0,0,2,""
2021-10-13,0,13,1,0,0,1,0,5,0,0,0,0,0,0,0,1,0,21,"",2021-10-13,0,1,1,0,0,0,0,0,0,0,0,0,0,0,0,2,""
2021-10-14,0,18,13,0,0,0,0,11,0,0,0,0,0,2,0,1,0,45,"",2021-10-14,0,0,13,0,0,0,0,1,0,0,0,0,0,2,0,16,""
2021-10-15,0,13,0,0,0,0,0,11,0,0,0,0,0,0,0,3,0,27,"",2021-10-15,0,3,0,0,0,0,0,0,0,0,0,0,0,0,0,3,""
2021-10-16,0,16,1,0,0,0,0,7,0,0,0,0,0,0,0,0,0,24,"",2021-10-16,0,4,1,0,0,0,0,0,0,0,0,0,0,0,0,5,""
2021-10-17,0,8,17,0,0,0,0,3,0,0,0,0,0,1,0,9,0,38,"",2021-10-17,0,0,17,0,0,0,0,0,0,0,0,0,0,1,0,18,""
2021-10-18,0,10,0,0,0,0,0,0,0,0,0,0,0,0,0,1,0,11,"",2021-10-18,0,0,0,0,0,0,0,0,0,0,0,0,0,0,0,0,""
2021-10-19,0,6,0,0,0,0,0,5,0,0,1,0,0,0,0,0,0,12,"",2021-10-19,0,0,0,0,0,0,0,1,0,0,1,0,0,0,0,2,""
2021-10-20,0,7,6,0,0,0,0,1,0,0,0,0,0,0,0,0,0,14,"",2021-10-20,0,1,5,0,0,0,0,0,0,0,0,0,0,0,0,6,""
2021-10-21,1,5,0,0,0,1,0,0,1,0,0,0,0,0,0,3,0,11,"",2021-10-21,1,0,0,0,0,0,0,0,1,0,0,0,0,0,0,2,""
2021-10-22,0,9,0,0,0,0,0,2,0,0,0,0,0,0,0,4,0,15,"",2021-10-22,0,0,0,0,0,0,0,0,0,0,0,0,0,0,0,0,""
2021-10-23,0,3,0,0,0,0,0,1,0,0,0,0,0,0,0,1,0,5,"",2021-10-23,0,1,0,0,0,0,0,0,0,0,0,0,0,0,0,1,""
2021-10-24,0,5,4,0,0,0,0,1,0,0,0,0,0,0,0,8,0,18,"",2021-10-24,0,0,4,0,0,0,0,0,0,0,0,0,0,0,0,4,""
2021-10-25,0,1,0,0,0,0,0,0,0,0,0,0,0,0,0,0,0,1,"",2021-10-25,0,0,0,0,0,0,0,0,0,0,0,0,0,0,0,0,""
2021-10-26,0,1,1,0,0,0,0,7,0,0,0,0,0,0,0,4,0,13,"",2021-10-26,0,0,1,0,0,0,0,0,0,0,0,0,0,0,0,1,""
2021-10-27,0,3,0,0,0,0,0,4,0,0,0,0,0,0,0,2,0,9,"",2021-10-27,0,0,0,0,0,0,0,0,0,0,0,0,0,0,0,0,""
2021-10-28,0,1,0,0,0,0,0,4,0,0,0,0,0,0,0,0,0,5,"",2021-10-28,0,0,0,0,0,0,0,0,0,0,0,0,0,0,0,0,""
2021-10-29,0,0,0,0,0,0,0,7,0,0,0,0,0,0,0,1,0,8,"",2021-10-29,0,0,0,0,0,0,0,0,0,0,0,0,0,0,0,0,""
2021-10-30,0,2,0,0,0,0,0,5,0,0,0,0,0,0,0,1,0,8,"",2021-10-30,0,1,0,0,0,0,0,0,0,0,0,0,0,0,0,1,""
2021-10-31,0,2,0,0,0,0,0,8,0,0,0,0,0,0,0,1,0,11,"",2021-10-31,0,1,0,0,0,0,0,0,0,0,0,0,0,0,0,1,""
2021-11-01,0,3,0,0,0,0,0,0,0,0,0,0,0,0,0,0,0,3,"",2021-11-01,0,0,0,0,0,0,0,0,0,0,0,0,0,0,0,0,""
2021-11-02,0,3,0,0,0,0,0,11,0,0,0,0,0,0,0,0,0,14,"",2021-11-02,0,0,0,0,0,0,0,0,0,0,0,0,0,0,0,0,""
2021-11-03,0,4,0,0,0,0,0,8,0,0,0,0,0,0,0,1,0,13,"",2021-11-03,0,0,0,0,0,0,0,0,0,0,0,0,0,0,0,0,""
2021-11-04,0,2,0,0,0,0,0,1,0,0,0,0,0,0,0,1,0,4,"",2021-11-04,0,0,0,0,0,0,0,0,0,0,0,0,0,0,0,0,""
2021-11-05,0,0,1,0,0,0,0,12,0,0,0,0,0,0,0,0,0,13,"",2021-11-05,0,0,0,0,0,0,0,0,0,0,0,0,0,0,0,0,""
2021-11-06,0,2,2,0,0,0,0,6,0,1,0,0,0,0,0,2,0,13,"",2021-11-06,0,1,0,0,0,0,0,0,0,1,0,0,0,0,0,2,""
2021-11-07,0,5,0,0,0,0,0,4,0,1,0,0,0,0,0,0,0,10,"",2021-11-07,0,0,0,0,0,0,0,0,0,1,0,0,0,0,0,1,""
2021-11-08,0,3,0,0,0,0,0,2,0,0,0,0,0,0,0,1,0,6,"",2021-11-08,0,0,0,0,0,0,0,0,0,0,0,0,0,0,0,0,""
2021-11-09,0,1,0,0,0,0,0,10,0,0,0,0,0,0,0,2,0,13,"",2021-11-09,0,0,0,0,0,0,0,0,0,0,0,0,0,0,0,0,""
2021-11-10,0,1,0,0,0,0,0,6,0,0,0,0,0,0,0,1,0,8,"",2021-11-10,0,1,0,0,0,0,0,0,0,0,0,0,0,0,0,1,""
2021-11-11,0,2,0,0,0,0,0,4,0,0,0,0,0,0,1,1,0,8,"",2021-11-11,0,1,0,0,0,0,0,0,0,0,0,0,0,0,0,1,""
2021-11-12,0,3,1,0,0,0,0,16,0,0,0,0,0,0,0,2,0,22,"",2021-11-12,0,0,0,0,0,0,0,0,0,0,0,0,0,0,1,1,""
2021-11-13,0,3,0,0,0,0,0,14,0,0,0,0,0,0,0,2,0,19,"",2021-11-13,0,0,0,0,0,0,0,0,0,0,0,0,0,0,0,0,""
2021-11-14,0,3,0,1,0,0,0,5,0,0,0,0,0,0,0,0,0,9,"",2021-11-14,0,1,0,1,0,0,0,0,0,0,0,0,0,0,0,2,""
2021-11-15,0,2,0,0,0,0,0,1,0,0,0,0,0,0,0,0,0,3,"",2021-11-15,0,0,0,0,0,0,0,0,0,0,0,0,0,0,0,0,""
2021-11-16,1,19,0,2,0,0,0,6,0,0,0,0,1,1,0,5,0,35,"",2021-11-16,1,1,0,2,0,0,0,0,0,0,0,0,1,1,0,6,""
2021-11-17,0,22,0,0,0,0,0,16,0,0,0,0,0,0,0,2,0,40,"",2021-11-17,0,1,0,0,0,0,0,0,0,0,0,0,0,0,0,1,""
2021-11-18,1,6,1,0,0,0,0,8,1,0,0,0,0,0,0,3,0,20,"",2021-11-18,1,1,0,0,0,0,0,0,1,0,0,0,0,0,0,3,""
2021-11-19,0,6,1,0,0,0,0,6,0,0,0,0,0,0,0,4,0,17,"",2021-11-19,0,1,0,0,0,0,0,0,0,0,0,0,0,0,0,1,""
2021-11-20,0,4,0,0,0,0,0,7,0,0,0,0,0,0,0,1,0,12,"",2021-11-20,0,0,0,0,0,0,0,0,0,0,0,0,0,0,0,0,""
2021-11-21,0,13,0,0,0,1,0,9,0,0,0,0,0,0,0,2,0,25,"",2021-11-21,0,0,0,0,0,1,0,0,0,0,0,0,0,0,0,1,""
2021-11-22,0,4,0,0,0,0,0,1,0,0,0,0,0,0,0,1,0,6,"",2021-11-22,0,1,0,0,0,0,0,0,0,0,0,0,0,0,0,1,""
2021-11-23,1,2,0,0,0,0,0,9,0,0,0,0,0,0,0,2,0,14,"",2021-11-23,1,0,0,0,0,0,0,1,0,0,0,0,0,0,0,2,""
2021-11-24,0,6,1,0,0,0,0,1,0,0,0,0,0,0,0,2,0,10,"",2021-11-24,0,1,0,0,0,0,0,0,0,0,0,0,0,0,0,1,""
2021-11-25,0,5,0,0,0,1,0,4,0,0,0,0,1,0,0,1,0,12,"",2021-11-25,0,0,0,0,0,1,0,0,0,0,0,0,1,0,0,2,""
2021-11-26,0,8,1,0,0,1,0,3,0,2,0,0,0,0,0,3,0,18,"",2021-11-26,0,0,0,0,0,0,0,1,0,2,0,0,0,0,0,3,""
2021-11-27,0,2,0,0,0,0,0,7,0,0,0,0,0,0,0,2,0,11,"",2021-11-27,0,0,0,0,0,0,0,0,0,0,0,0,0,0,0,0,""
2021-11-28,0,1,0,0,0,1,0,4,0,0,0,0,0,0,0,2,0,8,"",2021-11-28,0,0,0,0,0,0,0,0,0,0,0,0,0,0,0,0,""
2021-11-29,0,1,0,0,0,2,0,1,0,0,0,0,0,0,0,2,0,6,"",2021-11-29,0,0,0,0,0,0,0,0,0,0,0,0,0,0,0,0,""
2021-11-30,1,1,1,0,0,0,0,2,0,0,0,0,1,0,0,2,0,8,"",2021-11-30,1,0,0,0,0,0,0,0,0,0,0,0,1,0,0,2,""
2021-12-01,0,3,0,0,0,1,0,0,0,0,0,0,0,0,0,0,0,4,"",2021-12-01,0,0,0,0,0,0,0,0,0,0,0,0,0,0,0,0,""
2021-12-02,0,2,0,0,0,1,0,1,0,0,0,0,0,0,0,0,0,4,"",2021-12-02,0,0,0,0,0,0,0,0,0,0,0,0,0,0,0,0,""
2021-12-03,0,1,0,0,0,0,0,2,0,0,0,0,0,0,0,0,0,3,"",2021-12-03,0,0,0,0,0,0,0,0,0,0,0,0,0,0,0,0,""
2021-12-04,0,3,0,4,0,0,0,1,0,0,0,0,0,0,0,2,0,10,"",2021-12-04,0,0,0,4,0,0,0,1,0,0,0,0,0,0,0,5,""
2021-12-05,0,0,0,2,0,0,0,0,0,3,0,0,0,0,0,0,0,5,"",2021-12-05,0,0,0,2,0,0,0,0,0,3,0,0,0,0,0,5,""
2021-12-06,0,0,0,0,0,0,0,0,0,0,0,0,0,0,0,2,0,2,"",2021-12-06,0,0,0,0,0,0,0,0,0,0,0,0,0,0,0,0,""
2021-12-07,0,1,0,0,0,0,0,1,0,0,0,0,0,0,0,0,0,2,"",2021-12-07,0,0,0,0,0,0,0,0,0,0,0,0,0,0,0,0,""
2021-12-08,0,1,0,0,0,0,0,1,0,0,0,0,0,0,0,0,0,2,"",2021-12-08,0,0,0,0,0,0,0,1,0,0,0,0,0,0,0,1,""
2021-12-09,0,3,0,0,0,0,0,4,0,0,0,0,0,0,0,0,0,7,"",2021-12-09,0,1,0,0,0,0,0,3,0,0,0,0,0,0,0,4,""
2021-12-10,0,0,1,0,0,0,0,2,0,0,0,0,0,0,0,0,0,3,"",2021-12-10,0,0,0,0,0,0,0,1,0,0,0,0,0,0,0,1,""
2021-12-11,0,3,0,0,0,0,0,0,0,0,0,0,0,0,0,2,0,5,"",2021-12-11,0,1,0,0,0,0,0,0,0,0,0,0,0,0,0,1,""
2021-12-12,0,0,0,0,0,0,0,1,0,0,0,0,0,0,0,2,0,3,"",2021-12-12,0,0,0,0,0,0,0,0,0,0,0,0,0,0,0,0,""
2021-12-13,0,1,0,0,0,0,0,0,0,0,0,0,0,0,0,0,0,1,"",2021-12-13,0,0,0,0,0,0,0,0,0,0,0,0,0,0,0,0,""
2021-12-14,0,1,1,0,0,0,0,1,0,0,0,0,0,0,0,1,0,4,"",2021-12-14,0,0,0,0,0,0,0,1,0,0,0,0,0,0,0,1,""
2021-12-15,0,3,0,0,0,0,0,1,0,0,0,0,0,0,0,2,0,6,"",2021-12-15,0,2,0,0,0,0,0,1,0,0,0,0,0,0,0,3,""
2021-12-16,0,6,0,0,0,0,0,5,0,0,0,0,0,0,0,1,0,12,"",2021-12-16,0,1,0,0,0,0,0,5,0,0,0,0,0,0,0,6,""
2021-12-17,0,2,0,0,0,0,0,0,0,0,0,0,0,0,0,1,0,3,"",2021-12-17,0,1,0,0,0,0,0,0,0,0,0,0,0,0,0,1,""
2021-12-18,1,8,0,1,0,0,0,2,0,0,0,0,0,0,0,2,0,14,"",2021-12-18,1,0,0,1,0,0,0,0,0,0,0,0,0,0,0,2,""
2021-12-19,1,5,0,1,0,0,0,4,0,0,0,0,0,0,0,1,0,12,"",2021-12-19,1,0,0,1,0,0,0,1,0,0,0,0,0,0,0,3,""
2021-12-20,0,5,0,0,0,0,0,5,0,0,0,0,0,0,4,0,0,14,"",2021-12-20,0,0,0,0,0,0,0,0,0,0,0,0,0,0,4,4,""
2021-12-21,0,7,0,1,0,0,0,3,0,0,0,0,0,0,3,1,0,15,"",2021-12-21,0,1,0,1,0,0,0,0,0,0,0,0,0,0,2,4,""
2021-12-22,0,26,0,0,0,0,0,3,0,0,0,0,0,0,0,0,0,29,"",2021-12-22,0,2,0,0,0,0,0,0,0,0,0,0,0,0,0,2,""
2021-12-23,1,18,0,0,0,0,0,3,0,0,0,0,0,0,0,4,0,26,"",2021-12-23,1,1,0,0,0,0,0,1,0,0,0,0,0,0,0,3,""
2021-12-24,0,8,0,0,0,0,0,1,0,0,0,0,0,0,1,2,0,12,"",2021-12-24,0,2,0,0,0,0,0,0,0,0,0,0,0,0,1,3,""
2021-12-25,2,13,0,0,0,0,0,5,0,0,0,0,0,0,0,2,0,22,"",2021-12-25,2,0,0,0,0,0,0,0,0,0,0,0,0,0,0,2,""
2021-12-26,1,13,1,0,0,0,0,4,0,0,0,0,0,0,0,3,0,22,"",2021-12-26,1,2,0,0,0,0,0,0,0,0,0,0,0,0,0,3,""
2021-12-27,0,9,0,0,0,0,0,0,0,0,0,0,0,0,0,2,0,11,"",2021-12-27,0,0,0,0,0,0,0,0,0,0,0,0,0,0,0,0,""
2021-12-28,0,7,0,0,1,0,0,4,0,0,0,0,0,0,0,8,0,20,"",2021-12-28,0,0,0,0,1,0,0,1,0,0,0,0,0,0,0,2,""
2021-12-29,0,10,0,0,3,0,0,7,0,0,1,1,0,0,0,4,0,26,"",2021-12-29,0,0,0,0,3,0,0,0,0,0,1,1,0,0,0,5,""
2021-12-30,0,13,0,0,1,0,0,7,0,0,3,0,0,0,0,8,0,32,"",2021-12-30,0,2,0,0,1,0,0,0,0,0,3,0,0,0,0,6,""
2021-12-31,1,12,0,0,0,0,0,2,0,0,3,0,0,0,0,3,0,21,"",2021-12-31,1,3,0,0,0,0,0,1,0,0,3,0,0,0,0,8,""
2022-01-01,5,10,0,0,0,0,0,2,0,0,0,0,0,0,0,6,0,23,"",2022-01-01,5,1,0,0,0,0,0,0,0,0,0,0,0,0,0,6,""
2022-01-02,4,6,0,0,0,0,0,0,0,0,0,0,0,0,0,6,0,16,"",2022-01-02,4,0,0,0,0,0,0,0,0,0,0,0,0,0,0,4,""
2022-01-03,1,7,0,0,0,0,0,0,0,0,0,0,0,0,0,2,0,10,"",2022-01-03,1,2,0,0,0,0,0,0,0,0,0,0,0,0,0,3,""
2022-01-04,5,8,1,0,0,0,0,4,0,0,1,1,0,0,1,5,0,26,"",2022-01-04,5,4,1,0,0,0,0,3,0,0,1,1,0,0,1,16,""
2022-01-05,0,16,0,0,0,0,0,0,0,0,2,3,0,1,2,10,0,34,"",2022-01-05,0,0,0,0,0,0,0,0,0,0,2,3,0,1,2,8,""
2022-01-06,17,29,1,2,0,1,0,2,0,1,3,10,1,0,1,6,0,74,"",2022-01-06,17,6,0,2,0,0,0,0,0,1,3,10,1,0,1,41,""
2022-01-07,5,47,0,5,0,1,0,4,3,0,2,15,1,1,0,10,0,94,"",2022-01-07,5,11,0,5,0,1,0,0,3,0,2,15,1,1,0,44,""
2022-01-08,15,72,0,4,2,1,0,6,1,0,5,9,3,1,3,10,0,132,"",2022-01-08,15,22,0,4,2,0,0,3,1,0,5,9,3,1,3,68,""
2022-01-09,15,61,3,11,0,1,0,3,4,0,1,4,1,0,4,9,0,117,"",2022-01-09,15,22,3,11,0,1,0,0,4,0,1,4,1,0,3,65,""
2022-01-10,4,75,6,2,0,0,0,5,3,0,1,1,0,0,2,7,0,106,"",2022-01-10,4,31,2,2,0,0,0,1,3,0,1,1,0,0,2,47,""
2022-01-11,6,80,1,8,1,0,0,5,2,0,1,0,1,0,5,7,0,117,"",2022-01-11,6,27,1,8,1,0,0,0,2,0,1,0,1,0,4,51,""
2022-01-12,11,110,4,13,1,13,4,11,4,2,6,2,4,0,6,6,0,197,"",2022-01-12,11,45,0,13,1,7,4,3,4,2,6,2,4,0,5,107,""
2022-01-13,19,190,13,17,0,6,1,26,7,2,5,14,10,0,7,11,0,328,"",2022-01-13,19,58,5,17,0,4,1,11,7,2,5,14,10,0,7,160,""
2022-01-14,32,252,31,26,1,18,5,32,1,1,10,14,14,1,12,17,0,467,"",2022-01-14,32,75,5,26,1,5,5,13,1,1,10,14,14,1,12,215,""
2022-01-15,28,456,35,43,1,11,9,36,8,0,13,8,18,1,9,19,0,695,"",2022-01-15,28,107,11,43,0,2,9,18,8,0,13,8,18,1,9,275,""
2022-01-16,29,409,24,43,22,20,8,54,15,3,7,4,19,2,14,19,0,692,"",2022-01-16,29,109,5,43,22,6,8,22,15,3,7,4,19,2,14,308,""
2022-01-17,22,457,18,33,6,17,3,12,7,2,24,4,1,1,6,30,0,643,"",2022-01-17,22,95,9,33,6,3,3,11,7,2,24,4,1,1,6,227,""
2022-01-18,25,389,31,59,2,66,13,29,3,5,13,17,8,17,7,14,0,698,"",2022-01-18,25,116,6,59,2,21,13,9,3,5,13,17,8,17,7,321,""
2022-01-19,33,771,61,53,4,74,6,64,8,7,22,24,16,15,10,2,0,1170,"",2022-01-19,33,127,33,53,4,29,6,24,8,7,22,24,16,15,5,406,""
2022-01-20,37,991,62,71,1,63,4,57,9,11,18,34,49,18,8,4,0,1437,"",2022-01-20,37,203,30,71,1,17,4,7,9,11,18,34,49,18,6,515,""
2022-01-21,33,1117,67,70,4,71,6,57,6,7,37,63,39,24,37,6,0,1644,"",2022-01-21,33,222,16,70,4,19,6,12,6,7,37,63,39,24,35,593,""
2022-01-22,39,1074,63,92,1,74,2,54,9,10,30,46,62,25,20,4,0,1605,"",2022-01-22,39,180,37,92,1,37,2,17,9,10,30,46,62,25,10,597,""
2022-01-23,16,1075,61,80,14,54,2,54,3,11,37,52,99,16,10,7,0,1591,"",2022-01-23,16,180,26,80,14,21,2,20,3,11,37,52,99,16,9,586,""
2022-01-24,28,1077,33,105,7,64,1,33,4,16,48,40,111,6,12,4,0,1589,"",2022-01-24,28,201,16,105,7,26,1,3,4,16,48,40,111,6,10,622,""
2022-01-25,47,836,50,107,7,136,0,80,11,17,91,16,115,8,12,2,0,1535,2022-03-04修正済（釧路1名減）,2022-01-25,47,218,15,107,7,38,0,26,11,17,91,16,115,8,12,728,2022-03-04修正済（釧路1名減）
2022-01-26,61,1177,70,92,15,177,1,152,5,26,91,56,125,11,27,5,0,2091,"",2022-01-26,61,229,29,92,15,34,1,61,5,26,91,56,125,11,25,861,""
2022-01-27,89,1855,61,144,10,249,3,129,12,53,53,69,107,7,8,7,0,2856,"",2022-01-27,89,273,24,144,10,35,3,43,12,53,53,69,107,7,7,929,""
2022-01-28,101,1714,94,137,18,187,1,165,3,35,68,90,130,17,13,2,0,2775,"",2022-01-28,101,285,55,137,18,28,1,69,3,35,68,90,130,17,13,1050,""
2022-01-29,86,1962,76,139,9,192,2,185,5,30,51,67,157,14,18,9,0,3002,"",2022-01-29,86,336,35,139,9,20,2,87,5,30,51,67,157,14,15,1053,""
2022-01-30,73,1923,81,108,10,132,0,168,0,22,60,46,112,28,13,6,0,2782,"",2022-01-30,73,238,44,108,10,24,0,59,0,22,60,46,112,28,12,836,""
2022-01-31,81,1420,77,175,7,100,0,132,6,21,39,35,144,16,9,4,0,2266,"",2022-01-31,81,309,38,175,7,23,0,30,6,21,39,35,144,16,9,933,""
2022-02-01,106,1673,75,132,20,208,3,163,8,33,43,65,92,25,7,7,0,2660,"",2022-02-01,106,210,30,132,20,38,3,47,8,33,43,65,92,25,6,858,""
2022-02-02,238,2197,79,188,24,250,2,258,4,30,76,117,83,24,11,6,0,3587,"",2022-02-02,238,385,26,188,24,49,2,81,4,30,76,117,83,24,11,1338,""
2022-02-03,110,2522,95,131,14,249,3,241,5,26,79,146,117,32,11,7,0,3788,"",2022-02-03,110,295,30,131,14,34,3,105,5,26,79,146,117,32,11,1138,""
2022-02-04,98,2293,121,168,29,258,4,196,11,29,75,118,110,16,16,1,0,3543,"",2022-02-04,98,320,71,168,29,58,4,76,11,29,75,118,110,16,15,1198,""
2022-02-05,106,2683,112,202,12,251,2,239,5,23,81,135,134,24,30,7,0,4046,"",2022-02-05,106,321,54,202,12,50,2,61,5,23,81,135,134,24,29,1239,""
2022-02-06,52,2265,95,241,19,205,1,186,0,11,64,138,139,25,14,9,0,3464,"",2022-02-06,52,348,38,241,19,45,1,47,0,11,64,138,139,25,13,1181,""
2022-02-07,74,1691,83,199,12,171,0,136,0,12,48,92,133,9,16,11,0,2687,"",2022-02-07,74,282,53,199,12,60,0,19,0,12,48,92,133,9,16,1009,""
2022-02-08,111,1623,98,195,28,219,2,233,2,24,52,91,163,13,15,9,0,2878,2022-03-04修正済（胆振1名減）,2022-02-08,111,300,26,195,28,32,2,69,2,24,52,91,163,13,14,1122,2022-03-04修正済（胆振1名減）
2022-02-09,130,2074,108,215,15,299,6,291,3,17,84,118,186,33,13,14,0,3606,"",2022-02-09,130,356,50,215,15,72,6,98,3,17,84,118,186,33,12,1395,""
2022-02-10,103,2656,117,256,26,235,4,250,1,25,62,153,169,14,18,8,0,4097,"",2022-02-10,103,462,37,256,26,66,4,90,1,25,62,153,169,14,15,1483,""
2022-02-11,118,2333,115,190,30,213,5,211,2,11,65,171,168,26,16,9,0,3683,"",2022-02-11,118,388,51,190,30,68,5,76,2,11,65,171,168,26,15,1384,""
2022-02-12,32,2064,126,260,10,238,2,195,1,8,51,149,103,23,12,6,0,3280,"",2022-02-12,32,414,72,260,10,97,2,61,1,8,51,149,103,23,12,1295,""
2022-02-13,64,1610,102,159,22,244,4,173,1,12,30,140,102,16,11,2,0,2692,"",2022-02-13,64,382,72,159,22,80,4,32,1,12,30,140,102,16,10,1126,""
2022-02-14,53,1380,93,197,15,174,0,118,0,11,27,77,78,12,9,8,0,2252,"",2022-02-14,53,231,35,197,15,87,0,26,0,11,27,77,78,12,8,857,""
2022-02-15,107,1263,101,164,26,248,2,170,2,21,36,52,60,18,8,4,0,2282,"",2022-02-15,107,272,14,164,26,66,2,29,2,21,36,52,60,18,7,876,""
2022-02-16,64,1689,121,173,19,253,1,171,3,11,41,141,90,20,7,11,0,2815,"",2022-02-16,64,316,58,173,19,63,1,51,3,11,41,141,90,20,4,1055,""
2022-02-17,106,2545,95,187,21,222,8,144,4,13,29,158,68,14,12,2,0,3628,"",2022-02-17,106,395,29,187,21,61,8,75,4,13,29,158,68,14,12,1180,""
2022-02-18,62,1551,98,182,18,282,4,168,4,7,24,159,71,13,6,7,0,2656,"",2022-02-18,62,220,43,182,18,119,4,46,4,7,24,159,71,13,6,978,""
2022-02-19,100,1789,88,203,29,170,4,151,8,9,32,124,69,8,11,2,0,2797,"",2022-02-19,100,262,35,203,29,67,4,55,8,9,32,124,69,8,8,1013,""
2022-02-20,46,1499,93,128,12,142,2,138,3,13,37,122,72,9,11,6,0,2333,旭川市修正発表の修正済み（上川1名減）,2022-02-20,46,271,17,128,12,41,2,42,3,13,37,122,72,9,10,825,""
2022-02-21,55,1212,68,152,2,72,0,122,0,4,29,129,61,5,7,6,0,1924,"",2022-02-21,55,197,30,152,2,36,0,35,0,4,29,129,61,5,7,742,""
2022-02-22,82,1170,89,112,21,155,4,168,2,9,38,144,32,7,3,4,0,2040,2022-03-04修正済（道外他1名減）,2022-02-22,82,177,21,112,21,43,4,43,2,9,38,144,32,7,3,738,2022-03-04修正済（道外他1名減）
2022-02-23,93,1397,97,108,22,171,1,196,4,11,49,141,82,6,10,5,0,2393,"",2022-02-23,93,221,24,108,22,47,1,85,4,11,49,141,82,6,8,902,""
2022-02-24,105,1792,76,146,4,105,0,111,2,1,27,155,64,12,16,5,0,2621,"",2022-02-24,105,321,36,146,4,38,0,58,2,1,27,155,64,12,14,983,""
2022-02-25,84,957,94,113,20,129,1,124,2,25,39,217,100,13,8,3,0,1929,2022-02-26修正済（胆振1名減）,2022-02-25,84,206,17,113,20,32,1,52,2,25,39,217,100,13,8,929,2022-02-26修正済（胆振1名減）
2022-02-26,78,1557,74,120,6,162,3,186,3,7,37,120,78,13,18,6,0,2468,"",2022-02-26,78,228,29,120,6,52,3,67,3,7,37,120,78,13,12,853,""
2022-02-27,51,1676,74,124,6,97,1,168,0,13,23,121,90,9,7,2,0,2462,2022-03-04修正済（石狩1名減）,2022-02-27,51,287,32,124,6,35,1,37,0,13,23,121,90,9,6,835,2022-03-04修正済（石狩1名減）
2022-02-28,26,986,65,131,6,71,0,90,0,4,16,157,31,9,6,5,0,1603,2022-03-04修正済（石狩2名減）,2022-02-28,26,154,38,131,6,21,0,32,0,4,16,157,31,9,4,629,2022-03-04修正済（石狩2名減）
2022-03-01,94,850,55,50,4,121,1,155,2,5,27,51,48,5,9,3,0,1480,"",2022-03-01,94,183,15,50,4,34,1,30,2,5,27,51,48,5,8,557,""
2022-03-02,84,1353,86,85,12,145,3,171,0,4,35,148,90,8,3,5,0,2232,"",2022-03-02,84,168,18,85,12,36,3,46,0,4,35,148,90,8,3,740,""
2022-03-03,95,1429,90,128,9,81,7,144,0,11,31,191,74,4,8,3,0,2305,"",2022-03-03,95,188,50,128,9,20,7,39,0,11,31,191,74,4,8,855,""
2022-03-04,59,1085,85,85,13,89,2,177,5,2,27,143,56,11,5,3,0,1847,"",2022-03-04,59,186,26,85,13,27,2,31,5,2,27,143,56,11,1,674,""
2022-03-05,46,898,86,99,6,109,11,135,3,7,37,105,65,7,9,4,0,1627,"",2022-03-05,46,128,42,99,6,17,11,39,3,7,37,105,65,7,6,618,""
2022-03-06,25,1165,59,129,3,98,8,105,17,4,27,96,42,6,14,5,0,1803,2022-03-08修正済（空知1名減）,2022-03-06,25,134,27,129,3,32,8,29,17,4,27,96,42,6,14,593,2022-03-08修正済（空知1名減）
2022-03-07,10,605,66,86,9,66,1,101,15,0,12,79,44,7,5,0,0,1106,"",2022-03-07,10,75,30,86,9,22,1,18,15,0,12,79,44,7,4,412,""
2022-03-08,51,623,90,60,8,104,0,195,12,4,30,62,70,8,3,9,0,1329,"",2022-03-08,51,112,19,60,8,30,0,46,12,4,30,62,70,8,3,515,""
2022-03-09,44,1111,91,106,10,133,0,213,7,5,37,122,85,12,5,4,0,1985,"",2022-03-09,44,161,36,106,10,48,0,86,7,5,37,122,85,12,5,764,""
2022-03-10,53,1163,84,128,8,124,9,194,18,6,30,121,63,6,12,6,0,2025,"",2022-03-10,53,173,36,128,8,49,9,68,18,6,30,121,63,6,6,774,""
2022-03-11,26,982,93,81,7,76,1,180,13,7,16,106,42,7,5,2,0,1644,"",2022-03-11,26,194,19,81,7,13,1,63,13,7,16,106,42,7,3,598,""
2022-03-12,40,954,64,117,10,102,2,191,8,3,19,122,53,7,4,5,0,1701,"",2022-03-12,40,172,26,117,10,25,2,67,8,3,19,122,53,7,4,675,""
2022-03-13,25,838,40,109,4,104,1,147,6,0,5,99,47,6,8,2,0,1441,"",2022-03-13,25,141,12,109,4,18,1,59,6,0,5,99,47,6,6,538,""
2022-03-14,27,637,45,79,4,78,1,92,2,2,12,27,28,2,4,2,0,1042,"",2022-03-14,27,138,18,79,4,17,1,18,2,2,12,27,28,2,2,377,""
2022-03-15,66,551,73,84,8,122,2,182,1,7,19,30,23,12,15,1,0,1196,"",2022-03-15,66,119,5,84,8,21,2,51,1,7,19,30,23,12,14,462,""
2022-03-16,43,1172,99,127,2,97,2,205,4,4,20,106,37,4,8,3,0,1933,"",2022-03-16,43,195,24,127,2,16,2,74,4,4,20,106,37,4,6,664,""
2022-03-17,28,1156,83,98,7,79,0,170,2,0,12,123,48,10,6,2,0,1824,"",2022-03-17,28,234,30,98,7,13,0,61,2,0,12,123,48,10,5,671,""
2022-03-18,49,1038,68,122,10,85,1,121,3,1,28,95,74,10,8,1,0,1714,"",2022-03-18,49,219,30,122,10,20,1,38,3,1,28,95,74,10,5,705,""
2022-03-19,49,944,88,117,8,85,0,121,1,2,24,73,59,8,6,1,0,1586,"",2022-03-19,49,171,17,117,8,20,0,41,1,2,24,73,59,8,6,596,""
2022-03-20,33,979,66,106,2,74,0,112,0,1,14,74,35,13,7,3,0,1519,"",2022-03-20,33,216,29,106,2,20,0,38,0,1,14,74,35,13,5,586,""
2022-03-21,30,592,31,72,1,81,0,83,0,1,8,74,18,5,9,4,0,1009,"",2022-03-21,30,98,7,72,1,38,0,19,0,1,8,74,18,5,6,377,""
2022-03-22,23,561,44,73,4,34,1,57,1,0,16,28,27,6,4,6,0,885,"",2022-03-22,23,118,21,73,4,15,1,21,1,0,16,28,27,6,2,356,""
2022-03-23,60,718,44,54,8,97,4,142,0,4,24,32,25,3,6,3,0,1224,"",2022-03-23,60,141,24,54,8,19,4,42,0,4,24,32,25,3,6,446,""
2022-03-24,86,1229,60,123,11,123,4,173,5,4,36,124,44,9,12,5,0,2048,"",2022-03-24,86,195,37,123,11,36,4,69,5,4,36,124,44,9,9,792,""
2022-03-25,63,1375,56,107,14,108,1,165,5,1,26,179,29,4,1,4,0,2138,"",2022-03-25,63,234,29,107,14,37,1,52,5,1,26,179,29,4,1,782,""
2022-03-26,38,1058,49,98,7,81,1,124,6,2,17,158,50,2,6,3,0,1700,2022-03-28修正済（上川1名減）,2022-03-26,38,172,32,98,7,21,1,29,6,2,17,158,50,2,4,637,""
2022-03-27,34,919,78,100,10,93,0,73,2,1,26,113,36,2,8,2,0,1497,"",2022-03-27,34,96,53,100,10,45,0,26,2,1,26,113,36,2,8,552,""
2022-03-28,30,677,36,85,9,45,0,84,1,7,17,176,23,0,5,5,0,1200,"",2022-03-28,30,159,34,85,9,13,0,18,1,7,17,176,23,0,2,574,""
2022-03-29,68,705,38,67,42,111,0,170,3,12,33,65,32,3,9,9,0,1367,"",2022-03-29,68,138,13,67,42,40,0,24,3,12,33,65,32,3,5,545,""
2022-03-30,40,1123,64,129,47,156,1,150,3,17,30,125,69,1,17,7,0,1979,"",2022-03-30,40,175,35,129,47,69,1,62,3,17,30,125,69,1,14,817,""
2022-03-31,72,1218,48,156,25,140,3,160,1,7,36,141,81,3,13,2,0,2106,"",2022-03-31,72,182,27,156,25,75,3,49,1,7,36,141,81,3,11,869,""
2022-04-01,79,1066,64,174,26,126,2,183,0,10,41,151,93,3,7,8,0,2033,"",2022-04-01,79,187,31,174,26,68,2,39,0,10,41,151,93,3,7,911,""
2022-04-02,67,1143,76,128,19,127,1,145,1,2,35,147,77,2,8,7,0,1985,"",2022-04-02,67,180,50,128,19,75,1,54,1,2,35,147,77,2,6,844,""
2022-04-03,40,1162,45,139,9,95,0,113,0,6,44,116,57,0,16,3,0,1845,"",2022-04-03,40,191,28,139,9,50,0,38,0,6,44,116,57,0,13,731,""
2022-04-04,53,785,29,155,27,121,0,91,0,0,29,190,87,2,6,2,0,1577,"",2022-04-04,53,147,24,155,27,59,0,24,0,0,29,190,87,2,4,801,""
2022-04-05,97,773,36,58,20,171,3,174,0,9,66,108,54,3,12,5,0,1589,"",2022-04-05,97,131,7,58,20,90,3,45,0,9,66,108,54,3,10,701,""
2022-04-06,118,1381,43,159,13,166,1,199,0,14,99,76,67,11,15,8,0,2370,"",2022-04-06,118,178,11,159,13,68,1,57,0,14,99,76,67,11,12,884,""
2022-04-07,71,1396,76,139,21,160,4,203,0,17,99,89,48,13,6,4,0,2346,"",2022-04-07,71,206,26,139,21,70,4,57,0,17,99,89,48,13,6,866,""
2022-04-08,78,1249,69,119,22,133,2,191,0,17,76,142,91,12,10,5,0,2216,"",2022-04-08,78,193,20,119,22,57,2,58,0,17,76,142,91,12,10,897,""
2022-04-09,84,1279,77,155,19,126,3,168,0,15,84,190,53,8,8,4,0,2273,2022-04-23修正済（石狩1名減）,2022-04-09,84,218,23,155,19,40,3,55,0,15,84,190,53,8,4,951,2022-04-23修正済（石狩1名減）
2022-04-10,59,1171,36,192,10,124,0,156,0,6,77,194,101,14,4,1,0,2145,"",2022-04-10,59,190,9,192,10,43,0,42,0,6,77,194,101,14,4,941,""
2022-04-11,43,779,27,133,5,72,2,102,0,13,58,196,104,6,7,3,0,1550,"",2022-04-11,43,147,16,133,5,25,2,10,0,13,58,196,104,6,6,764,""
2022-04-12,111,849,81,116,24,109,3,193,0,31,119,146,80,28,4,11,0,1905,"",2022-04-12,111,141,12,116,24,16,3,38,0,31,119,146,80,28,3,868,""
2022-04-13,148,1402,122,195,19,187,5,246,3,22,142,126,67,15,5,9,0,2713,"",2022-04-13,148,153,19,195,19,60,5,86,3,22,142,126,67,15,3,1063,""
2022-04-14,117,1569,90,173,25,146,3,198,10,21,158,142,81,20,10,5,0,2768,"",2022-04-14,117,228,20,173,25,47,3,64,10,21,158,142,81,20,9,1118,""
2022-04-15,121,1365,78,156,12,136,3,203,6,11,142,214,106,40,10,1,0,2604,2022-04-16修正済（空知1名減）,2022-04-15,121,182,21,156,12,50,3,53,6,11,142,214,106,40,7,1124,2022-04-16修正済（空知1名減）
2022-04-16,112,1352,42,140,11,162,6,187,7,13,150,140,97,33,5,0,0,2457,"",2022-04-16,112,205,10,140,11,65,6,44,7,13,150,140,97,33,4,1037,""
2022-04-17,88,1144,37,153,15,112,3,169,9,7,144,140,56,30,3,3,0,2113,"",2022-04-17,88,135,13,153,15,43,3,29,9,7,144,140,56,30,0,865,""
2022-04-18,88,847,37,135,1,71,4,126,1,8,100,252,63,27,4,2,0,1766,"",2022-04-18,88,184,27,135,1,20,4,8,1,8,100,252,63,27,3,921,""
2022-04-19,82,873,67,49,8,147,20,290,7,11,117,280,62,44,7,3,0,2067,"",2022-04-19,82,186,20,49,8,38,20,34,7,11,117,280,62,44,6,964,""
2022-04-20,162,1453,69,145,11,167,13,343,7,21,148,356,97,43,18,5,0,3058,"",2022-04-20,162,247,32,145,11,52,13,50,7,21,148,356,97,43,15,1399,""
2022-04-21,96,1818,105,194,26,122,17,268,2,7,151,182,100,34,8,2,0,3132,"",2022-04-21,96,317,53,194,26,45,17,47,2,7,151,182,100,34,8,1279,""
2022-04-22,105,1551,79,182,15,140,21,299,2,4,106,189,105,32,5,10,0,2845,"",2022-04-22,105,285,35,182,15,32,21,30,2,4,106,189,105,32,4,1147,""
2022-04-23,125,1414,79,221,23,99,10,313,6,1,100,218,121,39,12,4,0,2785,"",2022-04-23,125,244,45,221,23,22,10,51,6,1,100,218,121,39,12,1238,""
2022-04-24,62,1539,61,153,21,98,3,284,2,0,117,175,96,15,3,4,0,2633,"",2022-04-24,62,286,28,153,21,35,3,53,2,0,117,175,96,15,2,1048,""
2022-04-25,53,890,55,195,12,86,1,134,2,1,69,244,99,13,12,1,0,1867,"",2022-04-25,53,174,42,195,12,27,1,11,2,1,69,244,99,13,11,954,""
2022-04-26,123,748,79,187,30,139,10,367,7,4,76,273,52,25,8,4,0,2132,"",2022-04-26,123,151,39,187,30,24,10,26,7,4,76,273,52,25,8,1035,""
2022-04-27,204,1511,122,174,14,196,9,400,6,4,112,244,120,27,11,5,0,3159,"",2022-04-27,204,218,50,174,14,48,9,81,6,4,112,244,120,27,10,1321,""
2022-04-28,119,1587,119,203,39,160,14,371,3,5,144,264,100,21,9,1,0,3159,"",2022-04-28,119,296,60,203,39,66,14,53,3,5,144,264,100,21,8,1395,""
2022-04-29,144,1446,134,221,31,117,8,291,2,20,116,233,134,18,8,4,0,2927,"",2022-04-29,144,238,48,221,31,36,8,48,2,20,116,233,134,18,7,1304,""
2022-04-30,64,1338,81,218,23,88,4,176,0,2,73,324,83,14,8,6,0,2502,"",2022-04-30,64,228,41,218,23,42,4,22,0,2,73,324,83,14,6,1144,""
2022-05-01,56,783,67,151,7,81,3,214,0,4,41,310,103,27,5,2,0,1854,"",2022-05-01,56,144,16,151,7,26,3,19,0,4,41,310,103,27,5,912,""
2022-05-02,70,792,24,165,23,61,7,191,1,7,52,309,72,24,6,1,0,1805,"",2022-05-02,70,219,13,165,23,14,7,33,1,7,52,309,72,24,5,1014,""
2022-05-03,129,577,95,131,32,113,11,345,0,14,61,86,78,28,15,3,0,1718,"",2022-05-03,129,172,15,131,32,24,11,80,0,14,61,86,78,28,11,872,""
2022-05-04,126,978,64,79,31,126,30,215,3,7,78,204,88,31,19,11,0,2090,"",2022-05-04,126,196,22,79,31,41,30,68,3,7,78,204,88,31,16,1020,""
2022-05-05,73,967,39,152,16,105,5,130,2,3,35,205,81,17,21,3,0,1854,"",2022-05-05,73,204,21,152,16,20,5,37,2,3,35,205,81,17,18,889,""
2022-05-06,64,756,57,145,33,91,6,132,0,7,38,204,83,25,23,4,0,1668,"",2022-05-06,64,137,28,145,33,22,6,23,0,7,38,204,83,25,22,837,""
2022-05-07,109,929,101,82,38,192,9,317,5,21,77,112,64,32,11,13,0,2112,"",2022-05-07,109,143,31,82,38,43,9,73,5,21,77,112,64,32,11,850,""
2022-05-08,100,1690,134,186,49,247,6,282,4,12,106,168,70,17,28,16,0,3115,"",2022-05-08,100,314,55,186,49,51,6,75,4,12,106,168,70,17,16,1229,""
2022-05-09,87,1410,54,184,33,177,3,148,3,18,70,215,89,21,33,11,0,2556,"",2022-05-09,87,223,25,184,33,33,3,43,3,18,70,215,89,21,28,1075,""
2022-05-10,97,841,87,213,63,240,8,316,20,18,76,233,145,24,14,5,0,2400,"",2022-05-10,97,217,18,213,63,50,8,65,20,18,76,233,145,24,10,1257,""
2022-05-11,139,1536,122,208,34,277,13,351,7,16,143,202,135,20,29,27,0,3259,"",2022-05-11,139,227,46,208,34,83,13,81,7,16,143,202,135,20,20,1374,""
2022-05-12,94,1620,97,290,35,237,10,274,3,15,96,212,159,25,6,3,0,3176,"",2022-05-12,94,344,40,290,35,65,10,68,3,15,96,212,159,25,5,1461,""
2022-05-13,96,1467,59,283,34,213,10,325,4,14,97,181,201,24,12,13,0,3033,2022-06-07修正済（釧路1名減）,2022-05-13,96,257,16,283,34,54,10,75,4,14,97,181,201,24,7,1353,2022-06-07修正済（釧路1名減）
2022-05-14,84,1236,95,291,30,210,26,291,5,12,107,197,149,23,10,5,0,2771,"",2022-05-14,84,237,23,291,30,55,26,76,5,12,107,197,149,23,6,1321,""
2022-05-15,40,1304,43,254,44,159,21,215,0,11,73,132,149,22,15,6,0,2488,"",2022-05-15,40,197,17,254,44,44,21,45,0,11,73,132,149,22,11,1060,""
2022-05-16,38,1040,32,247,41,105,13,142,3,15,88,116,97,28,6,10,0,2021,"",2022-05-16,38,177,15,247,41,13,13,47,3,15,88,116,97,28,5,943,""
2022-05-17,89,628,65,279,26,156,9,320,13,36,66,64,117,24,8,4,0,1904,"",2022-05-17,89,168,7,279,26,46,9,71,13,36,66,64,117,24,7,1022,""
2022-05-18,101,1262,77,176,33,193,12,331,10,45,171,125,90,35,8,8,0,2677,"",2022-05-18,101,180,10,176,33,41,12,84,10,45,171,125,90,35,8,1121,""
2022-05-19,91,1418,84,190,41,190,15,304,9,18,101,175,119,37,8,11,0,2811,"",2022-05-19,91,275,12,190,41,76,15,81,9,18,101,175,119,37,6,1246,""
2022-05-20,72,1222,53,224,43,188,19,231,10,18,124,151,130,49,7,12,0,2553,"",2022-05-20,72,236,8,224,43,60,19,59,10,18,124,151,130,49,7,1210,""
2022-05-21,71,1078,42,245,20,127,14,198,4,18,107,137,118,51,5,5,0,2240,"",2022-05-21,71,182,12,245,20,32,14,56,4,18,107,137,118,51,5,1072,""
2022-05-22,56,1119,60,146,11,140,5,184,2,9,79,125,82,36,6,5,0,2065,"",2022-05-22,56,166,19,146,11,43,5,40,2,9,79,125,82,36,5,824,""
2022-05-23,36,811,21,108,30,81,5,98,0,3,59,65,100,40,7,4,0,1468,"",2022-05-23,36,172,14,108,30,12,5,6,0,3,59,65,100,40,4,654,""
2022-05-24,75,453,55,116,12,160,3,205,7,5,78,67,75,49,7,2,0,1369,"",2022-05-24,75,101,5,116,12,36,3,21,7,5,78,67,75,49,5,655,""
2022-05-25,72,1069,67,108,15,186,9,216,5,9,74,125,68,52,14,5,0,2094,"",2022-05-25,72,196,11,108,15,58,9,36,5,9,74,125,68,52,12,850,""
2022-05-26,44,1104,45,133,22,107,6,163,4,6,61,151,55,39,5,5,0,1950,"",2022-05-26,44,152,13,133,22,35,6,22,4,6,61,151,55,39,4,747,""
2022-05-27,61,849,47,104,9,106,10,135,1,13,64,135,41,37,7,5,0,1624,"",2022-05-27,61,143,18,104,9,26,10,34,1,13,64,135,41,37,6,702,""
2022-05-28,41,776,22,148,7,104,5,148,2,11,55,126,41,19,8,2,0,1515,"",2022-05-28,41,122,6,148,7,27,5,27,2,11,55,126,41,19,8,645,""
2022-05-29,27,721,28,81,8,87,4,109,0,1,37,70,38,23,3,4,0,1241,"",2022-05-29,27,91,8,81,8,19,4,18,0,1,37,70,38,23,3,428,""
2022-05-30,22,532,12,79,7,35,2,65,0,0,35,66,26,8,3,2,0,894,"",2022-05-30,22,75,4,79,7,9,2,14,0,0,35,66,26,8,0,347,""
2022-05-31,32,332,38,63,13,96,10,156,9,7,51,32,26,24,11,3,0,903,"",2022-05-31,32,90,15,63,13,23,10,22,9,7,51,32,26,24,11,428,""
2022-06-01,36,588,50,99,14,112,12,101,7,2,38,121,31,19,4,6,0,1240,"",2022-06-01,36,115,11,99,14,28,12,36,7,2,38,121,31,19,4,573,""
2022-06-02,40,674,24,88,11,70,8,75,3,5,42,122,36,5,11,1,0,1215,"",2022-06-02,40,104,5,88,11,32,8,18,3,5,42,122,36,5,10,529,""
2022-06-03,22,524,17,73,12,55,4,85,3,3,57,123,38,19,2,1,0,1038,"",2022-06-03,22,88,3,73,12,16,4,12,3,3,57,123,38,19,2,475,""
2022-06-04,23,485,18,65,4,76,8,76,2,3,31,76,24,5,1,2,0,899,"",2022-06-04,23,98,5,65,4,19,8,24,2,3,31,76,24,5,1,388,""
2022-06-05,7,494,15,72,11,73,1,71,2,1,42,82,29,6,1,3,0,910,"",2022-06-05,7,76,9,72,11,9,1,17,2,1,42,82,29,6,1,365,""
2022-06-06,14,352,1,50,4,29,18,45,2,0,35,72,15,7,3,2,0,649,"",2022-06-06,14,63,1,50,4,6,18,10,2,0,35,72,15,7,3,300,""
2022-06-07,27,242,22,66,13,75,8,115,1,3,43,38,31,9,4,4,0,701,"",2022-06-07,27,73,2,66,13,15,8,16,1,3,43,38,31,9,1,346,""
2022-06-08,19,548,39,80,11,94,6,120,1,1,100,134,43,14,6,5,0,1221,"",2022-06-08,19,106,7,80,11,15,6,19,1,1,100,134,43,14,6,562,""
2022-06-09,19,463,27,56,4,61,11,108,1,1,78,110,38,12,2,1,0,992,"",2022-06-09,19,67,5,56,4,20,11,16,1,1,78,110,38,12,2,440,""
2022-06-10,7,465,23,73,13,83,4,103,1,4,45,54,37,22,8,0,0,942,"",2022-06-10,7,69,5,73,13,12,4,19,1,4,45,54,37,22,3,368,""
2022-06-11,16,426,24,56,9,69,5,102,3,0,75,62,11,8,6,0,0,872,"",2022-06-11,16,75,6,56,9,18,5,26,3,0,75,62,11,8,4,374,""
2022-06-12,8,463,17,53,9,39,4,82,4,0,56,40,23,7,4,3,0,812,"",2022-06-12,8,58,2,53,9,11,4,14,4,0,56,40,23,7,4,293,""
2022-06-13,8,304,4,59,4,16,2,35,0,0,45,31,11,8,8,1,0,536,"",2022-06-13,8,42,3,59,4,6,2,3,0,0,45,31,11,8,8,230,""
2022-06-14,13,219,18,48,9,66,5,101,10,4,55,34,19,14,3,3,0,621,"",2022-06-14,13,33,2,48,9,11,5,9,10,4,55,34,19,14,3,269,""
2022-06-15,22,451,21,98,6,80,18,101,4,2,60,78,10,7,6,1,0,965,"",2022-06-15,22,58,11,98,6,18,18,22,4,2,60,78,10,7,6,420,""
2022-06-16,18,436,21,62,8,76,4,86,12,4,73,65,25,4,8,0,0,902,"",2022-06-16,18,49,14,62,8,20,4,20,12,4,73,65,25,4,6,384,""
2022-06-17,17,408,19,54,6,55,4,68,4,9,44,73,26,5,2,1,0,795,"",2022-06-17,17,60,15,54,6,21,4,23,4,9,44,73,26,5,1,362,""
2022-06-18,10,345,12,51,7,52,14,70,8,3,53,41,14,2,8,2,0,692,"",2022-06-18,10,35,7,51,7,23,14,18,8,3,53,41,14,2,6,292,""
2022-06-19,4,402,17,50,4,37,9,63,4,1,28,54,23,2,3,2,0,703,"",2022-06-19,4,56,10,50,4,10,9,8,4,1,28,54,23,2,2,265,""
2022-06-20,5,226,18,36,8,40,3,35,2,0,23,18,17,1,1,1,0,434,"",2022-06-20,5,22,16,36,8,11,3,1,2,0,23,18,17,1,1,164,""
2022-06-21,23,162,15,33,10,61,4,70,6,1,43,10,26,5,4,0,0,473,"",2022-06-21,23,38,5,33,10,21,4,15,6,1,43,10,26,5,3,243,""
2022-06-22,21,375,23,45,8,55,1,59,4,1,40,56,33,0,1,1,0,723,"",2022-06-22,21,59,13,45,8,17,1,12,4,1,40,56,33,0,1,311,""
2022-06-23,21,394,9,31,23,60,3,68,3,8,59,46,23,3,2,0,0,753,"",2022-06-23,21,63,7,31,23,19,3,17,3,8,59,46,23,3,0,326,""
2022-06-24,34,319,11,45,14,58,1,64,1,8,49,40,21,2,5,1,0,673,"",2022-06-24,34,65,5,45,14,21,1,6,1,8,49,40,21,2,4,316,""
2022-06-25,35,315,9,27,15,38,4,50,6,3,44,16,14,3,2,4,0,585,"",2022-06-25,35,60,5,27,15,14,4,5,6,3,44,16,14,3,2,253,""
2022-06-26,23,270,4,38,7,37,6,45,6,7,43,33,15,8,6,2,0,550,"",2022-06-26,23,51,2,38,7,11,6,3,6,7,43,33,15,8,5,258,""
2022-06-27,16,208,2,9,4,7,1,28,0,1,7,13,10,7,5,0,0,318,"",2022-06-27,16,36,2,9,4,2,1,0,0,1,7,13,10,7,4,112,""
2022-06-28,18,180,5,12,18,34,11,57,2,8,53,6,10,5,1,1,0,421,"",2022-06-28,18,50,1,12,18,9,11,1,2,8,53,6,10,5,1,205,""
2022-06-29,17,360,25,46,17,47,5,76,1,7,48,37,15,4,4,3,0,712,"",2022-06-29,17,91,4,46,17,10,5,19,1,7,48,37,15,4,3,324,""
2022-06-30,14,384,12,46,14,25,6,62,1,5,36,23,7,5,4,1,0,645,"",2022-06-30,14,100,5,46,14,10,6,24,1,5,36,23,7,5,2,298,""
2022-07-01,17,383,16,27,23,20,1,57,1,9,45,28,5,4,3,2,0,641,"",2022-07-01,17,125,5,27,23,8,1,20,1,9,45,28,5,4,2,320,""
2022-07-02,12,364,7,41,16,41,1,55,2,12,28,31,8,3,5,0,0,626,"",2022-07-02,12,84,3,41,16,9,1,20,2,12,28,31,8,3,2,272,""
2022-07-03,3,408,12,27,17,21,1,59,0,3,18,29,11,6,0,2,0,617,"",2022-07-03,3,89,5,27,17,6,1,23,0,3,18,29,11,6,0,238,""
2022-07-04,9,306,8,12,10,24,0,12,0,1,6,5,6,2,2,4,0,407,"",2022-07-04,9,48,2,12,10,5,0,4,0,1,6,5,6,2,2,112,""
2022-07-05,21,235,29,20,16,45,0,96,4,2,33,24,22,8,5,1,0,561,"",2022-07-05,21,74,2,20,16,14,0,30,4,2,33,24,22,8,5,275,""
2022-07-06,20,450,27,48,11,58,0,66,4,2,43,32,29,10,16,5,0,821,"",2022-07-06,20,103,9,48,11,17,0,29,4,2,43,32,29,10,13,370,""
2022-07-07,31,495,25,57,17,62,0,75,4,9,34,37,16,27,7,5,0,901,"",2022-07-07,31,83,5,57,17,22,0,17,4,9,34,37,16,27,4,363,""
2022-07-08,17,508,19,36,11,89,0,58,2,10,44,32,27,19,9,6,0,887,"",2022-07-08,17,97,5,36,11,21,0,22,2,10,44,32,27,19,6,349,""
2022-07-09,23,474,24,68,15,60,0,67,2,7,46,42,30,38,13,2,0,911,"",2022-07-09,23,94,5,68,15,19,0,18,2,7,46,42,30,38,8,415,""
2022-07-10,12,518,16,65,10,64,0,32,2,8,33,45,12,18,20,4,0,859,"",2022-07-10,12,84,8,65,10,19,0,2,2,8,33,45,12,18,15,333,""
