年月日,現在患者数,現在患者数.前日比.,入院患者,入院患者.前日比.,宿泊療養施設入所者,宿泊療養施設入所者.前日比.,自宅療養者,自宅療養者.前日比.,施設療養者,施設療養者.前日比.,調整中,調整中.前日比.,確保病床数,確保病床数.うち重症.,備考
2020-01-28,1,0,,,,,,,,,,,,,""
2020-01-29,1,0,,,,,,,,,,,,,""
2020-01-30,1,0,,,,,,,,,,,,,""
2020-01-31,1,0,,,,,,,,,,,,,""
2020-02-01,1,0,,,,,,,,,,,,,""
2020-02-02,1,0,,,,,,,,,,,,,""
2020-02-03,1,0,,,,,,,,,,,,,""
2020-02-04,1,0,,,,,,,,,,,,,""
2020-02-05,1,0,,,,,,,,,,,,,""
2020-02-06,1,0,,,,,,,,,,,,,""
2020-02-07,1,0,,,,,,,,,,,,,""
2020-02-08,1,0,,,,,,,,,,,,,""
2020-02-09,1,0,,,,,,,,,,,,,""
2020-02-10,1,0,,,,,,,,,,,,,""
2020-02-11,1,0,,,,,,,,,,,,,""
2020-02-12,0,-1,,,,,,,,,,,,,""
2020-02-13,0,0,,,,,,,,,,,,,""
2020-02-14,1,1,,,,,,,,,,,,,""
2020-02-15,1,0,,,,,,,,,,,,,""
2020-02-16,1,0,,,,,,,,,,,,,""
2020-02-17,1,0,,,,,,,,,,,,,""
2020-02-18,1,0,,,,,,,,,,,,,""
2020-02-19,3,2,,,,,,,,,,,,,""
2020-02-20,4,1,,,,,,,,,,,,,""
2020-02-21,7,3,,,,,,,,,,,,,""
2020-02-22,16,9,,,,,,,,,,,,,""
2020-02-23,25,9,,,,,,,,,,,,,""
2020-02-24,29,4,,,,,,,,,,,,,""
2020-02-25,33,4,,,,,,,,,,,,,""
2020-02-26,37,4,,,,,,,,,,,,,""
2020-02-27,51,14,,,,,,,,,,,,,""
2020-02-28,62,11,,,,,,,,,,,,,""
2020-02-29,65,3,,,,,,,,,,,,,""
2020-03-01,61,-4,,,,,,,,,,,,,""
2020-03-02,62,1,,,,,,,,,,,,,""
2020-03-03,55,-7,,,,,,,,,,,,,""
2020-03-04,57,2,,,,,,,,,,,,,""
2020-03-05,54,-3,,,,,,,,,,,,,""
2020-03-06,55,1,,,,,,,,,,,,,""
2020-03-07,61,6,,,,,,,,,,,,,""
2020-03-08,57,-4,,,,,,,,,,,,,""
2020-03-09,62,5,,,,,,,,,,,,,""
2020-03-10,59,-3,,,,,,,,,,,,,""
2020-03-11,62,3,,,,,,,,,,,,,""
2020-03-12,71,9,,,,,,,,,,,,,""
2020-03-13,78,7,,,,,,,,,,,,,""
2020-03-14,82,4,,,,,,,,,,,,,""
2020-03-15,82,0,,,,,,,,,,,,,""
2020-03-16,80,-2,,,,,,,,,,,,,""
2020-03-17,74,-6,,,,,,,,,,,,,""
2020-03-18,75,1,,,,,,,,,,,,,""
2020-03-19,70,-5,,,,,,,,,,,,,""
2020-03-20,68,-2,,,,,,,,,,,,,""
2020-03-21,66,-2,,,,,,,,,,,,,""
2020-03-22,60,-6,,,,,,,,,,,,,""
2020-03-23,59,-1,,,,,,,,,,,,,""
2020-03-24,57,-2,,,,,,,,,,,,,""
2020-03-25,55,-2,,,,,,,,,,,,,""
2020-03-26,40,-15,,,,,,,,,,,,,""
2020-03-27,39,-1,,,,,,,,,,,,,""
2020-03-28,41,2,,,,,,,,,,,,,""
2020-03-29,44,3,,,,,,,,,,,,,""
2020-03-30,39,-5,,,,,,,,,,,,,""
2020-03-31,38,-1,,,,,,,,,,,,,""
2020-04-01,42,4,,,,,,,,,,,,,""
2020-04-02,42,0,,,,,,,,,,,,,""
2020-04-03,43,1,,,,,,,,,,,,,""
2020-04-04,43,0,,,,,,,,,,,,,""
2020-04-05,44,1,,,,,,,,,,,,,""
2020-04-06,42,-2,,,,,,,,,,,,,""
2020-04-07,46,4,,,,,,,,,,,,,""
2020-04-08,53,7,,,,,,,,,,,,,""
2020-04-09,67,14,,,,,,,,,,,,,""
2020-04-10,70,3,,,,,,,,,,,,,""
2020-04-11,86,16,,,,,,,,,,,,,""
2020-04-12,95,9,,,,,,,,,,,,,""
2020-04-13,100,5,,,,,,,,,,,,,""
2020-04-14,116,16,,,,,,,,,,,,,""
2020-04-15,135,19,,,,,,,,,,,,,""
2020-04-16,151,16,,,,,,,,,,,,,""
2020-04-17,176,25,,,,,,,,,,,,,""
2020-04-18,212,36,,,,,,,,,,,,,""
2020-04-19,237,25,,,,,,,,,,,,,""
2020-04-20,245,8,,,,,,,,,,,,,""
2020-04-21,261,16,,,,,,,,,,,,,""
2020-04-22,273,12,,,,,,,,,,,,,""
2020-04-23,312,39,,,,,,,,,,,,,""
2020-04-24,325,13,,,,,,,,,,,,,""
2020-04-25,359,34,,,,,,,,,,,,,""
2020-04-26,365,6,,,,,,,,,,,,,""
2020-04-27,398,33,,,,,,,,,,,,,""
2020-04-28,423,25,,,,,,,,,,,,,""
2020-04-29,456,33,,,,,,,,,,,,,""
2020-04-30,485,29,,,,,,,,,,,,,""
2020-05-01,493,8,,,,,,,,,,,,,""
2020-05-02,499,6,,,,,,,,,,,,,""
2020-05-03,494,-5,,,,,,,,,,,,,""
2020-05-04,485,-9,,,,,,,,,,,,,""
2020-05-05,490,5,,,,,,,,,,,,,""
2020-05-06,490,0,,,,,,,,,,,,,""
2020-05-07,487,-3,,,,,,,,,,,,,""
2020-05-08,462,-25,,,,,,,,,,,,,""
2020-05-09,450,-12,,,,,,,,,,,,,""
2020-05-10,439,-11,,,,,,,,,,,,,""
2020-05-11,432,-7,,,,,,,,,,,,,""
2020-05-12,409,-23,,,,,,,,,,,,,""
2020-05-13,394,-15,,,,,,,,,,,,,""
2020-05-14,389,-5,,,,,,,,,,,,,""
2020-05-15,366,-23,,,,,,,,,,,,,""
2020-05-16,343,-23,,,,,,,,,,,,,""
2020-05-17,338,-5,,,,,,,,,,,,,""
2020-05-18,319,-19,,,,,,,,,,,,,""
2020-05-19,299,-20,,,,,,,,,,,,,""
2020-05-20,273,-26,,,,,,,,,,,,,""
2020-05-21,260,-13,,,,,,,,,,,,,""
2020-05-22,242,-18,,,,,,,,,,,,,""
2020-05-23,235,-7,,,,,,,,,,,,,""
2020-05-24,239,4,,,,,,,,,,,,,""
2020-05-25,238,-1,,,,,,,,,,,,,""
2020-05-26,227,-11,,,,,,,,,,,,,""
2020-05-27,223,-4,,,,,,,,,,,,,""
2020-05-28,222,-1,,,,,,,,,,,,,""
2020-05-29,212,-10,,,,,,,,,,,,,""
2020-05-30,200,-12,,,,,,,,,,,,,""
2020-05-31,195,-5,,,,,,,,,,,,,""
2020-06-01,197,2,,,,,,,,,,,,,""
2020-06-02,191,-6,,,,,,,,,,,,,""
2020-06-03,183,-8,,,,,,,,,,,,,""
2020-06-04,166,-17,,,,,,,,,,,,,""
2020-06-05,156,-10,,,,,,,,,,,,,""
2020-06-06,158,2,,,,,,,,,,,,,""
2020-06-07,150,-8,,,,,,,,,,,,,""
2020-06-08,146,-4,,,,,,,,,,,,,""
2020-06-09,135,-11,,,,,,,,,,,,,""
2020-06-10,125,-10,,,,,,,,,,,,,""
2020-06-11,122,-3,,,,,,,,,,,,,""
2020-06-12,120,-2,,,,,,,,,,,,,""
2020-06-13,122,2,,,,,,,,,,,,,""
2020-06-14,123,1,,,,,,,,,,,,,""
2020-06-15,126,3,,,,,,,,,,,,,""
2020-06-16,116,-10,,,,,,,,,,,,,""
2020-06-17,115,-1,,,,,,,,,,,,,""
2020-06-18,108,-7,,,,,,,,,,,,,""
2020-06-19,97,-11,,,,,,,,,,,,,""
2020-06-20,95,-2,,,,,,,,,,,,,""
2020-06-21,92,-3,,,,,,,,,,,,,""
2020-06-22,93,1,,,,,,,,,,,,,""
2020-06-23,83,-10,,,,,,,,,,,,,""
2020-06-24,84,1,,,,,,,,,,,,,""
2020-06-25,86,2,,,,,,,,,,,,,""
2020-06-26,79,-7,,,,,,,,,,,,,""
2020-06-27,75,-4,,,,,,,,,,,,,""
2020-06-28,86,11,,,,,,,,,,,,,""
2020-06-29,97,11,,,,,,,,,,,,,""
2020-06-30,103,6,,,,,,,,,,,,,""
2020-07-01,95,-8,85,,10,,,,,,,,,,""
2020-07-02,97,2,87,2,10,0,,,,,,,,,""
2020-07-03,94,-3,84,-3,10,0,,,,,,,,,""
2020-07-04,87,-7,77,-7,10,0,,,,,,,,,""
2020-07-05,83,-4,75,-2,8,-2,,,,,,,,,""
2020-07-06,78,-5,71,-4,7,-1,,,,,,,,,""
2020-07-07,71,-7,65,-6,6,-1,,,,,,,,,""
2020-07-08,61,-10,58,-7,3,-3,,,,,,,,,""
2020-07-09,56,-5,53,-5,3,0,,,,,,,,,""
2020-07-10,62,6,58,5,4,1,,,,,,,,,""
2020-07-11,59,-3,54,-4,5,1,,,,,,,,,""
2020-07-12,61,2,56,2,5,0,,,,,,,,,""
2020-07-13,62,1,57,1,5,0,,,,,,,,,""
2020-07-14,66,4,57,0,9,4,,,,,,,,,""
2020-07-15,76,10,63,6,13,4,,,,,,,,,""
2020-07-16,80,4,60,-3,20,7,,,,,,,,,""
2020-07-17,75,-5,56,-4,19,-1,,,,,,,,,""
2020-07-18,81,6,61,5,20,1,,,,,,,,,""
2020-07-19,88,7,65,4,23,3,,,,,,,,,""
2020-07-20,85,-3,64,-1,21,-2,,,,,,,,,""
2020-07-21,88,3,62,-2,26,5,,,,,,,,,""
2020-07-22,90,2,65,3,25,-1,,,,,,,,,""
2020-07-23,87,-3,63,-2,24,-1,,,,,,,,,""
2020-07-24,86,-1,59,-4,27,3,,,,,,,,,""
2020-07-25,92,6,62,3,30,3,,,,,,,,,""
2020-07-26,92,0,64,2,28,-2,,,,,,,,,""
2020-07-27,91,-1,63,-1,28,0,,,,,,,,,""
2020-07-28,82,-9,57,-6,25,-3,,,,,,,,,""
2020-07-29,86,4,62,5,24,-1,,,,,,,,,""
2020-07-30,73,-13,49,-13,24,0,,,,,,,,,""
2020-07-31,82,9,57,8,25,1,,,,,,,,,""
2020-08-01,96,14,66,9,30,5,,,,,,,,,""
2020-08-02,100,4,65,-1,35,5,,,,,,,,,""
2020-08-03,114,14,77,12,37,2,,,,,,,,,""
2020-08-04,123,9,86,9,37,0,,,,,,,,,""
2020-08-05,127,4,89,3,38,1,,,,,,,,,""
2020-08-06,120,-7,85,-4,35,-3,,,,,,,,,""
2020-08-07,128,8,95,10,33,-2,,,,,,,,,""
2020-08-08,126,-2,94,-1,32,-1,,,,,,,,,""
2020-08-09,133,7,98,4,35,3,,,,,,,,,""
2020-08-10,142,9,102,4,40,5,,,,,,,,,""
2020-08-11,153,11,103,1,50,10,,,,,,,,,""
2020-08-12,146,-7,98,-5,48,-2,,,,,,,,,""
2020-08-13,142,-4,104,6,38,-10,,,,,,,,,""
2020-08-14,134,-8,93,-11,41,3,,,,,,,,,""
2020-08-15,137,3,100,7,37,-4,,,,,,,,,""
2020-08-16,136,-1,98,-2,38,1,,,,,,,,,""
2020-08-17,129,-7,100,2,29,-9,,,,,,,,,""
2020-08-18,128,-1,99,-1,29,0,,,,,,,,,""
2020-08-19,114,-14,92,-7,22,-7,,,,,,,,,""
2020-08-20,111,-3,90,-2,21,-1,,,,,,,,,""
2020-08-21,115,4,86,-4,29,8,,,,,,,,,""
2020-08-22,130,15,98,12,32,3,,,,,,,,,""
2020-08-23,137,7,100,2,37,5,,,,,,,,,""
2020-08-24,141,4,106,6,35,-2,,,,,,,,,""
2020-08-25,136,-5,104,-2,32,-3,,,,,,,,,""
2020-08-26,132,-4,100,-4,32,0,,,,,,,,,""
2020-08-27,129,-3,106,6,23,-9,,,,,,,,,""
2020-08-28,130,1,104,-2,26,3,,,,,,,,,""
2020-08-29,133,3,107,3,26,0,,,,,,,,,""
2020-08-30,130,-3,105,-2,25,-1,,,,,,,,,""
2020-08-31,120,-10,99,-6,21,-4,,,,,,,,,""
2020-09-01,127,7,99,0,28,7,,,,,,,,,""
2020-09-02,121,-6,89,-10,32,4,,,,,,,,,""
2020-09-03,111,-10,82,-7,29,-3,,,,,,,,,""
2020-09-04,103,-8,72,-10,31,2,,,,,,,,,""
2020-09-05,96,-7,71,-1,25,-6,,,,,,,,,""
2020-09-06,82,-14,58,-13,24,-1,,,,,,,,,""
2020-09-07,85,3,60,2,25,1,,,,,,,,,""
2020-09-08,81,-4,53,-7,28,3,,,,,,,,,""
2020-09-09,74,-7,46,-7,28,0,,,,,,,,,""
2020-09-10,75,1,49,3,26,-2,,,,,,,,,""
2020-09-11,64,-11,40,-9,24,-2,,,,,,,,,""
2020-09-12,62,-2,39,-1,23,-1,,,,,,,,,""
2020-09-13,60,-2,40,1,20,-3,,,,,,,,,""
2020-09-14,61,1,40,0,21,1,,,,,,,,,""
2020-09-15,62,1,40,0,22,1,,,,,,,,,""
2020-09-16,62,0,38,-2,24,2,,,,,,,,,""
2020-09-17,62,0,37,-1,25,1,,,,,,,,,""
2020-09-18,76,14,43,6,33,8,,,,,,,,,""
2020-09-19,85,9,42,-1,43,10,,,,,,,,,""
2020-09-20,98,13,50,8,48,5,,,,,,,,,""
2020-09-21,108,10,53,3,55,7,,,,,,,,,""
2020-09-22,109,1,62,9,47,-8,,,,,,,,,""
2020-09-23,105,-4,67,5,38,-9,,,,,,,,,""
2020-09-24,97,-8,57,-10,40,2,,,,,,,,,""
2020-09-25,111,14,69,12,42,2,,,,,,,,,""
2020-09-26,110,-1,69,0,41,-1,,,,,,,,,""
2020-09-27,120,10,77,8,43,2,,,,,,,,,""
2020-09-28,126,6,77,0,49,6,,,,,,,,,""
2020-09-29,136,10,86,9,50,1,,,,,,,,,""
2020-09-30,138,2,86,0,52,2,,,,,,,,,""
2020-10-01,138,0,96,10,42,-10,,,,,,,,,""
2020-10-02,135,-3,94,-2,41,-1,,,,,,,,,""
2020-10-03,136,1,94,0,42,1,,,,,,,,,""
2020-10-04,148,12,104,10,44,2,,,,,,,,,""
2020-10-05,173,25,112,8,61,17,,,,,,,,,""
2020-10-06,174,1,110,-2,64,3,,,,,,,,,""
2020-10-07,196,22,110,0,86,22,,,,,,,,,""
2020-10-08,198,2,114,4,84,-2,,,,,,,,,""
2020-10-09,204,6,121,7,83,-1,,,,,,,,,""
2020-10-10,211,7,120,-1,91,8,,,,,,,,,""
2020-10-11,221,10,120,0,101,10,,,,,,,,,""
2020-10-12,210,-11,116,-4,94,-7,,,,,,,,,""
2020-10-13,207,-3,121,5,86,-8,,,,,,,,,""
2020-10-14,194,-13,109,-12,85,-1,,,,,,,,,""
2020-10-15,187,-7,102,-7,85,0,,,,,,,,,""
2020-10-16,199,12,105,3,94,9,,,,,,,,,""
2020-10-17,211,12,107,2,104,10,,,,,,,,,""
2020-10-18,213,2,102,-5,111,7,,,,,,,,,""
2020-10-19,205,-8,105,3,100,-11,,,,,,,,,""
2020-10-20,216,11,110,5,106,6,,,,,,,,,""
2020-10-21,217,1,117,7,100,-6,,,,,,,,,""
2020-10-22,235,18,122,5,113,13,,,,,,,,,""
2020-10-23,260,25,124,2,136,23,,,,,,,,,""
2020-10-24,292,32,138,14,154,18,,,,,,,,,""
2020-10-25,311,19,145,7,166,12,,,,,,,,,""
2020-10-26,343,32,150,5,193,27,,,,,,,,,""
2020-10-27,331,-12,151,1,180,-13,,,,,,,,,""
2020-10-28,362,31,158,7,204,24,,,,,,,,,""
2020-10-29,383,21,163,5,220,16,,,,,,,,,""
2020-10-30,408,25,174,11,234,14,,,,,,,,,""
2020-10-31,446,38,182,8,264,30,,,,,,,,,""
2020-11-01,492,46,186,4,306,42,,,,,,,,,""
2020-11-02,545,53,198,12,347,41,,,,,,,,,""
2020-11-03,570,25,215,17,355,8,,,,,,,,,""
2020-11-04,608,38,231,16,377,22,,,,,,,,,""
2020-11-05,674,66,285,54,389,12,,,,,,,,,""
2020-11-06,713,39,314,29,399,10,,,,,,,,,""
2020-11-07,849,136,337,23,432,33,,,,,80,,,,""
2020-11-08,976,127,376,39,453,21,,,,,147,67,,,""
2020-11-09,1094,118,382,6,513,60,,,,,199,52,,,""
2020-11-10,1160,66,434,52,508,-5,60,,,,158,-41,,,""
2020-11-11,1288,128,494,60,520,12,113,53,,,161,3,,,""
2020-11-12,1455,167,517,23,557,37,158,45,,,223,62,,,""
2020-11-13,1608,153,600,83,614,57,198,40,,,196,-27,,,""
2020-11-14,1719,111,658,58,652,38,233,35,,,176,-20,,,""
2020-11-15,1842,123,674,16,690,38,269,36,,,209,33,,,""
2020-11-16,1916,74,686,12,699,9,277,8,,,254,45,,,""
2020-11-17,1903,-13,693,7,708,9,257,-20,,,245,-9,,,""
2020-11-18,1943,40,705,12,710,2,259,2,,,269,24,,,""
2020-11-19,1993,50,718,13,716,6,275,16,,,284,15,,,""
2020-11-20,2113,120,769,51,729,13,288,13,,,327,43,,,""
2020-11-21,2143,30,793,24,761,32,298,10,,,291,-36,,,""
2020-11-22,2214,71,798,5,785,24,333,35,,,298,7,,,""
2020-11-23,2307,93,807,9,811,26,332,-1,,,357,59,,,""
2020-11-24,2359,52,845,38,819,8,334,2,,,361,4,,,""
2020-11-25,2300,-59,843,-2,808,-11,368,34,,,281,-80,,,""
2020-11-26,2248,-52,847,4,782,-26,349,-19,,,270,-11,,,""
2020-11-27,2269,21,860,13,787,5,364,15,,,258,-12,,,""
2020-11-28,2375,106,885,25,799,12,393,29,,,298,40,,,""
2020-11-29,2323,-52,915,30,764,-35,373,-20,,,271,-27,,,""
2020-11-30,2281,-42,932,17,725,-39,382,9,,,242,-29,,,""
2020-12-01,2279,-2,935,3,678,-47,397,15,,,269,27,,,""
2020-12-02,2171,-108,933,-2,590,-88,382,-15,,,266,-3,,,""
2020-12-03,2172,1,938,5,561,-29,403,21,,,270,4,,,""
2020-12-04,2163,-9,950,12,528,-33,412,9,,,273,3,,,""
2020-12-05,2217,54,955,5,532,4,437,25,,,293,20,,,""
2020-12-06,2237,20,993,38,530,-2,456,19,,,258,-35,,,""
2020-12-07,2261,24,998,5,536,6,463,7,,,264,6,,,""
2020-12-08,2248,-13,998,0,514,-22,467,4,,,269,5,,,""
2020-12-09,2252,4,996,-2,517,3,476,9,,,263,-6,,,""
2020-12-10,2274,22,997,1,522,5,482,6,,,273,10,,,""
2020-12-11,2221,-53,983,-14,515,-7,458,-24,,,265,-8,,,""
2020-12-12,2226,5,982,-1,510,-5,464,6,,,270,5,,,""
2020-12-13,2282,56,996,14,519,9,479,15,,,288,18,,,""
2020-12-14,2243,-39,997,1,487,-32,469,-10,,,290,2,,,""
2020-12-15,2183,-60,992,-5,452,-35,457,-12,,,282,-8,,,""
2020-12-16,2011,-172,974,-18,380,-72,396,-61,,,261,-21,,,""
2020-12-17,1938,-73,962,-12,333,-47,389,-7,,,254,-7,,,""
2020-12-18,1886,-52,974,12,289,-44,384,-5,,,239,-15,,,""
2020-12-19,1825,-61,940,-34,264,-25,394,10,,,227,-12,,,""
2020-12-20,1881,56,968,28,257,-7,408,14,,,248,21,,,""
2020-12-21,1848,-33,970,2,264,7,402,-6,,,212,-36,,,""
2020-12-22,1750,-98,926,-44,256,-8,411,9,,,157,-55,,,""
2020-12-23,1666,-84,885,-41,242,-14,388,-23,,,151,-6,,,""
2020-12-24,1632,-34,874,-11,249,7,374,-14,,,135,-16,,,""
2020-12-25,1579,-53,836,-38,240,-9,368,-6,,,135,0,,,""
2020-12-26,1598,19,814,-22,242,2,400,32,,,142,7,,,""
2020-12-27,1621,23,842,28,253,11,394,-6,,,132,-10,,,""
2020-12-28,1628,7,846,4,241,-12,413,19,,,128,-4,,,""
2020-12-29,1591,-37,817,-29,227,-14,420,7,,,127,-1,,,""
2020-12-30,1659,68,852,35,228,1,428,8,,,151,24,,,""
2020-12-31,1680,21,857,5,246,18,407,-21,,,170,19,,,""
2021-01-01,1666,-14,829,-28,249,3,411,4,,,177,7,,,""
2021-01-02,1691,25,849,20,261,12,411,0,,,170,-7,,,""
2021-01-03,1692,1,855,6,255,-6,434,23,,,148,-22,,,""
2021-01-04,1704,12,860,5,246,-9,434,0,,,164,16,,,""
2021-01-05,1607,-97,835,-25,240,-6,393,-41,,,139,-25,,,""
2021-01-06,1465,-142,748,-87,233,-7,353,-40,,,131,-8,,,""
2021-01-07,1419,-46,680,-68,238,5,354,1,,,147,16,,,""
2021-01-08,1360,-59,675,-5,270,32,284,-70,,,131,-16,,,""
2021-01-09,1456,96,700,25,299,29,294,10,,,163,32,,,""
2021-01-10,1519,63,722,22,365,66,268,-26,,,164,1,,,""
2021-01-11,1574,55,752,30,392,27,271,3,,,159,-5,,,""
2021-01-12,1588,14,725,-27,397,5,304,33,,,162,3,,,""
2021-01-13,1524,-64,687,-38,403,6,289,-15,,,145,-17,,,""
2021-01-14,1578,54,694,7,411,8,302,13,,,171,26,,,""
2021-01-15,1631,53,700,6,410,-1,334,32,,,187,16,,,""
2021-01-16,1716,85,746,46,438,28,332,-2,,,200,13,,,""
2021-01-17,1720,4,754,8,467,29,308,-24,,,191,-9,,,""
2021-01-18,1708,-12,740,-14,450,-17,330,22,,,188,-3,,,""
2021-01-19,1623,-85,708,-32,425,-25,326,-4,,,164,-24,,,""
2021-01-20,1647,24,730,22,380,-45,336,10,,,201,37,,,""
2021-01-21,1599,-48,756,26,376,-4,279,-57,,,188,-13,,,""
2021-01-22,1514,-85,713,-43,365,-11,264,-15,,,172,-16,,,""
2021-01-23,1502,-12,721,8,339,-26,260,-4,,,182,10,,,""
2021-01-24,1484,-18,738,17,335,-4,240,-20,,,171,-11,,,""
2021-01-25,1476,-8,754,16,322,-13,223,-17,,,177,6,,,""
2021-01-26,1383,-93,704,-50,307,-15,204,-19,,,168,-9,,,""
2021-01-27,1373,-10,697,-7,310,3,202,-2,,,164,-4,,,""
2021-01-28,1334,-39,692,-5,327,17,188,-14,,,127,-37,,,""
2021-01-29,1343,9,679,-13,363,36,179,-9,,,122,-5,,,""
2021-01-30,1344,1,666,-13,360,-3,191,12,,,127,5,,,""
2021-01-31,1364,20,672,6,359,-1,177,-14,,,156,29,,,""
2021-02-01,1335,-29,659,-13,370,11,160,-17,,,146,-10,,,""
2021-02-02,1330,-5,641,-18,360,-10,195,35,,,134,-12,,,""
2021-02-03,1250,-80,582,-59,333,-27,184,-11,,,151,17,,,""
2021-02-04,1247,-3,567,-15,324,-9,199,15,,,157,6,,,""
2021-02-05,1215,-32,545,-22,319,-5,195,-4,,,156,-1,,,""
2021-02-06,1204,-11,545,0,304,-15,195,0,,,160,4,,,""
2021-02-07,1206,2,548,3,287,-17,197,2,,,174,14,,,""
2021-02-08,1157,-49,536,-12,275,-12,189,-8,,,157,-17,,,""
2021-02-09,1048,-109,475,-61,254,-21,164,-25,,,155,-2,,,""
2021-02-10,1022,-26,475,0,223,-31,163,-1,,,161,6,,,""
2021-02-11,1003,-19,461,-14,207,-16,165,2,,,170,9,,,""
2021-02-12,1005,2,464,3,208,1,151,-14,,,182,12,,,""
2021-02-13,846,-159,403,-61,196,-12,101,-50,,,146,-36,,,""
2021-02-14,832,-14,418,15,178,-18,108,7,,,128,-18,,,""
2021-02-15,825,-7,426,8,165,-13,106,-2,,,128,0,,,""
2021-02-16,779,-46,401,-25,152,-13,121,15,,,105,-23,,,""
2021-02-17,798,19,404,3,143,-9,125,4,,,126,21,,,""
2021-02-18,721,-77,384,-20,149,6,86,-39,,,102,-24,,,""
2021-02-19,716,-5,385,1,137,-12,80,-6,,,114,12,,,""
2021-02-20,700,-16,388,3,122,-15,82,2,,,108,-6,,,""
2021-02-21,735,35,408,20,137,15,82,0,,,108,0,,,""
2021-02-22,706,-29,399,-9,137,0,77,-5,,,93,-15,,,""
2021-02-23,709,3,384,-15,123,-14,84,7,,,118,25,,,""
2021-02-24,691,-18,378,-6,131,8,88,4,,,94,-24,,,""
2021-02-25,645,-46,370,-8,137,6,60,-28,,,78,-16,,,""
2021-02-26,601,-44,353,-17,128,-9,55,-5,,,65,-13,,,""
2021-02-27,577,-24,327,-26,121,-7,52,-3,,,77,12,,,""
2021-02-28,549,-28,313,-14,115,-6,51,-1,,,70,-7,,,""
2021-03-01,543,-6,315,2,105,-10,49,-2,,,74,4,,,""
2021-03-02,523,-20,299,-16,96,-9,52,3,,,76,2,,,""
2021-03-03,534,11,297,-2,91,-5,58,6,,,88,12,,,""
2021-03-04,564,30,315,18,104,13,56,-2,,,89,1,,,""
2021-03-05,561,-3,311,-4,108,4,53,-3,,,89,0,,,""
2021-03-06,559,-2,307,-4,109,1,56,3,,,87,-2,,,""
2021-03-07,603,44,322,15,130,21,57,1,,,94,7,,,""
2021-03-08,641,38,351,29,149,19,62,5,,,79,-15,,,""
2021-03-09,659,18,343,-8,151,2,91,29,,,74,-5,,,""
2021-03-10,690,31,352,9,158,7,99,8,,,81,7,,,""
2021-03-11,711,21,359,7,154,-4,105,6,,,93,12,,,""
2021-03-12,703,-8,351,-8,160,6,114,9,,,78,-15,,,""
2021-03-13,700,-3,355,4,147,-13,104,-10,,,94,16,,,""
2021-03-14,703,3,363,8,154,7,96,-8,,,90,-4,,,""
2021-03-15,701,-2,366,3,143,-11,100,4,,,92,2,,,""
2021-03-16,626,-75,331,-35,147,4,75,-25,,,73,-19,,,""
2021-03-17,611,-15,317,-14,156,9,66,-9,,,72,-1,,,""
2021-03-18,673,62,327,10,183,27,70,4,,,93,21,,,""
2021-03-19,709,36,343,16,214,31,69,-1,,,83,-10,,,""
2021-03-20,711,2,332,-11,217,3,75,6,,,87,4,,,""
2021-03-21,724,13,348,16,220,3,69,-6,,,87,0,,,""
2021-03-22,719,-5,364,16,237,17,63,-6,,,55,-32,,,""
2021-03-23,676,-43,342,-22,218,-19,52,-11,,,64,9,,,""
2021-03-24,692,16,362,20,206,-12,54,2,,,70,6,,,""
2021-03-25,700,8,375,13,198,-8,51,-3,,,76,6,,,""
2021-03-26,729,29,391,16,198,0,60,9,,,80,4,,,""
2021-03-27,751,22,403,12,210,12,64,4,,,74,-6,,,""
2021-03-28,787,36,427,24,212,2,56,-8,,,92,18,,,""
2021-03-29,773,-14,435,8,217,5,56,0,,,65,-27,,,""
2021-03-30,759,-14,436,1,205,-12,51,-5,,,67,2,,,""
2021-03-31,802,43,448,12,213,8,54,3,,,87,20,,,""
2021-04-01,760,-42,418,-30,235,22,46,-8,,,61,-26,,,""
2021-04-02,751,-9,412,-6,227,-8,37,-9,,,75,14,,,""
2021-04-03,784,33,421,9,248,21,37,0,,,78,3,,,""
2021-04-04,806,22,427,6,275,27,20,-17,,,84,6,,,""
2021-04-05,852,46,448,21,276,1,24,4,,,104,20,,,""
2021-04-06,854,2,431,-17,292,16,28,4,,,103,-1,,,""
2021-04-07,872,18,444,13,308,16,26,-2,,,94,-9,,,""
2021-04-08,898,26,458,14,316,8,26,0,,,98,4,,,""
2021-04-09,944,46,468,10,347,31,31,5,,,98,0,,,""
2021-04-10,961,17,483,15,327,-20,39,8,,,112,14,,,""
2021-04-11,888,-73,484,1,273,-54,32,-7,,,99,-13,,,""
2021-04-12,868,-20,488,4,241,-32,28,-4,,,111,12,,,""
2021-04-13,844,-24,478,-10,237,-4,32,4,,,97,-14,,,""
2021-04-14,856,12,488,10,230,-7,28,-4,,,110,13,,,""
2021-04-15,877,21,511,23,218,-12,30,2,,,118,8,,,""
2021-04-16,914,37,529,18,217,-1,28,-2,,,140,22,,,""
2021-04-17,964,50,553,24,233,16,40,12,,,138,-2,,,""
2021-04-18,1013,49,577,24,259,26,33,-7,,,144,6,,,""
2021-04-19,1031,18,604,27,258,-1,44,11,,,125,-19,,,""
2021-04-20,1042,11,569,-35,270,12,62,18,,,141,16,,,""
2021-04-21,1076,34,567,-2,301,31,59,-3,,,149,8,,,""
2021-04-22,1127,51,552,-15,327,26,69,10,,,179,30,,,""
2021-04-23,1194,67,593,41,364,37,92,23,,,145,-34,,,""
2021-04-24,1256,62,594,1,385,21,124,32,,,153,8,,,""
2021-04-25,1325,69,619,25,422,37,106,-18,,,178,25,,,""
2021-04-26,1396,71,646,27,431,9,130,24,,,189,11,,,""
2021-04-27,1399,3,624,-22,453,22,139,9,,,183,-6,,,""
2021-04-28,1524,125,635,11,506,53,155,16,,,228,45,,,""
2021-04-29,1626,102,627,-8,530,24,179,24,,,290,62,,,""
2021-04-30,1742,116,652,25,527,-3,230,51,,,333,43,,,""
2021-05-01,1763,21,645,-7,511,-16,281,51,,,326,-7,,,""
2021-05-02,2014,251,677,32,561,50,314,33,,,462,136,,,""
2021-05-03,1992,-22,689,12,557,-4,266,-48,,,480,18,,,""
2021-05-04,2092,100,715,26,541,-16,344,78,,,492,12,,,""
2021-05-05,2204,112,748,33,595,54,398,54,,,463,-29,,,""
2021-05-06,2431,227,760,12,601,6,439,41,,,631,168,,,""
2021-05-07,2336,-95,751,-9,541,-60,483,44,,,561,-70,,,""
2021-05-08,2625,289,788,37,556,15,538,55,,,743,182,,,""
2021-05-09,2933,308,892,104,563,7,557,19,,,921,178,,,""
2021-05-10,3261,328,918,26,569,6,772,215,,,1002,81,,,""
2021-05-11,3478,217,894,-24,524,-45,841,69,,,1219,217,,,""
2021-05-12,3781,303,887,-7,505,-19,1021,180,,,1368,149,,,""
2021-05-13,4327,546,896,9,486,-19,1145,124,,,1800,432,,,""
2021-05-14,4765,438,891,-5,527,41,1339,194,,,2008,208,,,""
2021-05-15,5092,327,910,19,484,-43,1434,95,,,2264,256,,,""
2021-05-16,5313,221,957,47,436,-48,1501,67,,,2419,155,,,""
2021-05-17,5481,168,953,-4,417,-19,1580,79,,,2531,112,,,""
2021-05-18,5789,308,919,-34,412,-5,1622,42,,,2836,305,,,""
2021-05-19,6180,391,961,42,408,-4,1739,117,,,3072,236,,,""
2021-05-20,6248,68,972,11,415,7,1603,-136,,,3258,186,,,""
2021-05-21,6717,469,973,1,395,-20,1829,226,,,3520,262,,,""
2021-05-22,7221,504,962,-11,444,49,2282,453,,,3533,13,,,""
2021-05-23,7168,-53,1012,50,419,-25,2189,-93,,,3548,15,,,""
2021-05-24,7326,158,1031,19,428,9,2248,59,,,3619,71,,,""
2021-05-25,7589,263,1028,-3,439,11,2883,635,,,3239,-380,,,""
2021-05-26,7915,326,1065,37,405,-34,2906,23,,,3539,300,,,""
2021-05-27,8298,383,1055,-10,365,-40,2954,48,,,3924,385,,,""
2021-05-28,8508,210,1060,5,358,-7,3004,50,,,4086,162,,,""
2021-05-29,8016,-492,1050,-10,367,9,2557,-447,,,4042,-44,,,""
2021-05-30,7991,-25,1092,42,334,-33,2604,47,,,3961,-81,,,""
2021-05-31,7828,-163,1113,21,327,-7,2517,-87,,,3871,-90,,,""
2021-06-01,7307,-521,1059,-54,315,-12,2269,-248,,,3664,-207,,,""
2021-06-02,6991,-316,1020,-39,306,-9,1995,-274,,,3670,6,,,""
2021-06-03,6585,-406,994,-26,322,16,1886,-109,,,3383,-287,,,""
2021-06-04,6431,-154,1049,55,318,-4,1834,-52,,,3230,-153,,,""
2021-06-05,6195,-236,986,-63,326,8,1848,14,,,3035,-195,,,""
2021-06-06,5965,-230,1015,29,341,15,1972,124,,,2637,-398,,,""
2021-06-07,5747,-218,1024,9,360,19,2023,51,,,2340,-297,,,""
2021-06-08,5531,-216,1028,4,379,19,1943,-80,,,2181,-159,,,""
2021-06-09,5116,-415,1006,-22,341,-38,1851,-92,,,1918,-263,,,""
2021-06-10,4774,-342,984,-22,289,-52,1870,19,,,1631,-287,,,""
2021-06-11,4572,-202,970,-14,321,32,1698,-172,,,1583,-48,,,""
2021-06-12,4453,-119,938,-32,321,0,1605,-93,,,1589,6,,,""
2021-06-13,3716,-737,947,9,313,-8,1127,-478,,,1329,-260,,,""
2021-06-14,3481,-235,952,5,296,-17,1083,-44,,,1150,-179,,,""
2021-06-15,3326,-155,903,-49,271,-25,1064,-19,,,1088,-62,,,""
2021-06-16,2992,-334,899,-4,237,-34,844,-220,,,1012,-76,,,""
2021-06-17,2884,-108,895,-4,217,-20,788,-56,,,984,-28,,,""
2021-06-18,2632,-252,872,-23,188,-29,739,-49,,,833,-151,,,""
2021-06-19,2493,-139,870,-2,162,-26,677,-62,,,784,-49,,,""
2021-06-20,2260,-233,859,-11,140,-22,667,-10,,,594,-190,,,""
2021-06-21,2170,-90,814,-45,132,-8,658,-9,,,566,-28,,,""
2021-06-22,2053,-117,747,-67,127,-5,630,-28,,,549,-17,,,""
2021-06-23,1952,-101,696,-51,109,-18,588,-42,,,559,10,,,""
2021-06-24,1563,-389,664,-32,109,0,315,-273,,,475,-84,,,""
2021-06-25,1415,-148,605,-59,104,-5,235,-80,,,471,-4,,,""
2021-06-26,1318,-97,567,-38,88,-16,189,-46,,,474,3,,,""
2021-06-27,1260,-58,562,-5,87,-1,174,-15,,,437,-37,,,""
2021-06-28,1210,-50,544,-18,87,0,158,-16,,,421,-16,,,""
2021-06-29,1118,-92,484,-60,81,-6,155,-3,,,398,-23,,,""
2021-06-30,956,-162,425,-59,69,-12,99,-56,,,363,-35,,,""
2021-07-01,866,-90,385,-40,69,0,87,-12,,,325,-38,,,""
2021-07-02,785,-81,370,-15,73,4,75,-12,,,267,-58,,,""
2021-07-03,708,-77,345,-25,69,-4,77,2,,,217,-50,,,""
2021-07-04,673,-35,359,14,67,-2,74,-3,,,173,-44,,,""
2021-07-05,637,-36,357,-2,64,-3,73,-1,,,143,-30,,,""
2021-07-06,603,-34,333,-24,63,-1,76,3,,,131,-12,,,""
2021-07-07,500,-103,278,-55,64,1,71,-5,,,87,-44,,,""
2021-07-08,522,22,268,-10,78,14,79,8,,,97,10,,,""
2021-07-09,551,29,276,8,93,15,89,10,,,93,-4,,,""
2021-07-10,575,24,283,7,98,5,87,-2,,,107,14,,,""
2021-07-11,602,27,289,6,115,17,107,20,,,91,-16,,,""
2021-07-12,620,18,303,14,106,-9,121,14,0,,90,-1,,,""
2021-07-13,621,1,289,-14,109,3,130,9,0,0,93,3,,,""
2021-07-14,636,15,277,-12,116,7,128,-2,0,0,115,22,,,""
2021-07-15,666,30,276,-1,116,0,129,1,0,0,145,30,,,""
2021-07-16,691,25,281,5,136,20,152,23,0,0,122,-23,,,""
2021-07-17,757,66,296,15,145,9,143,-9,0,0,173,51,,,""
2021-07-18,828,71,322,26,174,29,160,17,0,0,172,-1,,,""
2021-07-19,859,31,322,0,209,35,184,24,0,0,144,-28,,,""
2021-07-20,872,13,285,-37,222,13,207,23,0,0,158,14,,,""
2021-07-21,907,35,281,-4,229,7,211,4,0,0,186,28,,,""
2021-07-22,983,76,302,21,248,19,183,-28,0,0,250,64,,,""
2021-07-23,1000,17,327,25,276,28,212,29,0,0,185,-65,,,""
2021-07-24,1041,41,357,30,296,20,210,-2,0,0,178,-7,,,""
2021-07-25,1073,32,373,16,303,7,218,8,0,0,179,1,,,""
2021-07-26,1159,86,398,25,313,10,243,25,0,0,205,26,,,""
2021-07-27,1149,-10,383,-15,322,9,252,9,0,0,192,-13,,,""
2021-07-28,1241,92,395,12,335,13,236,-16,0,0,275,83,,,""
2021-07-29,1417,176,433,38,367,32,272,36,0,0,345,70,,,""
2021-07-30,1567,150,477,44,407,40,336,64,0,0,347,2,,,""
2021-07-31,1744,177,475,-2,432,25,413,77,0,0,424,77,,,""
2021-08-01,1912,168,488,13,401,-31,410,-3,0,0,613,189,,,""
2021-08-02,2035,123,535,47,503,102,546,136,0,0,451,-162,,,""
2021-08-03,2086,51,529,-6,518,15,663,117,0,0,376,-75,,,""
2021-08-04,2286,200,522,-7,523,5,761,98,0,0,480,104,,,""
2021-08-05,2459,173,530,8,525,2,872,111,0,0,532,52,,,""
2021-08-06,2566,107,567,37,530,5,1030,158,0,0,439,-93,,,""
2021-08-07,2711,145,572,5,513,-17,1022,-8,0,0,604,165,,,""
2021-08-08,2791,80,590,18,477,-36,1205,183,7,7,512,-92,,,""
2021-08-09,2926,135,620,30,506,29,1292,87,10,3,498,-14,,,""
2021-08-10,3050,124,644,24,535,29,1357,65,10,0,504,6,,,""
2021-08-11,3052,2,605,-39,533,-2,1392,35,10,0,512,8,,,""
2021-08-12,3291,239,622,17,558,25,1415,23,14,4,682,170,,,""
2021-08-13,3518,227,660,38,617,59,1435,20,14,0,792,110,,,""
2021-08-14,3713,195,712,52,669,52,1388,-47,14,0,930,138,,,""
2021-08-15,3824,111,759,47,700,31,1277,-111,14,0,1074,144,,,""
2021-08-16,3858,34,763,4,703,3,1457,180,14,0,921,-153,,,""
2021-08-17,3854,-4,704,-59,708,5,1612,155,15,1,815,-106,,,""
2021-08-18,4105,251,761,57,686,-22,1588,-24,14,-1,1056,241,,,""
2021-08-19,4368,263,779,18,710,24,1584,-4,14,0,1281,225,,,""
2021-08-20,4520,152,775,-4,751,41,2005,421,14,0,975,-306,,,""
2021-08-21,4711,191,806,31,724,-27,2194,189,12,-2,975,0,,,""
2021-08-22,4899,188,813,7,712,-12,2328,134,12,0,1034,59,,,""
2021-08-23,4961,62,841,28,694,-18,2359,31,12,0,1055,21,,,""
2021-08-24,4938,-23,872,31,687,-7,2595,236,12,0,772,-283,,,""
2021-08-25,5051,113,895,23,677,-10,2720,125,11,-1,748,-24,,,""
2021-08-26,5130,79,931,36,640,-37,2738,18,11,0,810,62,,,""
2021-08-27,5144,14,922,-9,631,-9,2849,111,11,0,731,-79,,,""
2021-08-28,5135,-9,920,-2,627,-4,2815,-34,0,-11,773,42,,,""
2021-08-29,5020,-115,972,52,599,-28,2629,-186,0,0,820,47,,,""
2021-08-30,4807,-213,989,17,615,16,2593,-36,0,0,610,-210,,,""
2021-08-31,4570,-237,913,-76,602,-13,2379,-214,0,0,676,66,,,""
2021-09-01,4358,-212,878,-35,575,-27,2233,-146,0,0,672,-4,,,""
2021-09-02,4145,-213,869,-9,535,-40,2034,-199,0,0,707,35,,,""
2021-09-03,3818,-327,812,-57,512,-23,1924,-110,0,0,570,-137,,,""
2021-09-04,3596,-222,787,-25,503,-9,1838,-86,0,0,468,-102,,,""
2021-09-05,3500,-96,829,42,463,-40,1748,-90,0,0,460,-8,,,""
2021-09-06,3266,-234,815,-14,433,-30,1613,-135,0,0,405,-55,,,""
2021-09-07,2826,-440,737,-78,414,-19,1362,-251,0,0,313,-92,,,""
2021-09-08,2531,-295,701,-36,336,-78,1144,-218,0,0,350,37,,,""
2021-09-09,2300,-231,691,-10,327,-9,986,-158,0,0,296,-54,,,""
2021-09-10,2101,-199,665,-26,301,-26,855,-131,0,0,280,-16,,,""
2021-09-11,1990,-111,633,-32,285,-16,822,-33,0,0,250,-30,,,""
2021-09-12,1905,-85,644,11,275,-10,772,-50,0,0,214,-36,,,""
2021-09-13,1756,-149,631,-13,248,-27,687,-85,0,0,190,-24,,,""
2021-09-14,1533,-223,526,-105,231,-17,610,-77,0,0,166,-24,,,""
2021-09-15,1403,-130,468,-58,209,-22,566,-44,0,0,160,-6,,,""
2021-09-16,1325,-78,456,-12,194,-15,521,-45,0,0,154,-6,,,""
2021-09-17,1295,-30,446,-10,187,-7,512,-9,0,0,150,-4,,,""
2021-09-18,1259,-36,434,-12,204,17,494,-18,0,0,127,-23,,,""
2021-09-19,1214,-45,422,-12,188,-16,495,1,0,0,109,-18,,,""
2021-09-20,1156,-58,433,11,164,-24,471,-24,0,0,88,-21,,,""
2021-09-21,989,-167,408,-25,139,-25,376,-95,0,0,66,-22,,,""
2021-09-22,839,-150,290,-118,130,-9,362,-14,0,0,57,-9,1994,143,""
2021-09-23,757,-82,274,-16,109,-21,329,-33,0,0,45,-12,1994,143,""
2021-09-24,714,-43,254,-20,90,-19,329,0,0,0,41,-4,1994,143,""
2021-09-25,641,-73,230,-24,87,-3,279,-50,0,0,45,4,1994,143,""
2021-09-26,650,9,226,-4,88,1,279,0,0,0,57,12,1994,143,""
2021-09-27,583,-67,217,-9,91,3,254,-25,0,0,21,-36,1994,143,""
2021-09-28,515,-68,193,-24,83,-8,220,-34,0,0,19,-2,1994,143,""
2021-09-29,483,-32,175,-18,78,-5,201,-19,0,0,29,10,1994,143,""
2021-09-30,439,-44,163,-12,72,-6,184,-17,0,0,20,-9,1994,143,""
2021-10-01,409,-30,145,-18,67,-5,173,-11,0,0,24,4,1584,103,""
2021-10-02,374,-35,136,-9,55,-12,163,-10,0,0,20,-4,1584,103,""
2021-10-03,354,-20,125,-11,46,-9,170,7,0,0,13,-7,1584,103,""
2021-10-04,323,-31,117,-8,42,-4,162,-8,0,0,2,-11,1584,103,""
2021-10-05,273,-50,106,-11,36,-6,130,-32,0,0,1,-1,1584,103,""
2021-10-06,258,-15,107,1,30,-6,120,-10,0,0,1,0,1584,103,""
2021-10-07,232,-26,85,-22,32,2,115,-5,0,0,0,-1,1584,103,""
2021-10-08,213,-19,64,-21,26,-6,119,4,0,0,4,4,1584,103,""
2021-10-09,206,-7,59,-5,21,-5,111,-8,0,0,15,11,1584,103,""
2021-10-10,201,-5,56,-3,18,-3,110,-1,0,0,17,2,1584,103,""
2021-10-11,192,-9,53,-3,19,1,108,-2,0,0,12,-5,1584,103,""
2021-10-12,183,-9,49,-4,13,-6,106,-2,0,0,15,3,1584,103,""
2021-10-13,180,-3,58,9,11,-2,100,-6,0,0,11,-4,1584,103,""
2021-10-14,212,32,57,-1,18,7,100,0,8,8,29,18,1584,103,""
2021-10-15,206,-6,52,-5,25,7,103,3,8,0,18,-11,1584,103,""
2021-10-16,208,2,58,6,22,-3,102,-1,9,1,17,-1,1584,103,""
2021-10-17,233,25,60,2,30,8,100,-2,22,13,21,4,1584,103,""
2021-10-18,234,1,60,0,29,-1,112,12,22,0,11,-10,1114,82,""
2021-10-19,223,-11,57,-3,23,-6,111,-1,22,0,10,-1,1114,82,""
2021-10-20,215,-8,55,-2,22,-1,98,-13,26,4,14,4,1114,82,""
2021-10-21,195,-20,60,5,20,-2,82,-16,24,-2,9,-5,1114,82,""
2021-10-22,183,-12,58,-2,17,-3,73,-9,24,0,11,2,1114,82,""
2021-10-23,167,-16,52,-6,14,-3,73,0,23,-1,5,-6,1114,82,""
2021-10-24,175,8,50,-2,18,4,73,0,24,1,10,5,1114,82,""
2021-10-25,148,-27,52,2,12,-6,56,-17,19,-5,9,-1,1114,82,""
2021-10-26,136,-12,48,-4,12,0,53,-3,19,0,4,-5,1114,82,""
2021-10-27,123,-13,43,-5,13,1,43,-10,19,0,5,1,1114,82,""
2021-10-28,98,-25,39,-4,12,-1,35,-8,9,-10,3,-2,1114,82,""
2021-10-29,99,1,35,-4,12,0,40,5,8,-1,4,1,1114,82,""
2021-10-30,96,-3,33,-2,12,0,37,-3,8,0,6,2,1114,82,""
2021-10-31,99,3,30,-3,18,6,38,1,8,0,5,-1,1114,82,""
2021-11-01,98,-1,30,0,18,0,39,1,8,0,3,-2,1114,82,""
2021-11-02,92,-6,23,-7,19,1,43,4,5,-3,2,-1,1114,82,""
2021-11-03,92,0,24,1,17,-2,45,2,4,-1,2,0,1114,82,""
2021-11-04,81,-11,16,-8,15,-2,43,-2,4,0,3,1,1114,82,""
2021-11-05,86,5,16,0,14,-1,50,7,2,-2,4,1,1114,82,""
2021-11-06,92,6,14,-2,14,0,59,9,0,-2,5,1,1114,82,""
2021-11-07,97,5,15,1,16,2,57,-2,0,0,9,4,1114,82,""
2021-11-08,97,0,16,1,17,1,56,-1,0,0,8,-1,1114,82,""
2021-11-09,97,0,17,1,14,-3,61,5,0,0,5,-3,1114,82,""
2021-11-10,96,-1,18,1,13,-1,59,-2,0,0,6,1,1114,82,""
2021-11-11,98,2,18,0,16,3,57,-2,0,0,7,1,1114,82,""
2021-11-12,107,9,19,1,17,1,60,3,0,0,11,4,1114,82,""
2021-11-13,115,8,20,1,22,5,64,4,0,0,9,-2,1114,82,""
2021-11-14,114,-1,21,1,30,8,59,-5,0,0,4,-5,1114,82,""
2021-11-15,103,-11,21,0,37,7,42,-17,0,0,3,-1,1114,82,""
2021-11-16,127,24,26,5,38,1,38,-4,0,0,25,22,1114,82,""
2021-11-17,154,27,30,4,36,-2,51,13,0,0,37,12,1114,82,""
2021-11-18,167,13,38,8,37,1,63,12,0,0,29,-8,1114,82,""
2021-11-19,174,7,49,11,46,9,52,-11,0,0,27,-2,1114,82,""
2021-11-20,177,3,58,9,46,0,55,3,0,0,18,-9,1114,82,""
2021-11-21,186,9,58,0,36,-10,57,2,0,0,35,17,1114,82,""
2021-11-22,178,-8,63,5,39,3,50,-7,0,0,26,-9,1114,82,""
2021-11-23,174,-4,65,2,40,1,45,-5,0,0,24,-2,1114,82,""
2021-11-24,173,-1,65,0,39,-1,38,-7,0,0,31,7,1114,82,""
2021-11-25,172,-1,69,4,38,-1,40,2,0,0,25,-6,1114,82,""
2021-11-26,174,2,62,-7,34,-4,44,4,0,0,34,9,1114,82,""
2021-11-27,169,-5,60,-2,33,-1,51,7,0,0,25,-9,1114,82,""
2021-11-28,161,-8,55,-5,29,-4,47,-4,0,0,30,5,1114,82,""
2021-11-29,157,-4,57,2,26,-3,47,0,0,0,27,-3,1114,82,""
2021-11-30,151,-6,56,-1,24,-2,41,-6,0,0,30,3,1114,82,""
2021-12-01,124,-27,54,-2,19,-5,25,-16,0,0,26,-4,1114,82,""
2021-12-02,115,-9,50,-4,18,-1,21,-4,0,0,26,0,1114,82,""
2021-12-03,111,-4,50,0,14,-4,19,-2,0,0,28,2,1211,87,""
2021-12-04,101,-10,46,-4,13,-1,17,-2,0,0,25,-3,1211,87,""
2021-12-05,96,-5,43,-3,10,-3,19,2,0,0,24,-1,1211,87,""
2021-12-06,90,-6,39,-4,7,-3,22,3,0,0,22,-2,1211,87,""
2021-12-07,83,-7,39,0,5,-2,17,-5,0,0,22,0,1211,87,""
2021-12-08,79,-4,40,1,5,0,17,0,0,0,17,-5,1211,87,""
2021-12-09,76,-3,38,-2,5,0,16,-1,0,0,17,0,1211,87,""
2021-12-10,65,-11,31,-7,4,-1,18,2,0,0,12,-5,1211,87,""
2021-12-11,65,0,32,1,4,0,16,-2,0,0,13,1,1211,87,""
2021-12-12,60,-5,28,-4,3,-1,14,-2,0,0,15,2,1211,87,""
2021-12-13,53,-7,24,-4,3,0,14,0,0,0,12,-3,1211,87,""
2021-12-14,41,-12,25,1,2,-1,8,-6,0,0,6,-6,1211,87,""
2021-12-15,42,1,26,1,2,0,8,0,0,0,6,0,1211,87,""
2021-12-16,49,7,25,-1,5,3,15,7,0,0,4,-2,1211,87,""
2021-12-17,50,1,23,-2,8,3,16,1,0,0,3,-1,1211,87,""
2021-12-18,60,10,23,0,9,1,19,3,0,0,9,6,1211,87,""
2021-12-19,71,11,29,6,9,0,23,4,0,0,10,1,1211,87,""
2021-12-20,83,12,29,0,15,6,26,3,0,0,13,3,1211,87,""
2021-12-21,84,1,27,-2,15,0,32,6,0,0,10,-3,1211,87,""
2021-12-22,108,24,32,5,13,-2,39,7,0,0,24,14,1211,87,""
2021-12-23,132,24,39,7,17,4,59,20,0,0,17,-7,1211,87,""
2021-12-24,135,3,39,0,22,5,61,2,0,0,13,-4,1211,87,""
2021-12-25,148,13,45,6,26,4,57,-4,0,0,20,7,1211,87,""
2021-12-26,163,15,48,3,23,-3,61,4,0,0,31,11,1211,87,""
2021-12-27,168,5,48,0,29,6,58,-3,0,0,33,2,1211,87,""
2021-12-28,172,4,59,11,34,5,65,7,0,0,14,-19,1211,87,""
2021-12-29,183,11,62,3,32,-2,71,6,0,0,18,4,1211,87,""
2021-12-30,207,24,63,1,33,1,70,-1,0,0,41,23,1211,87,""
2021-12-31,211,4,70,7,38,5,89,19,0,0,14,-27,1211,87,""
2022-01-01,217,6,72,2,35,-3,90,1,0,0,20,6,1211,87,""
2022-01-02,212,-5,71,-1,37,2,89,-1,3,3,12,-8,1211,87,""
2022-01-03,211,-1,71,0,37,0,83,-6,3,0,17,5,1211,87,""
2022-01-04,217,6,77,6,25,-12,98,15,3,0,14,-3,1211,87,""
2022-01-05,207,-10,74,-3,28,3,73,-25,4,1,28,14,1211,87,""
2022-01-06,250,43,92,18,32,4,77,4,15,11,34,6,1211,87,""
2022-01-07,320,70,115,23,34,2,101,24,15,0,55,21,1211,87,""
2022-01-08,427,107,139,24,36,2,134,33,15,0,103,48,1211,87,""
2022-01-09,537,110,152,13,48,12,240,106,18,3,79,-24,1211,87,""
2022-01-10,632,95,157,5,66,18,288,48,18,0,103,24,1211,87,""
2022-01-11,725,93,166,9,85,19,374,86,18,0,82,-21,1255,87,""
2022-01-12,883,158,212,46,99,14,445,71,19,1,108,26,1255,87,""
2022-01-13,1172,289,223,11,124,25,567,122,18,-1,240,132,1255,87,""
2022-01-14,1593,421,247,24,178,54,737,170,18,0,413,173,1255,87,""
2022-01-15,2209,616,272,25,242,64,943,206,20,2,732,319,1255,87,""
2022-01-16,2830,621,284,12,294,52,1368,425,21,1,863,131,1255,87,""
2022-01-17,3392,562,295,11,376,82,1847,479,21,0,853,-10,1255,87,""
2022-01-18,3964,572,327,32,452,76,2295,448,21,0,869,16,1547,102,""
2022-01-19,5011,1047,338,11,526,74,2903,608,26,5,1218,349,1547,102,""
2022-01-20,6286,1275,370,32,598,72,3796,893,26,0,1496,278,1547,102,""
2022-01-21,7699,1413,395,25,632,34,4525,729,47,21,2100,604,1547,102,""
2022-01-22,9018,1319,426,31,685,53,4987,462,49,2,2871,771,1547,102,""
2022-01-23,10155,1137,469,43,660,-25,5609,622,49,0,3368,497,1547,102,""
2022-01-24,11293,1138,445,-24,716,56,6773,1164,101,52,3258,-110,1547,102,""
2022-01-25,11972,679,487,42,735,19,7444,671,116,15,3190,-68,1547,102,2022-03-04修正（現在患者数1名減）
2022-01-26,13341,1369,501,14,769,34,9153,1709,139,23,2779,-411,1547,102,""
2022-01-27,15473,2132,540,39,831,62,11697,2544,146,7,2259,-520,1547,102,""
2022-01-28,17385,1912,562,22,793,-38,13592,1895,157,11,2281,22,1547,102,""
2022-01-29,19349,1964,568,6,731,-62,15373,1781,159,2,2518,237,1547,102,""
2022-01-30,19844,495,556,-12,713,-18,14971,-402,161,2,3443,925,1547,102,""
2022-01-31,19809,-35,568,12,639,-74,15342,371,207,46,3053,-390,1547,102,""
2022-02-01,21246,1437,622,54,579,-60,16468,1126,219,12,3358,305,1547,102,""
2022-02-02,23284,2038,634,12,536,-43,17823,1355,242,23,4049,691,1547,102,""
2022-02-03,25483,2199,656,22,475,-61,19673,1850,251,9,4428,379,1547,102,""
2022-02-04,27558,2075,649,-7,424,-51,21164,1491,251,0,5070,642,1547,102,""
2022-02-05,29552,1994,638,-11,382,-42,22497,1333,274,23,5761,691,1547,102,""
2022-02-06,31007,1455,583,-55,368,-14,21854,-643,398,124,7804,2043,1547,102,""
2022-02-07,30713,-294,646,63,334,-34,22732,878,338,-60,6663,-1141,1547,102,""
2022-02-08,31226,512,649,3,303,-31,23300,568,378,40,6596,-68,1547,102,2022-03-04修正（現在患者数1名減）
2022-02-09,32370,1144,748,99,276,-27,24704,1404,397,19,6245,-351,1547,102,""
2022-02-10,31657,-713,753,5,263,-13,24161,-543,449,52,6032,-213,1547,102,""
2022-02-11,32412,755,764,11,270,7,24689,528,473,24,6217,185,1547,102,""
2022-02-12,32279,-133,728,-36,259,-11,24714,25,521,48,6058,-159,1547,102,""
2022-02-13,31702,-577,745,17,263,4,23721,-993,604,83,6370,312,1547,102,""
2022-02-14,30826,-876,792,47,279,16,24318,597,671,67,4767,-1603,1547,102,""
2022-02-15,29676,-1150,821,29,286,7,23508,-810,768,97,4294,-473,1547,102,""
2022-02-16,29526,-150,810,-11,302,16,23315,-193,794,26,4306,12,1547,102,""
2022-02-17,29928,402,818,8,301,-1,23684,369,740,-54,4386,80,1547,102,""
2022-02-18,29042,-886,783,-35,319,18,22797,-887,795,55,4349,-37,1547,102,""
2022-02-19,28079,-963,791,8,320,1,22077,-720,893,98,3999,-350,1547,102,""
2022-02-20,27808,-271,775,-16,330,10,22015,-62,925,32,3765,-234,1547,102,""
2022-02-21,27401,-407,794,19,332,2,22081,67,1041,116,3154,-611,1689,110,""
2022-02-22,26395,-1006,770,-24,330,-2,21739,-342,1203,162,2353,-800,1689,110,2022-03-04修正（現在患者数1名減）
2022-02-23,26934,539,827,57,329,-1,22075,336,1261,58,2442,89,1689,110,""
2022-02-24,26939,5,822,-5,313,-16,21903,-172,1378,117,2523,81,1689,110,""
2022-02-25,26442,-497,833,11,297,-16,21563,-340,1504,126,2245,-278,1689,110,""
2022-02-26,26547,105,832,-1,272,-25,21422,-141,1518,14,2503,258,1689,110,""
2022-02-27,26884,337,821,-11,303,31,21733,311,1550,32,2477,-26,1689,110,2022-03-04修正（現在患者数1名減）
2022-02-28,25283,-1601,821,0,272,-31,20733,-1000,1616,66,1841,-636,1689,110,2022-03-04修正（現在患者数2名減）
2022-03-01,24017,-1266,783,-38,267,-5,19674,-1059,1483,-133,1810,-31,1689,110,""
2022-03-02,23137,-880,783,0,258,-9,19017,-657,1512,29,1567,-243,1689,110,""
2022-03-03,22979,-158,778,-5,259,1,18773,-244,1519,7,1650,83,1689,110,""
2022-03-04,22174,-805,763,-15,262,3,17923,-850,1539,20,1687,37,1689,110,""
2022-03-05,21777,-397,761,-2,268,6,17432,-491,1556,17,1760,73,1689,110,""
2022-03-06,21196,-581,760,-1,263,-5,16719,-713,1584,28,1870,110,1689,110,2022-03-08修正（現在患者数1名減）
2022-03-07,20600,-596,747,-13,272,9,16249,-470,1585,1,1747,-123,1689,110,""
2022-03-08,19734,-866,725,-22,271,-1,15642,-607,1465,-120,1631,-116,1689,110,""
2022-03-09,19822,88,676,-49,256,-15,15861,219,1341,-124,1688,57,1689,110,""
2022-03-10,19863,41,639,-37,249,-7,16271,410,1166,-175,1538,-150,1689,110,""
2022-03-11,18949,-914,614,-25,269,20,15435,-836,1189,23,1442,-96,1689,110,""
2022-03-12,18986,37,598,-16,275,6,15620,185,1100,-89,1393,-49,1689,110,""
2022-03-13,18704,-282,564,-34,280,5,15385,-235,960,-140,1515,122,1689,110,""
2022-03-14,18042,-662,561,-3,288,8,15034,-351,917,-43,1242,-273,1712,110,""
2022-03-15,17372,-670,539,-22,271,-17,14514,-520,793,-124,1255,13,1712,110,""
2022-03-16,17533,161,518,-21,250,-21,14916,402,676,-117,1173,-82,1712,110,""
2022-03-17,17268,-265,490,-28,256,6,14835,-81,594,-82,1093,-80,1712,110,""
2022-03-18,16775,-493,476,-14,256,0,14429,-406,530,-64,1084,-9,1712,110,""
2022-03-19,16449,-326,456,-20,274,18,14226,-203,484,-46,1009,-75,1712,110,""
2022-03-20,16298,-151,430,-26,267,-7,14147,-79,457,-27,997,-12,1712,110,""
2022-03-21,15794,-504,427,-3,267,0,13625,-522,434,-23,1041,44,1712,110,""
2022-03-22,15233,-561,427,0,269,2,13290,-335,423,-11,824,-217,1653,102,""
2022-03-23,14879,-354,395,-32,255,-14,13024,-266,420,-3,785,-39,1653,102,""
2022-03-24,15181,302,391,-4,221,-34,13521,497,389,-31,659,-126,1653,102,""
2022-03-25,15628,447,372,-19,214,-7,14179,658,368,-21,495,-164,1653,102,""
2022-03-26,15845,217,359,-13,221,7,14405,226,364,-4,496,1,1653,102,2022-03-28修正（現在患者数1名減）
2022-03-27,15691,-154,345,-14,236,15,14207,-198,331,-33,572,76,1653,102,""
2022-03-28,16074,383,344,-1,258,22,14636,429,330,-1,506,-66,1653,102,""
2022-03-29,15769,-305,341,-3,260,2,14327,-309,289,-41,552,46,1653,102,""
2022-03-30,15860,91,323,-18,240,-20,14491,164,271,-18,535,-17,1653,102,""
2022-03-31,16611,751,330,7,242,2,15102,611,241,-30,696,161,1653,102,""
2022-04-01,17163,552,317,-13,250,8,15471,369,224,-17,901,205,1653,102,""
2022-04-02,17672,509,341,24,261,11,15815,344,227,3,1028,127,1653,102,""
2022-04-03,18154,482,342,1,282,21,16109,294,232,5,1189,161,1653,102,""
2022-04-04,18466,312,348,6,272,-10,16149,40,234,2,1463,274,1653,102,""
2022-04-05,18476,10,392,44,282,10,16024,-125,238,4,1540,77,1653,102,""
2022-04-06,19230,754,381,-11,293,11,16570,546,247,9,1739,199,1653,102,""
2022-04-07,19739,509,396,15,295,2,17022,452,249,2,1777,38,1653,102,""
2022-04-08,19965,226,395,-1,286,-9,17230,208,192,-57,1862,85,1653,102,""
2022-04-09,19582,-383,381,-14,304,18,16849,-381,178,-14,1870,8,1653,102,2022-04-23修正（現在患者数1名減）
2022-04-10,19893,311,346,-35,349,45,17045,196,175,-3,1978,108,1653,102,""
2022-04-11,19745,-148,337,-9,358,9,16888,-157,175,0,1987,9,1653,102,""
2022-04-12,19694,-51,342,5,361,3,16840,-48,172,-3,1979,-8,1653,102,""
2022-04-13,20501,807,370,28,338,-23,17762,922,184,12,1847,-132,1653,102,""
2022-04-14,21205,704,354,-16,316,-22,18483,721,184,0,1868,21,1653,102,""
2022-04-15,21337,132,359,5,325,9,18818,335,189,5,1646,-222,1653,102,""
2022-04-16,21298,-39,377,18,315,-10,18563,-255,181,-8,1862,216,1653,102,""
2022-04-17,21254,-44,358,-19,318,3,18674,111,181,0,1723,-139,1653,102,""
2022-04-18,20766,-488,370,12,310,-8,18515,-159,179,-2,1392,-331,1653,102,""
2022-04-19,20482,-284,340,-30,301,-9,18338,-177,180,1,1323,-69,1653,102,""
2022-04-20,21247,765,317,-23,295,-6,19191,853,212,32,1232,-91,1653,102,""
2022-04-21,22308,1061,307,-10,295,0,20343,1152,221,9,1142,-90,1653,102,""
2022-04-22,22800,492,300,-7,279,-16,20735,392,266,45,1220,78,1675,106,""
2022-04-23,23032,232,316,16,290,11,21050,315,259,-7,1117,-103,1675,106,""
2022-04-24,23369,337,310,-6,314,24,21390,340,258,-1,1097,-20,1675,106,""
2022-04-25,23068,-301,319,9,319,5,21391,1,267,9,772,-325,1675,106,""
2022-04-26,23077,9,337,18,313,-6,21468,77,270,3,689,-83,1675,106,""
2022-04-27,24006,929,355,18,313,0,22136,668,274,4,928,239,1675,106,""
2022-04-28,24686,680,367,12,312,-1,22770,634,287,13,950,22,1675,106,""
2022-04-29,25278,592,375,8,290,-22,23250,480,346,59,1017,67,1675,106,""
2022-04-30,25096,-182,384,9,262,-28,22929,-321,368,22,1153,136,1675,106,""
2022-05-01,24552,-544,391,7,272,10,22258,-671,380,12,1251,98,1675,106,""
2022-05-02,23961,-591,388,-3,267,-5,21906,-352,408,28,992,-259,1675,106,""
2022-05-03,23126,-835,369,-19,241,-26,21306,-600,372,-36,838,-154,1675,106,""
2022-05-04,22548,-578,386,17,221,-20,20589,-717,411,39,941,103,1675,106,""
2022-05-05,21591,-957,384,-2,224,3,19591,-998,441,30,951,10,1675,106,""
2022-05-06,20586,-1005,392,8,212,-12,18634,-957,464,23,884,-67,1675,106,""
2022-05-07,19814,-772,381,-11,202,-10,17840,-794,480,16,911,27,1675,106,""
2022-05-08,20769,955,387,6,210,8,18559,719,490,10,1123,212,1675,106,""
2022-05-09,21342,573,392,5,222,12,19194,635,500,10,1034,-89,1675,106,""
2022-05-10,21373,31,401,9,251,29,19125,-69,517,17,1079,45,1675,106,""
2022-05-11,22794,1421,420,19,291,40,20388,1263,481,-36,1214,135,1675,106,""
2022-05-12,24510,1716,424,4,317,26,22163,1775,443,-38,1163,-51,1675,106,""
2022-05-13,25372,862,423,-1,381,64,22990,827,444,1,1134,-29,1675,106,2022-06-07修正（陽性患者1名減）
2022-05-14,26199,827,435,12,409,28,23790,800,480,36,1085,-49,1675,106,""
2022-05-15,26167,-32,418,-17,442,33,23541,-249,547,67,1219,134,1675,106,""
2022-05-16,26334,167,432,14,472,30,23695,154,605,58,1130,-89,1675,106,""
2022-05-17,25774,-560,415,-17,452,-20,23254,-441,600,-5,1053,-77,1675,106,""
2022-05-18,25880,106,420,5,414,-38,23168,-86,596,-4,1282,229,1675,106,""
2022-05-19,25916,36,428,8,415,1,23249,81,625,29,1199,-83,1675,106,""
2022-05-20,25220,-696,451,23,372,-43,22579,-670,610,-15,1208,9,1675,106,""
2022-05-21,24633,-587,447,-4,337,-35,22155,-424,604,-6,1090,-118,1675,106,""
2022-05-22,23944,-689,460,13,337,0,21351,-804,641,37,1155,65,1675,106,""
2022-05-23,23212,-732,457,-3,321,-16,20743,-608,613,-28,1078,-77,1675,106,""
2022-05-24,22122,-1090,452,-5,326,5,19878,-865,626,13,840,-238,1675,106,""
2022-05-25,21679,-443,432,-20,326,0,19416,-462,618,-8,887,47,1675,106,""
2022-05-26,21155,-524,409,-23,312,-14,19068,-348,580,-38,786,-101,1675,106,""
2022-05-27,20827,-328,416,7,294,-18,18777,-291,593,13,747,-39,1675,106,""
2022-05-28,20087,-740,426,10,287,-7,18068,-709,600,7,706,-41,1675,106,""
2022-05-29,18802,-1285,422,-4,270,-17,16812,-1256,605,5,693,-13,1675,106,""
2022-05-30,18231,-571,423,1,271,1,16320,-492,655,50,562,-131,1675,106,""
2022-05-31,16473,-1758,389,-34,253,-18,14742,-1578,620,-35,469,-93,1675,106,""
2022-06-01,15634,-839,355,-34,226,-27,13975,-767,500,-120,578,109,1675,106,""
2022-06-02,14891,-743,340,-15,214,-12,13387,-588,469,-31,481,-97,1675,106,""
2022-06-03,14286,-605,330,-10,204,-10,12819,-568,471,2,462,-19,1675,106,""
2022-06-04,13278,-1008,326,-4,198,-6,11923,-896,379,-92,452,-10,1675,106,""
2022-06-05,12673,-605,312,-14,197,-1,11260,-663,376,-3,528,76,1675,106,""
2022-06-06,11969,-704,315,3,195,-2,10652,-608,373,-3,434,-94,1675,106,""
2022-06-07,11295,-674,288,-27,194,-1,10033,-619,390,17,390,-44,1675,106,""
2022-06-08,11249,-46,267,-21,189,-5,10057,24,347,-43,389,-1,1749,108,""
2022-06-09,11003,-246,275,8,178,-11,9840,-217,315,-32,395,6,1749,108,""
2022-06-10,10492,-511,254,-21,172,-6,9382,-458,297,-18,387,-8,1749,108,""
2022-06-11,10039,-453,241,-13,165,-7,8986,-396,293,-4,354,-33,1749,108,""
2022-06-12,9964,-75,243,2,150,-15,8909,-77,294,1,368,14,1749,108,""
2022-06-13,9691,-273,244,1,135,-15,8707,-202,283,-11,322,-46,1749,108,""
2022-06-14,8941,-750,233,-11,137,2,7995,-712,278,-5,298,-24,1749,108,""
2022-06-15,8565,-376,221,-12,127,-10,7646,-349,217,-61,354,56,1749,108,""
2022-06-16,8315,-250,221,0,122,-5,7481,-165,224,7,267,-87,1749,108,""
2022-06-17,8149,-166,215,-6,130,8,7299,-182,214,-10,291,24,1749,108,""
2022-06-18,7690,-459,206,-9,121,-9,6925,-374,202,-12,236,-55,1749,108,""
2022-06-19,7466,-224,201,-5,132,11,6679,-246,204,2,250,14,1749,108,""
2022-06-20,7219,-247,207,6,130,-2,6466,-213,204,0,212,-38,1749,108,""
2022-06-21,6788,-431,194,-13,129,-1,6064,-402,175,-29,226,14,1749,108,""
2022-06-22,6774,-14,197,3,118,-11,6124,60,137,-38,198,-28,1749,108,""
2022-06-23,6659,-115,200,3,117,-1,5987,-137,129,-8,226,28,1749,108,""
2022-06-24,6621,-38,202,2,117,0,5896,-91,112,-17,294,68,1749,108,""
2022-06-25,6274,-347,198,-4,116,-1,5585,-311,97,-15,278,-16,1749,108,""
2022-06-26,6173,-101,199,1,113,-3,5511,-74,97,0,253,-25,1749,108,""
2022-06-27,5942,-231,198,-1,123,10,5264,-247,96,-1,261,8,1749,108,""
2022-06-28,5161,-781,176,-22,106,-17,4590,-674,55,-41,234,-27,1749,108,""
2022-06-29,5200,39,164,-12,105,-1,4602,12,53,-2,276,42,1749,108,""
2022-06-30,5259,59,147,-17,105,0,4686,84,52,-1,269,-7,1749,108,""
2022-07-01,5265,6,142,-5,109,4,4678,-8,42,-10,294,25,1435,90,""
2022-07-02,5223,-42,144,2,106,-3,4653,-25,28,-14,292,-2,1435,90,""
2022-07-03,5309,86,146,2,105,-1,4607,-46,73,45,378,86,1435,90,""
2022-07-04,5164,-145,147,1,110,5,4436,-171,50,-23,421,43,1435,90,""
2022-07-05,5065,-99,166,19,115,5,4349,-87,37,-13,398,-23,1435,90,""
2022-07-06,5343,278,166,0,114,-1,4570,221,44,7,449,51,1435,90,""
2022-07-07,5752,409,180,14,122,8,4959,389,59,15,432,-17,1435,90,""
2022-07-08,5961,209,177,-3,147,25,5115,156,64,5,458,26,1435,90,""
