公表_年月日,無症状,軽症,中等症,重症,非公表,重複削除,日計,ここから右は北海道発表分のみ,年月日再掲,無症状.道.,軽症.道.,中等症.道.,重症.道.,非公表.道.,日計.道.,備考
2020-01-28,0,0,0,0,1,0,1,"",2020-01-28,0,0,0,0,0,0,""
2020-02-14,0,0,0,0,1,0,1,"",2020-02-14,0,0,0,0,0,0,""
2020-02-19,0,0,0,0,3,0,3,"",2020-02-19,0,0,0,0,0,0,""
2020-02-21,0,0,0,0,3,0,3,"",2020-02-21,0,0,0,0,0,0,""
2020-02-22,0,0,0,0,10,0,10,"",2020-02-22,0,0,0,0,0,0,""
2020-02-23,0,0,0,0,8,0,8,"",2020-02-23,0,0,0,0,0,0,""
2020-02-24,0,0,0,0,4,0,4,"",2020-02-24,0,0,0,0,0,0,""
2020-02-25,0,0,0,0,5,0,5,"",2020-02-25,0,0,0,0,0,0,""
2020-02-26,0,0,0,0,4,0,4,"",2020-02-26,0,0,0,0,0,0,""
2020-02-27,0,2,0,0,13,0,15,"",2020-02-27,0,0,0,0,0,0,""
2020-02-28,0,2,0,0,10,0,12,"",2020-02-28,0,0,0,0,0,0,""
2020-02-29,0,2,0,0,2,0,4,"",2020-02-29,0,0,0,0,0,0,""
2020-03-01,0,0,0,0,2,0,2,"",2020-03-01,0,0,0,0,0,0,""
2020-03-02,0,1,0,0,4,0,5,"",2020-03-02,0,0,0,0,0,0,""
2020-03-03,0,2,0,0,0,0,2,"",2020-03-03,0,0,0,0,0,0,""
2020-03-04,0,0,0,0,3,0,3,"",2020-03-04,0,0,0,0,0,0,""
2020-03-05,0,0,1,0,0,0,1,"",2020-03-05,0,0,0,0,0,0,""
2020-03-06,0,2,1,0,4,0,7,"",2020-03-06,0,0,0,0,0,0,""
2020-03-07,0,5,0,1,2,0,8,"",2020-03-07,0,0,0,0,0,0,""
2020-03-08,0,0,0,0,3,0,3,"",2020-03-08,0,0,0,0,0,0,""
2020-03-09,0,5,0,0,2,0,7,"",2020-03-09,0,0,0,0,0,0,""
2020-03-10,0,0,0,0,3,0,3,"",2020-03-10,0,0,0,0,0,0,""
2020-03-11,0,0,0,0,7,0,7,"",2020-03-11,0,0,0,0,0,0,""
2020-03-12,0,9,0,0,1,0,10,"",2020-03-12,0,0,0,0,0,0,""
2020-03-13,0,11,0,0,3,0,14,"",2020-03-13,0,0,0,0,0,0,""
2020-03-14,0,1,0,1,0,0,2,"",2020-03-14,0,0,0,0,0,0,""
2020-03-15,0,3,0,1,0,0,4,"",2020-03-15,0,0,0,0,0,0,""
2020-03-16,0,2,0,1,1,0,4,"",2020-03-16,0,0,0,0,0,0,""
2020-03-18,0,2,0,0,0,0,2,"",2020-03-18,0,0,0,0,0,0,""
2020-03-19,0,2,0,0,1,0,3,"",2020-03-19,0,0,0,0,0,0,""
2020-03-20,0,1,0,0,0,0,1,"",2020-03-20,0,0,0,0,0,0,""
2020-03-21,0,1,0,0,0,0,1,"",2020-03-21,0,0,0,0,0,0,""
2020-03-22,0,3,0,0,0,0,3,"",2020-03-22,0,0,0,0,0,0,""
2020-03-24,0,1,0,0,0,0,1,"",2020-03-24,0,0,0,0,0,0,""
2020-03-25,0,4,0,0,0,0,4,"",2020-03-25,0,0,0,0,0,0,""
2020-03-26,0,0,0,0,1,0,1,"",2020-03-26,0,0,0,0,0,0,""
2020-03-27,0,0,1,0,0,0,1,"",2020-03-27,0,0,0,0,0,0,""
2020-03-28,0,3,0,0,0,0,3,"",2020-03-28,0,0,0,0,0,0,""
2020-03-29,0,4,0,0,0,0,4,"",2020-03-29,0,0,0,0,0,0,""
2020-03-30,0,1,0,0,0,0,1,"",2020-03-30,0,0,0,0,0,0,""
2020-04-01,1,4,0,0,0,0,5,"",2020-04-01,0,0,0,0,0,0,""
2020-04-02,0,3,0,0,0,0,3,"",2020-04-02,0,0,0,0,0,0,""
2020-04-03,0,5,0,0,0,0,5,"",2020-04-03,0,0,0,0,0,0,""
2020-04-04,0,3,0,0,0,0,3,"",2020-04-04,0,0,0,0,0,0,""
2020-04-05,0,1,0,0,0,0,1,"",2020-04-05,0,0,0,0,0,0,""
2020-04-07,0,4,0,0,0,0,4,"",2020-04-07,0,0,0,0,0,0,""
2020-04-08,0,7,1,1,1,0,10,"",2020-04-08,0,0,0,0,0,0,""
2020-04-09,0,17,0,1,0,0,18,"",2020-04-09,0,0,0,0,0,0,""
2020-04-10,2,11,0,0,0,0,13,"",2020-04-10,0,0,0,0,0,0,""
2020-04-11,4,9,0,0,3,0,16,"",2020-04-11,0,0,0,0,0,0,""
2020-04-12,3,7,0,0,2,0,12,"",2020-04-12,0,0,0,0,0,0,""
2020-04-13,0,3,0,2,0,0,5,"",2020-04-13,0,0,0,0,0,0,""
2020-04-14,0,15,0,0,3,0,18,"",2020-04-14,0,0,0,0,0,0,""
2020-04-15,0,19,1,1,2,0,23,"",2020-04-15,0,0,0,0,0,0,""
2020-04-16,4,17,0,2,0,0,23,"",2020-04-16,0,0,0,0,0,0,""
2020-04-17,1,27,2,2,1,0,33,"",2020-04-17,0,0,0,0,0,0,""
2020-04-18,11,25,1,0,1,0,38,"",2020-04-18,0,0,0,0,0,0,""
2020-04-19,3,20,0,1,3,0,27,"",2020-04-19,0,0,0,0,0,0,""
2020-04-20,2,12,2,0,1,0,17,"",2020-04-20,0,0,0,0,0,0,""
2020-04-21,5,15,1,0,1,0,22,"",2020-04-21,0,0,0,0,0,0,""
2020-04-22,1,19,1,0,1,0,22,"",2020-04-22,0,0,0,0,0,0,""
2020-04-23,4,33,5,1,2,0,45,"",2020-04-23,0,0,0,0,0,0,""
2020-04-24,1,18,1,0,2,0,22,"",2020-04-24,0,0,0,0,0,0,""
2020-04-25,4,32,2,0,1,0,39,"",2020-04-25,0,0,0,0,0,0,""
2020-04-26,2,11,0,0,1,0,14,"",2020-04-26,0,0,0,0,0,0,""
2020-04-27,1,23,8,1,2,0,35,"",2020-04-27,0,0,0,0,0,0,""
2020-04-28,9,22,5,1,1,0,38,"",2020-04-28,0,0,0,0,0,0,""
2020-04-29,19,17,2,0,0,0,38,"",2020-04-29,0,0,0,0,0,0,""
2020-04-30,9,30,1,1,0,0,41,"",2020-04-30,0,0,0,0,0,0,""
2020-05-01,5,16,1,0,1,0,23,"",2020-05-01,0,0,0,0,0,0,""
2020-05-02,0,29,3,0,1,0,33,"",2020-05-02,0,0,0,0,0,0,""
2020-05-03,1,18,3,2,1,0,25,"",2020-05-03,0,0,0,0,0,0,""
2020-05-04,4,22,3,0,2,0,31,"",2020-05-04,0,0,0,0,0,0,""
2020-05-05,0,10,0,2,0,0,12,"",2020-05-05,0,0,0,0,0,0,""
2020-05-06,0,23,0,0,0,0,23,"",2020-05-06,0,0,0,0,0,0,""
2020-05-07,0,14,0,0,0,0,14,"",2020-05-07,0,0,0,0,0,0,""
2020-05-08,0,6,0,0,0,0,6,"",2020-05-08,0,0,0,0,0,0,""
2020-05-09,3,4,1,0,3,0,11,"",2020-05-09,0,0,0,0,0,0,""
2020-05-10,0,9,0,0,0,0,9,"",2020-05-10,0,0,0,0,0,0,""
2020-05-11,0,9,0,0,3,0,12,"",2020-05-11,0,0,0,0,0,0,""
2020-05-12,0,10,0,0,3,0,13,"",2020-05-12,0,0,0,0,0,0,""
2020-05-13,0,4,0,0,0,0,4,"",2020-05-13,0,0,0,0,0,0,""
2020-05-14,0,5,0,0,1,0,6,"",2020-05-14,0,0,0,0,0,0,""
2020-05-15,0,8,1,0,1,0,10,"",2020-05-15,0,0,0,0,0,0,""
2020-05-16,0,4,1,0,2,0,7,"",2020-05-16,0,0,0,0,0,0,""
2020-05-17,0,7,0,0,1,0,8,"",2020-05-17,0,0,0,0,0,0,""
2020-05-18,0,1,0,0,0,0,1,"",2020-05-18,0,0,0,0,0,0,""
2020-05-19,0,2,0,0,1,0,3,"",2020-05-19,0,0,0,0,0,0,""
2020-05-20,0,0,1,0,0,0,1,"",2020-05-20,0,0,0,0,0,0,""
2020-05-21,1,4,0,0,0,0,5,"",2020-05-21,0,0,0,0,0,0,""
2020-05-22,0,5,0,0,1,0,6,"",2020-05-22,0,0,0,0,0,0,""
2020-05-23,0,7,0,0,2,0,9,"",2020-05-23,0,0,0,0,0,0,""
2020-05-24,2,8,3,0,2,0,15,"",2020-05-24,0,0,0,0,0,0,""
2020-05-25,0,3,0,0,0,0,3,"",2020-05-25,0,0,0,0,0,0,""
2020-05-26,1,7,0,0,1,0,9,"",2020-05-26,0,0,0,0,0,0,""
2020-05-27,1,4,0,0,0,0,5,"",2020-05-27,0,0,0,0,0,0,""
2020-05-28,0,6,0,0,1,0,7,"",2020-05-28,0,0,0,0,0,0,""
2020-05-29,0,2,0,0,1,0,3,"",2020-05-29,0,0,0,0,0,0,""
2020-05-30,0,3,0,0,1,0,4,"",2020-05-30,0,0,0,0,0,0,""
2020-05-31,0,5,1,0,0,0,6,"",2020-05-31,0,0,0,0,0,0,""
2020-06-01,1,3,0,0,1,0,5,"",2020-06-01,0,0,0,0,0,0,""
2020-06-02,0,3,0,0,0,0,3,"",2020-06-02,0,0,0,0,0,0,""
2020-06-03,1,2,0,0,0,0,3,"",2020-06-03,0,0,0,0,0,0,""
2020-06-04,1,1,1,0,0,0,3,"",2020-06-04,0,0,0,0,0,0,""
2020-06-05,0,4,0,0,0,0,4,"",2020-06-05,0,0,0,0,0,0,""
2020-06-06,0,5,1,1,1,0,8,"",2020-06-06,0,0,0,0,0,0,""
2020-06-07,0,3,0,0,1,0,4,"",2020-06-07,0,0,0,0,0,0,""
2020-06-08,0,3,0,0,1,0,4,"",2020-06-08,0,0,0,0,0,0,""
2020-06-09,1,4,0,0,2,0,7,"",2020-06-09,0,0,0,0,0,0,""
2020-06-10,2,3,0,0,0,0,5,"",2020-06-10,0,0,0,0,0,0,""
2020-06-11,1,2,1,0,3,0,7,"",2020-06-11,0,0,0,0,0,0,""
2020-06-12,0,6,1,0,3,0,10,"",2020-06-12,0,0,0,0,0,0,""
2020-06-13,0,9,0,0,0,0,9,"",2020-06-13,0,0,0,0,0,0,""
2020-06-14,1,6,0,0,0,0,7,"",2020-06-14,0,0,0,0,0,0,""
2020-06-15,2,4,0,0,0,0,6,"",2020-06-15,0,0,0,0,0,0,""
2020-06-16,1,1,0,0,0,0,2,"",2020-06-16,0,0,0,0,0,0,""
2020-06-17,0,4,1,0,1,0,6,"",2020-06-17,0,0,0,0,0,0,""
2020-06-18,1,4,0,0,0,0,5,"",2020-06-18,0,0,0,0,0,0,""
2020-06-19,1,1,0,0,1,0,3,"",2020-06-19,0,0,0,0,0,0,""
2020-06-20,0,3,0,0,0,0,3,"",2020-06-20,0,0,0,0,0,0,""
2020-06-21,0,2,0,0,0,0,2,"",2020-06-21,0,0,0,0,0,0,""
2020-06-22,1,1,0,0,0,0,2,"",2020-06-22,0,0,0,0,0,0,""
2020-06-23,0,1,0,0,0,0,1,"",2020-06-23,0,0,0,0,0,0,""
2020-06-24,5,5,0,0,0,0,10,"",2020-06-24,0,0,0,0,0,0,""
2020-06-25,4,1,1,0,0,0,6,"",2020-06-25,0,0,0,0,0,0,""
2020-06-26,0,2,2,1,0,0,5,"",2020-06-26,0,0,0,0,0,0,""
2020-06-27,0,0,0,0,1,0,1,"",2020-06-27,0,0,0,0,0,0,""
2020-06-28,8,9,0,0,0,0,17,"",2020-06-28,0,0,0,0,0,0,""
2020-06-29,4,6,1,0,0,0,11,"",2020-06-29,0,0,0,0,0,0,""
2020-06-30,10,2,0,1,0,0,13,"",2020-06-30,0,0,0,0,0,0,""
2020-07-01,0,4,0,0,0,0,4,"",2020-07-01,0,0,0,0,0,0,""
2020-07-02,3,5,0,0,0,0,8,"",2020-07-02,0,0,0,0,0,0,""
2020-07-04,0,1,0,0,0,0,1,"",2020-07-04,0,0,0,0,0,0,""
2020-07-05,0,1,0,0,0,0,1,"",2020-07-05,0,0,0,0,0,0,""
2020-07-07,0,1,0,0,0,0,1,"",2020-07-07,0,0,0,0,0,0,""
2020-07-08,0,4,0,0,0,0,4,"",2020-07-08,0,0,0,0,0,0,""
2020-07-09,1,0,0,0,0,0,1,"",2020-07-09,0,0,0,0,0,0,""
2020-07-10,2,3,0,0,1,0,6,"",2020-07-10,0,0,0,0,0,0,""
2020-07-11,0,1,0,0,0,0,1,"",2020-07-11,0,0,0,0,0,0,""
2020-07-12,1,2,1,0,0,0,4,"",2020-07-12,0,0,0,0,0,0,""
2020-07-13,0,1,1,0,0,0,2,"",2020-07-13,0,0,0,0,0,0,""
2020-07-14,0,8,0,0,0,0,8,"",2020-07-14,0,0,0,0,0,0,""
2020-07-15,0,10,0,0,3,0,13,"",2020-07-15,0,0,0,0,0,0,""
2020-07-16,0,5,0,0,1,0,6,"",2020-07-16,0,0,0,0,0,0,""
2020-07-17,0,3,0,0,0,0,3,"",2020-07-17,0,0,0,0,0,0,""
2020-07-18,3,10,0,0,0,0,13,"",2020-07-18,0,0,0,0,0,0,""
2020-07-19,2,7,0,0,0,0,9,"",2020-07-19,0,0,0,0,0,0,""
2020-07-20,0,3,0,0,0,0,3,"",2020-07-20,0,0,0,0,0,0,""
2020-07-21,2,5,0,0,3,0,10,"",2020-07-21,0,0,0,0,0,0,""
2020-07-22,0,6,0,0,0,0,6,"",2020-07-22,0,0,0,0,0,0,""
2020-07-23,2,2,0,0,0,0,4,"",2020-07-23,0,0,0,0,0,0,""
2020-07-24,1,5,0,0,0,0,6,"",2020-07-24,0,0,0,0,0,0,""
2020-07-25,3,6,0,0,0,0,9,"",2020-07-25,0,0,0,0,0,0,""
2020-07-26,1,2,0,0,2,0,5,"",2020-07-26,0,0,0,0,0,0,""
2020-07-27,0,4,0,0,1,0,5,"",2020-07-27,0,0,0,0,0,0,""
2020-07-28,0,3,0,0,0,0,3,"",2020-07-28,0,0,0,0,0,0,""
2020-07-29,1,4,0,0,0,0,5,"",2020-07-29,0,0,0,0,0,0,""
2020-07-30,0,7,0,0,2,0,9,"",2020-07-30,0,0,0,0,0,0,""
2020-07-31,0,15,0,0,0,0,15,"",2020-07-31,0,0,0,0,0,0,""
2020-08-01,2,12,0,0,4,0,18,"",2020-08-01,0,0,0,0,0,0,""
2020-08-02,1,7,0,0,1,0,9,"",2020-08-02,0,0,0,0,0,0,""
2020-08-03,1,12,0,0,10,0,23,"",2020-08-03,0,0,0,0,0,0,""
2020-08-04,2,9,0,0,0,0,11,"",2020-08-04,0,0,0,0,0,0,""
2020-08-05,2,10,0,0,2,0,14,"",2020-08-05,0,0,0,0,0,0,""
2020-08-06,4,6,0,0,1,0,11,"",2020-08-06,0,0,0,0,0,0,""
2020-08-07,0,11,0,0,3,0,14,"",2020-08-07,0,0,0,0,0,0,""
2020-08-08,0,11,1,0,1,0,13,"",2020-08-08,0,0,0,0,0,0,""
2020-08-09,1,10,0,0,0,0,11,"",2020-08-09,0,0,0,0,0,0,""
2020-08-10,2,10,0,0,1,0,13,"",2020-08-10,0,0,0,0,0,0,""
2020-08-11,2,11,0,0,1,0,14,"",2020-08-11,0,0,0,0,0,0,""
2020-08-12,1,3,0,0,0,0,4,"",2020-08-12,0,0,0,0,0,0,""
2020-08-13,0,7,0,0,3,0,10,"",2020-08-13,0,0,0,0,0,0,""
2020-08-14,2,10,0,0,0,0,12,"",2020-08-14,0,0,0,0,0,0,""
2020-08-15,5,8,0,0,1,0,14,"",2020-08-15,0,0,0,0,0,0,""
2020-08-16,0,8,0,0,0,0,8,"",2020-08-16,0,0,0,0,0,0,""
2020-08-17,0,4,0,0,1,0,5,"",2020-08-17,0,0,0,0,0,0,""
2020-08-18,0,5,0,0,1,0,6,"",2020-08-18,0,0,0,0,0,0,""
2020-08-19,0,8,0,0,0,0,8,"",2020-08-19,0,0,0,0,0,0,""
2020-08-20,8,13,0,0,4,0,25,"",2020-08-20,0,0,0,0,0,0,""
2020-08-21,1,8,1,0,0,0,10,"",2020-08-21,0,0,0,0,0,0,""
2020-08-22,1,13,0,0,3,0,17,"",2020-08-22,0,0,0,0,0,0,""
2020-08-23,1,13,0,0,0,0,14,"",2020-08-23,0,0,0,0,0,0,""
2020-08-24,1,5,0,0,2,0,8,"",2020-08-24,0,0,0,0,0,0,""
2020-08-25,0,6,0,0,1,0,7,"",2020-08-25,0,0,0,0,0,0,""
2020-08-26,1,6,0,0,0,0,7,"",2020-08-26,0,0,0,0,0,0,""
2020-08-27,1,9,0,0,0,0,10,"",2020-08-27,0,0,0,0,0,0,""
2020-08-28,1,14,1,0,0,0,16,"",2020-08-28,0,0,0,0,0,0,""
2020-08-29,1,8,0,0,0,0,9,"",2020-08-29,0,0,0,0,0,0,""
2020-08-30,0,4,0,0,0,0,4,"",2020-08-30,0,0,0,0,0,0,""
2020-08-31,2,5,0,0,1,0,8,"",2020-08-31,0,0,0,0,0,0,""
2020-09-01,4,11,0,0,1,0,16,"",2020-09-01,0,0,0,0,0,0,""
2020-09-02,0,5,0,0,1,0,6,"",2020-09-02,0,0,0,0,0,0,""
2020-09-03,0,5,0,0,1,0,6,"",2020-09-03,0,0,0,0,0,0,""
2020-09-04,0,5,0,0,0,0,5,"",2020-09-04,0,0,0,0,0,0,""
2020-09-05,0,9,0,0,1,0,10,"",2020-09-05,0,0,0,0,0,0,""
2020-09-06,0,4,0,0,0,0,4,"",2020-09-06,0,0,0,0,0,0,""
2020-09-07,0,4,1,0,1,0,6,"",2020-09-07,0,0,0,0,0,0,""
2020-09-08,1,9,0,0,1,0,11,"",2020-09-08,0,0,0,0,0,0,""
2020-09-09,0,3,0,0,1,0,4,"",2020-09-09,0,0,0,0,0,0,""
2020-09-10,0,10,0,0,1,0,11,"",2020-09-10,0,0,0,0,0,0,""
2020-09-11,0,4,0,0,2,0,6,"",2020-09-11,0,0,0,0,0,0,""
2020-09-12,0,4,0,0,3,0,7,"",2020-09-12,0,0,0,0,0,0,""
2020-09-13,0,2,0,0,1,0,3,"",2020-09-13,0,0,0,0,0,0,""
2020-09-14,0,5,0,0,3,0,8,"",2020-09-14,0,0,0,0,0,0,""
2020-09-15,1,6,0,0,1,0,8,"",2020-09-15,0,0,0,0,0,0,""
2020-09-16,2,6,0,0,3,0,11,"",2020-09-16,0,0,0,0,0,0,""
2020-09-17,2,4,0,0,1,0,7,"",2020-09-17,0,0,0,0,0,0,""
2020-09-18,4,9,0,0,4,0,17,"",2020-09-18,0,0,0,0,0,0,""
2020-09-19,2,10,0,0,5,0,17,"",2020-09-19,0,0,0,0,0,0,""
2020-09-20,2,8,0,0,6,0,16,"",2020-09-20,0,0,0,0,0,0,""
2020-09-21,2,7,2,0,4,0,15,"",2020-09-21,0,0,0,0,0,0,""
2020-09-22,2,6,0,0,1,0,9,"",2020-09-22,0,0,0,0,0,0,""
2020-09-23,4,6,0,0,2,0,12,"",2020-09-23,0,0,0,0,0,0,""
2020-09-24,0,9,0,0,2,0,11,"",2020-09-24,0,0,0,0,0,0,""
2020-09-25,6,17,0,0,2,0,25,"",2020-09-25,0,0,0,0,0,0,""
2020-09-26,0,7,0,0,0,0,7,"",2020-09-26,0,0,0,0,0,0,""
2020-09-27,0,16,1,0,2,0,19,"",2020-09-27,0,0,0,0,0,0,""
2020-09-28,1,13,0,0,3,0,17,"",2020-09-28,0,0,0,0,0,0,""
2020-09-29,1,12,0,0,3,0,16,"",2020-09-29,0,0,0,0,0,0,""
2020-09-30,4,10,0,0,2,0,16,"",2020-09-30,0,0,0,0,0,0,""
2020-10-01,2,15,0,0,2,0,19,"",2020-10-01,0,0,0,0,0,0,""
2020-10-02,1,14,0,0,0,0,15,"",2020-10-02,0,0,0,0,0,0,""
2020-10-03,3,15,0,0,0,0,18,"",2020-10-03,0,0,0,0,0,0,""
2020-10-04,4,15,0,0,3,0,22,"",2020-10-04,0,0,0,0,0,0,""
2020-10-05,7,23,0,0,6,0,36,"",2020-10-05,0,0,0,0,0,0,""
2020-10-06,2,7,2,0,1,0,12,"",2020-10-06,0,0,0,0,0,0,""
2020-10-07,5,29,0,0,4,0,38,"",2020-10-07,0,0,0,0,0,0,""
2020-10-08,1,21,1,0,6,0,29,"",2020-10-08,0,0,0,0,0,0,""
2020-10-09,3,21,0,0,3,0,27,"",2020-10-09,0,0,0,0,0,0,""
2020-10-10,5,13,0,0,6,0,24,"",2020-10-10,0,0,0,0,0,0,""
2020-10-11,6,24,0,0,1,0,31,"",2020-10-11,0,0,0,0,0,0,""
2020-10-12,3,8,0,0,1,0,12,"",2020-10-12,0,0,0,0,0,0,""
2020-10-13,4,15,0,1,0,0,20,"",2020-10-13,0,0,0,0,0,0,""
2020-10-14,2,16,0,0,2,0,20,"",2020-10-14,0,0,0,0,0,0,""
2020-10-15,9,20,0,0,1,0,30,"",2020-10-15,0,0,0,0,0,0,""
2020-10-16,5,21,1,0,4,0,31,"",2020-10-16,0,0,0,0,0,0,""
2020-10-17,4,15,0,0,8,0,27,"",2020-10-17,0,0,0,0,0,0,""
2020-10-18,3,18,0,0,3,0,24,"",2020-10-18,0,0,0,0,0,0,""
2020-10-19,2,10,0,0,5,0,17,"",2020-10-19,0,0,0,0,0,0,""
2020-10-20,5,22,0,0,4,0,31,"",2020-10-20,0,0,0,0,0,0,""
2020-10-21,5,16,0,0,1,0,22,"",2020-10-21,0,0,0,0,0,0,""
2020-10-22,11,22,2,0,5,0,40,"",2020-10-22,0,0,0,0,0,0,""
2020-10-23,8,34,0,0,9,0,51,"",2020-10-23,0,0,0,0,0,0,""
2020-10-24,12,30,1,1,16,0,60,"",2020-10-24,0,0,0,0,0,0,""
2020-10-25,6,28,0,0,7,0,41,"",2020-10-25,0,0,0,0,0,0,""
2020-10-26,11,28,1,0,10,0,50,"",2020-10-26,0,0,0,0,0,0,""
2020-10-27,3,21,0,0,3,0,27,"",2020-10-27,0,0,0,0,0,0,""
2020-10-28,11,36,0,0,5,0,52,"",2020-10-28,0,0,0,0,0,0,""
2020-10-29,7,38,0,0,8,0,53,"",2020-10-29,0,0,0,0,0,0,""
2020-10-30,12,47,0,1,9,0,69,"",2020-10-30,0,0,0,0,0,0,""
2020-10-31,9,66,0,0,6,0,81,"",2020-10-31,0,0,0,0,0,0,""
2020-11-01,8,48,1,0,12,0,69,"",2020-11-01,0,0,0,0,0,0,""
2020-11-02,16,65,0,0,15,0,96,"",2020-11-02,0,0,0,0,0,0,""
2020-11-03,7,45,1,0,18,0,71,"",2020-11-03,0,0,0,0,0,0,""
2020-11-04,8,51,1,0,15,0,75,"",2020-11-04,0,0,0,0,0,0,""
2020-11-05,12,90,0,0,17,0,119,"",2020-11-05,0,0,0,0,0,0,""
2020-11-06,9,95,1,1,9,0,115,"",2020-11-06,0,0,0,0,0,0,""
2020-11-07,21,152,1,0,13,0,187,"",2020-11-07,0,0,0,0,0,0,""
2020-11-08,11,117,0,0,25,0,153,"",2020-11-08,0,0,0,0,0,0,""
2020-11-09,33,151,2,0,14,0,200,"",2020-11-09,0,0,0,0,0,0,""
2020-11-10,17,92,1,0,56,0,166,"",2020-11-10,0,0,0,0,0,0,""
2020-11-11,30,144,1,1,21,0,197,"",2020-11-11,0,0,0,0,0,0,""
2020-11-12,29,184,2,1,20,0,236,"",2020-11-12,0,0,0,0,0,0,""
2020-11-13,24,167,2,1,41,0,235,"",2020-11-13,0,0,0,0,0,0,""
2020-11-14,31,155,3,0,41,0,230,"",2020-11-14,0,0,0,0,0,0,""
2020-11-15,40,136,2,0,31,0,209,"",2020-11-15,0,0,0,0,0,0,""
2020-11-16,29,133,1,0,26,0,189,"",2020-11-16,0,0,0,0,0,0,""
2020-11-17,24,142,2,0,29,0,197,"",2020-11-17,0,0,0,0,0,0,""
2020-11-18,27,183,1,0,22,0,233,"",2020-11-18,0,0,0,0,0,0,""
2020-11-19,37,172,2,0,56,0,267,"",2020-11-19,0,0,0,0,0,0,""
2020-11-20,31,200,1,1,71,0,304,"",2020-11-20,0,0,0,0,0,0,""
2020-11-21,35,141,0,0,58,0,234,"",2020-11-21,0,0,0,0,0,0,""
2020-11-22,27,156,1,0,61,0,245,"",2020-11-22,0,0,0,0,0,0,""
2020-11-23,22,140,4,0,39,1,205,"",2020-11-23,0,0,0,0,0,0,""
2020-11-24,28,155,1,0,32,0,216,"",2020-11-24,0,0,0,0,0,0,""
2020-11-25,23,86,3,1,68,0,181,"",2020-11-25,0,0,0,0,0,0,""
2020-11-26,32,167,3,0,54,0,256,"",2020-11-26,0,0,0,0,0,0,""
2020-11-27,46,154,4,0,48,0,252,"",2020-11-27,0,0,0,0,0,0,""
2020-11-28,26,169,0,0,57,0,252,"",2020-11-28,0,0,0,0,0,0,""
2020-11-29,22,124,4,0,42,0,192,"",2020-11-29,0,0,0,0,0,0,""
2020-11-30,32,74,1,0,44,0,151,"",2020-11-30,0,0,0,0,0,0,""
2020-12-01,31,120,0,1,54,0,206,"",2020-12-01,0,0,0,0,0,0,""
2020-12-02,22,94,2,0,56,2,174,"",2020-12-02,0,0,0,0,0,0,""
2020-12-03,38,123,0,0,45,0,206,"",2020-12-03,0,0,0,0,0,0,""
2020-12-04,41,132,2,0,37,0,212,"",2020-12-04,0,0,0,0,0,0,""
2020-12-05,26,104,2,0,51,0,183,"",2020-12-05,0,0,0,0,0,0,""
2020-12-06,41,78,0,0,68,0,187,"",2020-12-06,0,0,0,0,0,0,""
2020-12-07,23,83,0,0,18,0,124,"",2020-12-07,0,0,0,0,0,0,""
2020-12-08,34,98,0,0,72,0,204,"",2020-12-08,0,0,0,0,0,0,""
2020-12-09,31,125,3,0,38,0,197,"",2020-12-09,0,0,0,0,0,0,""
2020-12-10,32,137,5,0,67,0,241,"",2020-12-10,0,0,0,0,0,0,""
2020-12-11,38,111,2,1,25,0,177,"",2020-12-11,0,0,0,0,0,0,""
2020-12-12,22,101,3,0,62,1,188,"",2020-12-12,0,0,0,0,0,0,""
2020-12-13,28,109,0,0,27,0,164,"",2020-12-13,0,0,0,0,0,0,""
2020-12-14,13,93,2,0,17,0,125,"",2020-12-14,0,0,0,0,0,0,""
2020-12-15,19,58,5,0,22,0,104,"",2020-12-15,0,0,0,0,0,0,""
2020-12-16,18,54,3,0,11,0,86,"",2020-12-16,0,0,0,0,0,0,""
2020-12-17,23,95,4,0,17,0,139,"",2020-12-17,0,0,0,0,0,0,""
2020-12-18,28,86,6,0,21,0,141,"",2020-12-18,0,0,0,0,0,0,""
2020-12-19,26,83,0,0,23,0,132,"",2020-12-19,0,0,0,0,0,0,""
2020-12-20,25,87,10,0,13,0,135,"",2020-12-20,0,0,0,0,0,0,""
2020-12-21,20,78,2,0,10,0,110,"",2020-12-21,0,0,0,0,0,0,""
2020-12-22,11,37,1,0,25,0,74,"",2020-12-22,0,0,0,0,0,0,""
2020-12-23,17,72,1,0,24,0,114,"",2020-12-23,0,0,0,0,0,0,""
2020-12-24,16,70,1,0,36,0,123,"",2020-12-24,0,0,0,0,0,0,""
2020-12-25,15,69,2,0,11,0,97,"",2020-12-25,0,0,0,0,0,0,""
2020-12-26,31,85,4,0,41,0,161,"",2020-12-26,0,0,0,0,0,0,""
2020-12-27,13,50,3,0,19,0,85,"",2020-12-27,0,0,0,0,0,0,""
2020-12-28,13,67,1,0,13,0,94,"",2020-12-28,0,0,0,0,0,0,""
2020-12-29,21,60,0,0,6,0,87,"",2020-12-29,0,0,0,0,0,0,""
2020-12-30,24,77,1,0,31,0,133,"",2020-12-30,0,0,0,0,0,0,""
2020-12-31,22,85,2,0,58,0,167,"",2020-12-31,0,0,0,0,0,0,""
2021-01-01,23,62,2,0,11,0,98,"",2021-01-01,0,0,0,0,0,0,""
2021-01-02,17,50,3,0,7,0,77,"",2021-01-02,0,0,0,0,0,0,""
2021-01-03,12,43,1,0,12,0,68,"",2021-01-03,0,0,0,0,0,0,""
2021-01-04,5,67,0,0,21,0,93,"",2021-01-04,0,0,0,0,0,0,""
2021-01-05,8,57,1,0,13,0,79,"",2021-01-05,0,0,0,0,0,0,""
2021-01-06,9,90,0,0,16,0,115,"",2021-01-06,0,0,0,0,0,0,""
2021-01-07,24,106,1,0,30,0,161,"",2021-01-07,0,0,0,0,0,0,""
2021-01-08,31,142,2,0,6,0,181,"",2021-01-08,0,0,0,0,0,0,""
2021-01-09,43,127,2,0,43,0,215,"",2021-01-09,0,0,0,0,0,0,""
2021-01-10,36,132,4,0,16,0,188,"",2021-01-10,0,0,0,0,0,0,""
2021-01-11,32,93,2,0,8,0,135,"",2021-01-11,0,0,0,0,0,0,""
2021-01-12,23,106,3,0,13,0,145,"",2021-01-12,0,0,0,0,0,0,""
2021-01-13,16,82,0,0,11,0,109,"",2021-01-13,0,0,0,0,0,0,""
2021-01-14,45,135,4,0,10,0,194,"",2021-01-14,0,0,0,0,0,0,""
2021-01-15,43,124,1,1,33,0,202,"",2021-01-15,0,0,0,0,0,0,""
2021-01-16,67,113,1,0,11,0,192,"",2021-01-16,0,0,0,0,0,0,""
2021-01-17,34,83,1,0,6,0,124,"",2021-01-17,0,0,0,0,0,0,""
2021-01-18,23,89,7,0,6,0,125,"",2021-01-18,0,0,0,0,0,0,""
2021-01-19,22,64,1,0,5,0,92,"",2021-01-19,0,0,0,0,0,0,""
2021-01-20,29,82,0,0,53,0,164,"",2021-01-20,0,0,0,0,0,0,""
2021-01-21,21,91,4,0,14,0,130,"",2021-01-21,0,0,0,0,0,0,""
2021-01-22,25,67,3,0,16,0,111,"",2021-01-22,0,0,0,0,0,0,""
2021-01-23,26,95,1,0,16,0,138,"",2021-01-23,0,0,0,0,0,0,""
2021-01-24,22,66,0,0,6,0,94,"",2021-01-24,0,0,0,0,0,0,""
2021-01-25,24,61,1,1,1,0,88,"",2021-01-25,0,0,0,0,0,0,""
2021-01-26,35,51,1,0,19,0,106,"",2021-01-26,0,0,0,0,0,0,""
2021-01-27,26,104,1,0,16,0,147,"",2021-01-27,0,0,0,0,0,0,""
2021-01-28,33,75,2,0,5,0,115,"",2021-01-28,0,0,0,0,0,0,""
2021-01-29,22,79,1,1,8,0,111,"",2021-01-29,0,0,0,0,0,0,""
2021-01-30,20,74,2,0,10,0,106,"",2021-01-30,0,0,0,0,0,0,""
2021-01-31,24,60,7,0,13,0,104,"",2021-01-31,0,0,0,0,0,0,""
2021-02-01,13,61,1,0,1,0,76,"",2021-02-01,0,0,0,0,0,0,""
2021-02-02,19,65,1,0,20,0,105,"",2021-02-02,0,0,0,0,0,0,""
2021-02-03,31,59,1,0,3,0,94,"",2021-02-03,0,0,0,0,0,0,""
2021-02-04,41,73,1,0,5,0,120,"",2021-02-04,0,0,0,0,0,0,""
2021-02-05,16,58,1,0,18,0,93,"",2021-02-05,0,0,0,0,0,0,""
2021-02-06,13,62,1,0,2,0,78,"",2021-02-06,0,0,0,0,0,0,""
2021-02-07,12,35,0,0,22,0,69,"",2021-02-07,0,0,0,0,0,0,""
2021-02-08,3,45,1,0,1,0,50,"",2021-02-08,0,0,0,0,0,0,""
2021-02-09,1,26,2,0,12,0,41,"",2021-02-09,0,0,0,0,0,0,""
2021-02-10,14,44,2,0,4,0,64,"",2021-02-10,0,0,0,0,0,0,""
2021-02-11,10,49,3,0,30,0,92,"",2021-02-11,0,0,0,0,0,0,""
2021-02-12,23,43,0,0,9,0,75,"",2021-02-12,0,0,0,0,0,0,""
2021-02-13,11,26,0,0,2,0,39,"",2021-02-13,0,0,0,0,0,0,""
2021-02-14,12,34,1,0,5,0,52,"",2021-02-14,0,0,0,0,0,0,""
2021-02-15,8,28,2,0,3,0,41,"",2021-02-15,0,0,0,0,0,0,""
2021-02-16,14,22,0,0,8,0,44,"",2021-02-16,0,0,0,0,0,0,""
2021-02-17,13,43,0,0,8,0,64,"",2021-02-17,0,0,0,0,0,0,""
2021-02-18,8,12,1,0,11,0,32,"",2021-02-18,0,0,0,0,0,0,""
2021-02-19,8,30,0,0,5,0,43,"",2021-02-19,0,0,0,0,0,0,""
2021-02-20,8,14,1,0,11,0,34,"",2021-02-20,0,0,0,0,0,0,""
2021-02-21,12,32,1,0,18,0,63,"",2021-02-21,0,0,0,0,0,0,""
2021-02-22,5,13,1,0,2,0,21,"",2021-02-22,0,0,0,0,0,0,""
2021-02-23,11,39,1,0,15,0,66,"",2021-02-23,0,0,0,0,0,0,""
2021-02-24,11,25,0,1,6,0,43,"",2021-02-24,0,0,0,0,0,0,""
2021-02-25,7,30,0,0,6,0,43,"",2021-02-25,0,0,0,0,0,0,""
2021-02-26,9,21,2,0,4,0,36,"",2021-02-26,0,0,0,0,0,0,""
2021-02-27,10,29,0,0,4,0,43,"",2021-02-27,0,0,0,0,0,0,""
2021-02-28,9,14,2,0,2,0,27,"",2021-02-28,0,0,0,0,0,0,""
2021-03-01,10,15,1,0,3,0,29,"",2021-03-01,0,0,0,0,0,0,""
2021-03-02,5,22,2,0,0,0,29,"",2021-03-02,0,0,0,0,0,0,""
2021-03-03,9,39,10,0,2,0,60,"",2021-03-03,0,0,0,0,0,0,""
2021-03-04,11,45,8,0,2,0,66,"",2021-03-04,0,0,0,0,0,0,""
2021-03-05,20,38,1,0,5,0,64,"",2021-03-05,0,0,0,0,0,0,""
2021-03-06,15,31,1,0,0,0,47,"",2021-03-06,0,0,0,0,0,0,""
2021-03-07,18,59,3,0,4,0,84,"",2021-03-07,0,0,0,0,0,0,""
2021-03-08,16,39,4,0,4,0,63,"",2021-03-08,0,0,0,0,0,0,""
2021-03-09,22,37,0,0,4,0,63,"",2021-03-09,0,0,0,0,0,0,""
2021-03-10,12,47,1,0,5,0,65,"",2021-03-10,0,0,0,0,0,0,""
2021-03-11,18,49,2,0,2,0,71,"",2021-03-11,0,0,0,0,0,0,""
2021-03-12,24,26,0,0,3,0,53,"",2021-03-12,0,0,0,0,0,0,""
2021-03-13,11,41,0,0,6,0,58,"",2021-03-13,0,0,0,0,0,0,""
2021-03-14,9,30,1,0,5,0,45,"",2021-03-14,0,0,0,0,0,0,""
2021-03-15,22,29,1,0,2,0,54,"",2021-03-15,0,0,0,0,0,0,""
2021-03-16,16,46,2,0,5,0,69,"",2021-03-16,0,0,0,0,0,0,""
2021-03-17,12,51,1,0,9,0,73,"",2021-03-17,0,0,0,0,0,0,""
2021-03-18,23,71,1,0,1,0,96,"",2021-03-18,0,0,0,0,0,0,""
2021-03-19,20,52,1,0,5,0,78,"",2021-03-19,0,0,0,0,0,0,""
2021-03-20,15,31,0,0,5,0,51,"",2021-03-20,0,0,0,0,0,0,""
2021-03-21,24,32,0,0,4,0,60,"",2021-03-21,0,0,0,0,0,0,""
2021-03-22,16,31,0,0,3,0,50,"",2021-03-22,0,0,0,0,0,0,""
2021-03-23,9,31,0,0,2,0,42,"",2021-03-23,0,0,0,0,0,0,""
2021-03-24,14,54,2,0,11,0,81,"",2021-03-24,0,0,0,0,0,0,""
2021-03-25,12,48,0,0,7,0,67,"",2021-03-25,0,0,0,0,0,0,""
2021-03-26,13,53,0,0,3,0,69,"",2021-03-26,0,0,0,0,0,0,""
2021-03-27,13,46,0,0,3,0,62,"",2021-03-27,0,0,0,0,0,0,""
2021-03-28,23,43,1,0,7,0,74,"",2021-03-28,0,0,0,0,0,0,""
2021-03-29,12,27,2,0,5,0,46,"",2021-03-29,0,0,0,0,0,0,""
2021-03-30,16,35,0,0,5,0,56,"",2021-03-30,0,0,0,0,0,0,""
2021-03-31,12,55,2,0,7,0,76,"",2021-03-31,0,0,0,0,0,0,""
2021-04-01,10,36,0,0,11,0,57,"",2021-04-01,0,0,0,0,0,0,""
2021-04-02,5,40,0,0,12,0,57,"",2021-04-02,0,0,0,0,0,0,""
2021-04-03,15,41,0,0,10,0,66,"",2021-04-03,0,0,0,0,0,0,""
2021-04-04,5,34,1,0,13,0,53,"",2021-04-04,0,0,0,0,0,0,""
2021-04-05,14,32,0,0,25,0,71,"",2021-04-05,0,0,0,0,0,0,""
2021-04-06,10,36,0,0,17,0,63,"",2021-04-06,0,0,0,0,0,0,""
2021-04-07,22,40,0,0,10,0,72,"",2021-04-07,0,0,0,0,0,0,""
2021-04-08,15,49,1,0,14,0,79,"",2021-04-08,0,0,0,0,0,0,""
2021-04-09,15,49,0,0,19,0,83,"",2021-04-09,0,0,0,0,0,0,""
2021-04-10,21,69,0,0,26,0,116,"",2021-04-10,0,0,0,0,0,0,""
2021-04-11,17,43,0,0,9,0,69,"",2021-04-11,0,0,0,0,0,0,""
2021-04-12,11,38,0,0,9,0,58,"",2021-04-12,0,0,0,0,0,0,""
2021-04-13,14,23,0,0,23,0,60,"",2021-04-13,0,0,0,0,0,0,""
2021-04-14,11,49,0,1,16,0,77,"",2021-04-14,0,0,0,0,0,0,""
2021-04-15,5,57,0,0,39,0,101,"",2021-04-15,0,0,0,0,0,0,""
2021-04-16,21,55,2,0,20,0,98,"",2021-04-16,0,0,0,0,0,0,""
2021-04-17,13,56,0,0,40,0,109,"",2021-04-17,0,0,0,0,0,0,""
2021-04-18,17,57,0,0,24,0,98,"",2021-04-18,0,0,0,0,0,0,""
2021-04-19,15,54,0,0,9,0,78,"",2021-04-19,0,0,0,0,0,0,""
2021-04-20,13,69,0,0,24,0,106,"",2021-04-20,0,0,0,0,0,0,""
2021-04-21,24,85,0,0,15,0,124,"",2021-04-21,0,0,0,0,0,0,""
2021-04-22,27,106,0,0,20,0,153,"",2021-04-22,0,0,0,0,0,0,""
2021-04-23,37,99,1,0,21,0,158,"",2021-04-23,0,0,0,0,0,0,""
2021-04-24,34,103,1,0,22,0,160,"",2021-04-24,0,0,0,0,0,0,""
2021-04-25,22,80,0,0,8,0,110,"",2021-04-25,0,0,0,0,0,0,""
2021-04-26,31,97,0,0,11,0,139,"",2021-04-26,0,0,0,0,0,0,""
2021-04-27,19,83,1,0,18,0,121,"",2021-04-27,0,0,0,0,0,0,""
2021-04-28,44,160,2,0,13,0,219,"",2021-04-28,0,0,0,0,0,0,""
2021-04-29,39,150,0,0,45,0,234,"",2021-04-29,0,0,0,0,0,0,""
2021-04-30,30,139,1,0,17,0,187,"",2021-04-30,0,0,0,0,0,0,""
2021-05-01,42,111,1,0,26,0,180,"",2021-05-01,0,0,0,0,0,0,""
2021-05-02,52,214,0,0,60,0,326,"",2021-05-02,0,0,0,0,0,0,""
2021-05-03,17,83,0,0,14,0,114,"",2021-05-03,0,0,0,0,0,0,""
2021-05-04,55,150,1,0,27,0,233,"",2021-05-04,0,0,0,0,0,0,""
2021-05-05,30,136,2,0,13,0,181,"",2021-05-05,0,0,0,0,0,0,""
2021-05-06,59,232,1,0,28,0,320,"",2021-05-06,0,0,0,0,0,0,""
2021-05-07,38,180,0,0,30,0,248,"",2021-05-07,0,0,0,0,0,0,""
2021-05-08,47,271,4,0,81,0,403,"",2021-05-08,0,0,0,0,0,0,""
2021-05-09,63,350,2,0,91,0,506,"",2021-05-09,0,0,0,0,0,0,""
2021-05-10,23,270,2,0,114,0,409,"",2021-05-10,0,0,0,0,0,0,""
2021-05-11,40,364,0,0,17,0,421,"",2021-05-11,0,0,0,0,0,0,""
2021-05-12,46,462,2,0,19,0,529,"",2021-05-12,0,0,0,0,0,0,""
2021-05-13,61,620,4,0,27,0,712,"",2021-05-13,0,0,0,0,0,0,""
2021-05-14,67,492,3,0,31,0,593,"",2021-05-14,0,0,0,0,0,0,""
2021-05-15,70,469,2,0,25,0,566,"",2021-05-15,0,0,0,0,0,0,""
2021-05-16,58,415,1,0,17,0,491,"",2021-05-16,0,0,0,0,0,0,""
2021-05-17,47,313,2,1,9,0,372,"",2021-05-17,0,0,0,0,0,0,""
2021-05-18,57,446,7,0,22,1,532,"",2021-05-18,0,0,0,0,0,0,""
2021-05-19,79,486,5,1,33,0,604,"",2021-05-19,0,0,0,0,0,0,""
2021-05-20,110,529,8,1,33,0,681,"",2021-05-20,0,0,0,0,0,0,""
2021-05-21,119,576,6,1,25,0,727,"",2021-05-21,0,0,0,0,0,0,""
2021-05-22,125,495,7,1,30,0,658,"",2021-05-22,0,0,0,0,0,0,""
2021-05-23,96,477,6,0,26,0,605,"",2021-05-23,0,0,0,0,0,0,""
2021-05-24,105,256,2,0,3,0,366,"",2021-05-24,0,0,0,0,0,0,""
2021-05-25,63,348,10,0,38,0,459,"",2021-05-25,0,0,0,0,0,0,""
2021-05-26,109,391,8,0,43,0,551,"",2021-05-26,0,0,0,0,0,0,""
2021-05-27,131,412,5,0,22,0,570,"",2021-05-27,0,0,0,0,0,0,""
2021-05-28,81,322,8,0,12,0,423,"",2021-05-28,0,0,0,0,0,0,""
2021-05-29,100,311,6,0,25,0,442,"",2021-05-29,0,0,0,0,0,0,""
2021-05-30,50,215,7,0,16,0,288,"",2021-05-30,0,0,0,0,0,0,""
2021-05-31,45,229,1,0,4,0,279,"",2021-05-31,0,0,0,0,0,0,""
2021-06-01,42,193,5,0,14,0,254,"",2021-06-01,0,0,0,0,0,0,""
2021-06-02,57,225,4,0,31,0,317,"",2021-06-02,0,0,0,0,0,0,""
2021-06-03,57,219,6,0,18,0,300,"",2021-06-03,0,0,0,0,0,0,""
2021-06-04,32,153,3,0,15,0,203,"",2021-06-04,0,0,0,0,0,0,""
2021-06-05,44,188,5,1,38,0,276,"",2021-06-05,0,0,0,0,0,0,""
2021-06-06,30,140,3,0,10,0,183,"",2021-06-06,0,0,0,0,0,0,""
2021-06-07,28,112,3,0,4,0,147,"",2021-06-07,0,0,0,0,0,0,""
2021-06-08,15,96,1,0,8,0,120,"",2021-06-08,0,0,0,0,0,0,""
2021-06-09,25,137,5,0,12,0,179,"",2021-06-09,0,0,0,0,0,0,""
2021-06-10,37,137,2,0,6,0,182,"",2021-06-10,0,0,0,0,0,0,""
2021-06-11,16,110,5,0,14,0,145,"",2021-06-11,0,0,0,0,0,0,""
2021-06-12,24,91,2,0,8,0,125,"",2021-06-12,0,0,0,0,0,0,""
2021-06-13,21,56,1,0,4,0,82,"",2021-06-13,0,0,0,0,0,0,""
2021-06-14,18,56,0,0,0,0,74,"",2021-06-14,0,0,0,0,0,0,""
2021-06-15,13,70,2,0,2,0,87,"",2021-06-15,0,0,0,0,0,0,""
2021-06-16,14,73,0,0,1,0,88,"",2021-06-16,0,0,0,0,0,0,""
2021-06-17,22,43,1,0,7,0,73,"",2021-06-17,0,0,0,0,0,0,""
2021-06-18,13,50,0,0,13,0,76,"",2021-06-18,0,0,0,0,0,0,""
2021-06-19,12,61,0,0,0,0,73,"",2021-06-19,0,0,0,0,0,0,この日より前は集計データなし
2021-06-20,6,45,1,0,0,0,52,"",2021-06-20,0,10,0,0,0,10,道発表のデータはこの日以降入力済み
2021-06-21,7,28,0,0,2,0,37,"",2021-06-21,1,4,0,0,0,5,""
2021-06-22,7,22,0,0,0,0,29,"",2021-06-22,1,5,0,0,0,6,""
2021-06-23,11,34,0,0,4,0,49,"",2021-06-23,2,6,0,0,0,8,""
2021-06-24,1,22,0,0,3,0,26,"",2021-06-24,0,5,0,0,0,5,""
2021-06-25,5,21,4,0,3,0,33,"",2021-06-25,1,6,2,0,0,9,""
2021-06-26,4,34,2,1,6,0,47,"",2021-06-26,2,7,2,0,0,11,""
2021-06-27,4,24,0,0,0,0,28,"",2021-06-27,0,8,0,0,0,8,""
2021-06-28,4,23,0,0,0,0,27,"",2021-06-28,2,5,0,0,0,7,""
2021-06-29,5,17,1,0,0,0,23,"",2021-06-29,0,4,0,0,0,4,""
2021-06-30,7,30,0,0,1,0,38,"",2021-06-30,2,5,0,0,0,7,""
2021-07-01,5,33,0,0,1,0,39,"",2021-07-01,4,7,0,0,0,11,""
2021-07-02,5,18,0,0,3,0,26,"",2021-07-02,0,6,0,0,0,6,""
2021-07-03,9,19,1,0,1,0,30,"",2021-07-03,1,8,0,0,0,9,""
2021-07-04,4,30,0,0,5,0,39,"",2021-07-04,2,14,0,0,0,16,""
2021-07-05,2,22,1,0,4,0,29,"",2021-07-05,0,7,1,0,0,8,""
2021-07-06,4,23,0,0,7,0,34,"",2021-07-06,2,9,0,0,0,11,""
2021-07-07,15,42,1,0,9,0,67,"",2021-07-07,4,15,1,0,0,20,""
2021-07-08,8,47,1,0,6,0,62,"",2021-07-08,0,13,1,0,0,14,""
2021-07-09,10,33,1,0,6,0,50,"",2021-07-09,3,10,1,0,0,14,""
2021-07-10,6,50,0,0,8,0,64,"",2021-07-10,3,15,0,0,0,18,""
2021-07-11,17,28,0,0,11,0,56,"",2021-07-11,10,9,0,0,0,19,""
2021-07-12,6,33,0,0,8,0,47,"",2021-07-12,1,11,0,0,0,12,""
2021-07-13,7,49,1,0,3,0,60,"",2021-07-13,2,15,1,0,0,18,""
2021-07-14,14,52,1,0,8,0,75,"",2021-07-14,1,11,1,0,0,13,""
2021-07-15,16,60,1,0,8,0,85,"",2021-07-15,2,17,0,0,0,19,""
2021-07-16,7,58,1,0,7,0,73,"",2021-07-16,0,14,0,0,0,14,""
2021-07-17,11,97,1,0,2,0,111,"",2021-07-17,3,15,1,0,0,19,""
2021-07-18,20,70,2,1,14,0,107,"",2021-07-18,6,14,2,1,0,23,""
2021-07-19,10,59,0,0,1,0,70,"",2021-07-19,3,7,0,0,0,10,""
2021-07-20,18,79,1,0,6,0,104,"",2021-07-20,5,17,1,0,0,23,""
2021-07-21,18,90,1,0,9,0,118,"",2021-07-21,3,32,0,0,0,35,""
2021-07-22,21,110,0,0,9,0,140,"",2021-07-22,12,26,0,0,0,38,""
2021-07-23,14,58,1,0,6,0,79,"",2021-07-23,3,24,1,0,0,28,""
2021-07-24,14,100,0,0,4,0,118,"",2021-07-24,4,22,0,0,0,26,""
2021-07-25,9,84,0,0,20,0,113,"",2021-07-25,1,20,0,0,0,21,""
2021-07-26,22,105,0,0,10,0,137,"",2021-07-26,5,28,0,0,0,33,""
2021-07-27,15,108,4,0,11,0,138,"",2021-07-27,4,35,3,0,0,42,""
2021-07-28,26,186,2,0,13,0,227,"",2021-07-28,14,54,1,0,0,69,""
2021-07-29,27,215,1,0,17,0,260,"",2021-07-29,11,66,1,0,0,78,""
2021-07-30,29,207,0,0,14,0,250,"",2021-07-30,11,77,0,0,0,88,""
2021-07-31,23,242,3,0,16,0,284,"",2021-07-31,6,52,2,0,0,60,""
2021-08-01,37,225,0,0,5,0,267,"",2021-08-01,14,69,0,0,0,83,""
2021-08-02,28,185,0,0,4,0,217,"",2021-08-02,2,46,0,0,0,48,""
2021-08-03,19,173,1,0,18,0,211,"",2021-08-03,4,58,0,0,0,62,""
2021-08-04,44,306,0,1,15,0,366,"",2021-08-04,5,90,0,1,0,96,""
2021-08-05,42,288,1,1,10,0,342,"",2021-08-05,18,74,0,0,0,92,""
2021-08-06,29,239,1,1,13,0,283,"",2021-08-06,12,77,1,0,0,90,""
2021-08-07,37,297,0,0,13,0,347,"",2021-08-07,8,71,0,0,0,79,""
2021-08-08,41,257,1,0,9,0,308,"",2021-08-08,17,74,1,0,0,92,""
2021-08-09,38,266,1,0,5,0,310,"",2021-08-09,7,62,0,0,0,69,""
2021-08-10,83,244,1,1,18,0,347,"",2021-08-10,5,75,0,0,0,80,""
2021-08-11,47,282,2,0,20,0,351,"",2021-08-11,15,84,1,0,0,100,""
2021-08-12,50,398,4,0,28,0,480,"",2021-08-12,20,143,2,0,0,165,""
2021-08-13,46,357,2,0,49,0,454,"",2021-08-13,16,131,2,0,0,149,""
2021-08-14,61,383,2,0,33,0,479,"",2021-08-14,17,100,0,0,0,117,""
2021-08-15,39,295,0,0,32,0,366,"",2021-08-15,12,105,0,0,0,117,""
2021-08-16,51,281,2,0,23,0,357,"",2021-08-16,20,67,1,0,0,88,""
2021-08-17,43,309,2,0,56,0,410,"",2021-08-17,22,115,2,0,0,139,""
2021-08-18,51,471,5,0,68,0,595,"",2021-08-18,18,179,1,0,0,198,""
2021-08-19,62,443,5,0,65,0,575,"",2021-08-19,13,157,2,0,0,172,""
2021-08-20,70,385,3,0,65,0,523,"",2021-08-20,36,130,0,0,0,166,""
2021-08-21,69,434,3,0,73,0,579,"",2021-08-21,20,153,1,0,0,174,""
2021-08-22,59,417,3,0,50,0,529,"",2021-08-22,16,148,1,0,0,165,""
2021-08-23,48,304,3,0,65,0,420,"",2021-08-23,15,88,3,0,0,106,""
2021-08-24,53,306,4,0,63,0,426,"",2021-08-24,8,114,1,0,0,123,""
2021-08-25,79,392,3,0,94,0,568,"",2021-08-25,32,135,1,0,0,168,""
2021-08-26,58,371,5,0,70,0,504,"",2021-08-26,22,101,2,0,0,125,""
2021-08-27,41,285,7,0,49,0,382,"",2021-08-27,11,115,3,0,0,129,""
2021-08-28,64,315,5,0,73,0,457,"",2021-08-28,13,87,0,0,0,100,""
2021-08-29,47,265,2,0,45,0,359,"",2021-08-29,18,90,2,0,0,110,""
2021-08-30,23,195,1,0,47,0,266,"",2021-08-30,10,67,1,0,0,78,""
2021-08-31,56,223,2,0,24,0,305,"",2021-08-31,10,84,1,0,0,95,""
2021-09-01,38,260,2,0,51,0,351,"",2021-09-01,13,95,2,0,0,110,""
2021-09-02,41,248,3,1,21,0,314,"",2021-09-02,11,65,3,1,0,80,""
2021-09-03,30,192,2,0,27,0,251,"",2021-09-03,8,44,1,0,0,53,""
2021-09-04,32,165,2,0,25,0,224,"",2021-09-04,9,55,1,0,0,65,""
2021-09-05,30,172,2,0,14,0,218,"",2021-09-05,9,33,2,0,0,44,""
2021-09-06,12,95,3,1,12,0,123,"",2021-09-06,3,18,1,1,0,23,""
2021-09-07,8,106,3,0,20,0,137,"",2021-09-07,1,39,0,0,0,40,""
2021-09-08,26,134,3,1,16,0,180,"",2021-09-08,10,41,0,0,0,51,""
2021-09-09,17,107,1,0,19,0,144,"",2021-09-09,5,32,1,0,0,38,""
2021-09-10,5,98,0,0,14,0,117,"",2021-09-10,0,34,0,0,0,34,""
2021-09-11,28,104,1,1,22,0,156,"",2021-09-11,9,31,0,1,0,41,""
2021-09-12,13,84,1,0,18,0,116,"",2021-09-12,6,23,0,0,0,29,""
2021-09-13,14,29,1,0,11,0,55,"",2021-09-13,0,3,0,0,0,3,""
2021-09-14,5,69,4,0,13,0,91,"",2021-09-14,1,17,0,0,0,18,""
2021-09-15,17,80,2,0,11,0,110,"",2021-09-15,4,14,0,0,0,18,""
2021-09-16,7,71,1,1,14,0,94,"",2021-09-16,2,11,0,1,0,14,""
2021-09-17,11,58,3,0,12,0,84,"",2021-09-17,2,14,0,0,0,16,""
2021-09-18,11,50,0,0,16,0,77,"",2021-09-18,3,10,0,0,0,13,""
2021-09-19,7,61,1,0,6,0,75,"",2021-09-19,0,9,0,0,0,9,""
2021-09-20,8,37,0,0,5,0,50,"",2021-09-20,1,7,0,0,0,8,""
2021-09-21,3,29,0,0,4,0,36,"",2021-09-21,1,4,0,0,0,5,""
2021-09-22,3,45,0,0,8,0,56,"",2021-09-22,2,7,0,0,0,9,""
2021-09-23,10,54,1,0,11,0,76,"",2021-09-23,4,22,0,0,0,26,""
2021-09-24,7,44,1,0,11,0,63,"",2021-09-24,2,14,1,0,0,17,""
2021-09-25,16,37,0,0,10,0,63,"",2021-09-25,3,6,0,0,0,9,""
2021-09-26,4,40,1,0,9,0,54,"",2021-09-26,0,10,0,0,0,10,""
2021-09-27,5,11,0,0,3,0,19,"",2021-09-27,3,5,0,0,0,8,""
2021-09-28,3,22,0,0,1,0,26,"",2021-09-28,0,5,0,0,0,5,""
2021-09-29,3,28,2,0,12,0,45,"",2021-09-29,0,5,0,0,0,5,""
2021-09-30,1,20,0,0,5,0,26,"",2021-09-30,0,3,0,0,0,3,""
2021-10-01,7,21,0,0,4,0,32,"",2021-10-01,1,4,0,0,0,5,""
2021-10-02,2,17,1,0,5,0,25,"",2021-10-02,0,4,0,0,0,4,""
2021-10-03,2,4,0,0,3,0,9,"",2021-10-03,0,1,0,0,0,1,""
2021-10-04,0,3,0,0,2,0,5,"",2021-10-04,0,0,0,0,0,0,""
2021-10-05,0,13,0,0,7,0,20,"",2021-10-05,0,2,0,0,0,2,""
2021-10-06,1,11,0,0,4,0,16,"",2021-10-06,0,1,0,0,0,1,""
2021-10-07,1,9,0,0,4,0,14,"",2021-10-07,0,4,0,0,0,4,""
2021-10-08,1,8,0,0,12,0,21,"",2021-10-08,0,2,0,0,0,2,""
2021-10-09,0,19,0,0,5,0,24,"",2021-10-09,0,2,0,0,0,2,""
2021-10-10,0,12,0,0,5,0,17,"",2021-10-10,0,0,0,0,0,0,""
2021-10-11,5,8,0,0,3,0,16,"",2021-10-11,0,0,0,0,0,0,""
2021-10-12,4,8,0,0,4,0,16,"",2021-10-12,0,2,0,0,0,2,""
2021-10-13,2,12,1,0,6,0,21,"",2021-10-13,0,2,0,0,0,2,""
2021-10-14,6,24,0,0,15,0,45,"",2021-10-14,6,10,0,0,0,16,""
2021-10-15,0,12,0,0,15,0,27,"",2021-10-15,0,3,0,0,0,3,""
2021-10-16,3,10,1,1,9,0,24,"",2021-10-16,0,5,0,0,0,5,""
2021-10-17,11,22,1,0,4,0,38,"",2021-10-17,1,16,1,0,0,18,""
2021-10-18,3,7,0,0,1,0,11,"",2021-10-18,0,0,0,0,0,0,""
2021-10-19,0,5,0,0,7,0,12,"",2021-10-19,0,2,0,0,0,2,""
2021-10-20,1,9,2,0,2,0,14,"",2021-10-20,0,6,0,0,0,6,""
2021-10-21,0,6,1,0,4,0,11,"",2021-10-21,0,2,0,0,0,2,""
2021-10-22,5,7,0,0,3,0,15,"",2021-10-22,0,0,0,0,0,0,""
2021-10-23,0,4,0,0,1,0,5,"",2021-10-23,0,1,0,0,0,1,""
2021-10-24,2,13,0,0,3,0,18,"",2021-10-24,1,3,0,0,0,4,""
2021-10-25,0,0,0,0,1,0,1,"",2021-10-25,0,0,0,0,0,0,""
2021-10-26,0,6,0,0,7,0,13,"",2021-10-26,0,1,0,0,0,1,""
2021-10-27,0,5,0,0,4,0,9,"",2021-10-27,0,0,0,0,0,0,""
2021-10-28,0,1,0,0,4,0,5,"",2021-10-28,0,0,0,0,0,0,""
2021-10-29,1,0,0,0,7,0,8,"",2021-10-29,0,0,0,0,0,0,""
2021-10-30,0,3,0,0,5,0,8,"",2021-10-30,0,1,0,0,0,1,""
2021-10-31,3,0,0,0,8,0,11,"",2021-10-31,1,0,0,0,0,1,""
2021-11-01,0,3,0,0,0,0,3,"",2021-11-01,0,0,0,0,0,0,""
2021-11-02,0,3,0,0,11,0,14,"",2021-11-02,0,0,0,0,0,0,""
2021-11-03,1,4,0,0,8,0,13,"",2021-11-03,0,0,0,0,0,0,""
2021-11-04,0,2,0,0,2,0,4,"",2021-11-04,0,0,0,0,0,0,""
2021-11-05,0,1,0,0,12,0,13,"",2021-11-05,0,0,0,0,0,0,""
2021-11-06,0,6,0,0,7,0,13,"",2021-11-06,0,2,0,0,0,2,""
2021-11-07,2,4,0,0,4,0,10,"",2021-11-07,1,0,0,0,0,1,""
2021-11-08,2,2,0,0,2,0,6,"",2021-11-08,0,0,0,0,0,0,""
2021-11-09,0,1,0,0,12,0,13,"",2021-11-09,0,0,0,0,0,0,""
2021-11-10,0,2,0,0,6,0,8,"",2021-11-10,0,1,0,0,0,1,""
2021-11-11,1,2,0,0,5,0,8,"",2021-11-11,0,1,0,0,0,1,""
2021-11-12,0,5,0,0,17,0,22,"",2021-11-12,0,1,0,0,0,1,""
2021-11-13,1,4,0,0,14,0,19,"",2021-11-13,0,0,0,0,0,0,""
2021-11-14,0,3,0,0,6,0,9,"",2021-11-14,0,2,0,0,0,2,""
2021-11-15,0,2,0,0,1,0,3,"",2021-11-15,0,0,0,0,0,0,""
2021-11-16,5,19,2,0,9,0,35,"",2021-11-16,1,4,1,0,0,6,""
2021-11-17,1,20,1,0,18,0,40,"",2021-11-17,0,1,0,0,0,1,""
2021-11-18,2,8,0,0,10,0,20,"",2021-11-18,1,2,0,0,0,3,""
2021-11-19,3,8,0,0,6,0,17,"",2021-11-19,1,0,0,0,0,1,""
2021-11-20,1,2,1,0,8,0,12,"",2021-11-20,0,0,0,0,0,0,""
2021-11-21,1,13,0,0,11,0,25,"",2021-11-21,0,1,0,0,0,1,""
2021-11-22,2,3,0,0,1,0,6,"",2021-11-22,0,1,0,0,0,1,""
2021-11-23,1,5,0,0,8,0,14,"",2021-11-23,0,2,0,0,0,2,""
2021-11-24,0,9,0,0,1,0,10,"",2021-11-24,0,1,0,0,0,1,""
2021-11-25,0,6,2,0,4,0,12,"",2021-11-25,0,1,1,0,0,2,""
2021-11-26,1,12,3,0,2,0,18,"",2021-11-26,0,3,0,0,0,3,""
2021-11-27,0,4,0,0,7,0,11,"",2021-11-27,0,0,0,0,0,0,""
2021-11-28,0,3,0,0,5,0,8,"",2021-11-28,0,0,0,0,0,0,""
2021-11-29,2,2,0,0,2,0,6,"",2021-11-29,0,0,0,0,0,0,""
2021-11-30,0,6,0,0,2,0,8,"",2021-11-30,0,2,0,0,0,2,""
2021-12-01,0,3,0,0,1,0,4,"",2021-12-01,0,0,0,0,0,0,""
2021-12-02,0,2,1,0,1,0,4,"",2021-12-02,0,0,0,0,0,0,""
2021-12-03,0,1,0,0,2,0,3,"",2021-12-03,0,0,0,0,0,0,""
2021-12-04,1,6,0,0,3,0,10,"",2021-12-04,1,4,0,0,0,5,""
2021-12-05,3,2,0,0,0,0,5,"",2021-12-05,3,2,0,0,0,5,""
2021-12-06,0,2,0,0,0,0,2,"",2021-12-06,0,0,0,0,0,0,""
2021-12-07,0,0,0,0,2,0,2,"",2021-12-07,0,0,0,0,0,0,""
2021-12-08,0,2,0,0,0,0,2,"",2021-12-08,0,1,0,0,0,1,""
2021-12-09,1,5,0,0,1,0,7,"",2021-12-09,0,4,0,0,0,4,""
2021-12-10,0,2,0,0,1,0,3,"",2021-12-10,0,1,0,0,0,1,""
2021-12-11,1,2,1,0,1,0,5,"",2021-12-11,1,0,0,0,0,1,""
2021-12-12,0,0,0,0,3,0,3,"",2021-12-12,0,0,0,0,0,0,""
2021-12-13,0,1,0,0,0,0,1,"",2021-12-13,0,0,0,0,0,0,""
2021-12-14,0,4,0,0,0,0,4,"",2021-12-14,0,1,0,0,0,1,""
2021-12-15,0,6,0,0,0,0,6,"",2021-12-15,0,3,0,0,0,3,""
2021-12-16,3,8,0,0,1,0,12,"",2021-12-16,1,5,0,0,0,6,""
2021-12-17,0,3,0,0,0,0,3,"",2021-12-17,0,1,0,0,0,1,""
2021-12-18,0,10,0,0,4,0,14,"",2021-12-18,0,2,0,0,0,2,""
2021-12-19,1,6,0,0,5,0,12,"",2021-12-19,0,3,0,0,0,3,""
2021-12-20,1,5,0,0,8,0,14,"",2021-12-20,0,4,0,0,0,4,""
2021-12-21,2,6,0,0,7,0,15,"",2021-12-21,1,3,0,0,0,4,""
2021-12-22,1,20,1,0,7,0,29,"",2021-12-22,1,1,0,0,0,2,""
2021-12-23,4,17,0,0,5,0,26,"",2021-12-23,1,2,0,0,0,3,""
2021-12-24,1,6,0,0,5,0,12,"",2021-12-24,0,3,0,0,0,3,""
2021-12-25,4,6,0,0,12,0,22,"",2021-12-25,0,2,0,0,0,2,""
2021-12-26,2,13,0,0,7,0,22,"",2021-12-26,0,3,0,0,0,3,""
2021-12-27,2,9,0,0,0,0,11,"",2021-12-27,0,0,0,0,0,0,""
2021-12-28,7,9,0,0,4,0,20,"",2021-12-28,0,2,0,0,0,2,""
2021-12-29,1,16,0,0,9,0,26,"",2021-12-29,1,4,0,0,0,5,""
2021-12-30,3,20,1,0,8,0,32,"",2021-12-30,1,4,1,0,0,6,""
2021-12-31,1,15,1,0,4,0,21,"",2021-12-31,1,6,1,0,0,8,""
2022-01-01,0,15,0,0,8,0,23,"",2022-01-01,0,6,0,0,0,6,""
2022-01-02,4,11,0,0,1,0,16,"",2022-01-02,2,2,0,0,0,4,""
2022-01-03,1,7,0,0,2,0,10,"",2022-01-03,0,3,0,0,0,3,""
2022-01-04,2,16,0,0,8,0,26,"",2022-01-04,2,14,0,0,0,16,""
2022-01-05,4,26,0,0,4,0,34,"",2022-01-05,0,8,0,0,0,8,""
2022-01-06,16,47,0,0,11,0,74,"",2022-01-06,14,27,0,0,0,41,""
2022-01-07,14,72,0,0,8,0,94,"",2022-01-07,9,35,0,0,0,44,""
2022-01-08,27,97,0,0,8,0,132,"",2022-01-08,16,52,0,0,0,68,""
2022-01-09,14,91,0,0,12,0,117,"",2022-01-09,14,51,0,0,0,65,""
2022-01-10,18,81,0,0,7,0,106,"",2022-01-10,11,36,0,0,0,47,""
2022-01-11,16,94,0,0,7,0,117,"",2022-01-11,6,45,0,0,0,51,""
2022-01-12,14,170,1,0,12,0,197,"",2022-01-12,9,97,1,0,0,107,""
2022-01-13,28,280,0,0,20,0,328,"",2022-01-13,16,144,0,0,0,160,""
2022-01-14,42,401,0,0,24,0,467,"",2022-01-14,33,182,0,0,0,215,""
2022-01-15,64,608,0,0,23,0,695,"",2022-01-15,41,234,0,0,0,275,""
2022-01-16,80,570,0,0,42,0,692,"",2022-01-16,35,273,0,0,0,308,""
2022-01-17,143,494,1,0,5,0,643,"",2022-01-17,64,162,1,0,0,227,""
2022-01-18,135,534,0,0,29,0,698,"",2022-01-18,76,245,0,0,0,321,""
2022-01-19,146,975,1,0,48,0,1170,"",2022-01-19,62,343,1,0,0,406,""
2022-01-20,167,1207,3,0,60,0,1437,"",2022-01-20,103,410,2,0,0,515,""
2022-01-21,122,601,2,0,919,0,1644,"",2022-01-21,109,484,0,0,0,593,""
2022-01-22,146,1406,5,0,48,0,1605,"",2022-01-22,131,463,3,0,0,597,""
2022-01-23,182,1367,1,0,41,0,1591,"",2022-01-23,146,439,1,0,0,586,""
2022-01-24,128,1421,2,0,38,0,1589,"",2022-01-24,121,499,2,0,0,622,""
2022-01-25,178,1283,9,0,65,0,1535,2022-03-04修正済（軽症1名減）,2022-01-25,150,569,9,0,0,728,2022-03-04修正済（軽症1名減）
2022-01-26,150,1827,2,0,112,0,2091,"",2022-01-26,105,756,0,0,0,861,""
2022-01-27,283,2452,3,0,118,0,2856,"",2022-01-27,193,734,2,0,0,929,""
2022-01-28,212,2510,2,0,51,0,2775,"",2022-01-28,161,889,0,0,0,1050,""
2022-01-29,217,2727,5,0,53,0,3002,"",2022-01-29,180,870,3,0,0,1053,""
2022-01-30,191,2523,3,0,65,0,2782,"",2022-01-30,177,656,3,0,0,836,""
2022-01-31,129,2078,13,0,46,0,2266,"",2022-01-31,103,817,13,0,0,933,""
2022-02-01,159,2476,1,0,24,0,2660,"",2022-02-01,129,728,1,0,0,858,""
2022-02-02,251,3250,4,0,82,0,3587,"",2022-02-02,209,1128,1,0,0,1338,""
2022-02-03,193,3507,6,0,82,0,3788,"",2022-02-03,143,992,3,0,0,1138,""
2022-02-04,190,3294,7,1,51,0,3543,"",2022-02-04,151,1041,5,1,0,1198,""
2022-02-05,256,3689,10,0,91,0,4046,"",2022-02-05,204,1027,8,0,0,1239,""
2022-02-06,142,3214,4,0,104,0,3464,"",2022-02-06,103,1075,3,0,0,1181,""
2022-02-07,327,2263,3,0,94,0,2687,"",2022-02-07,305,702,2,0,0,1009,""
2022-02-08,157,2571,10,0,140,0,2878,2022-03-04修正済（軽症1名減）,2022-02-08,129,987,6,0,0,1122,2022-03-04修正済（軽症1名減）
2022-02-09,271,3139,20,0,176,0,3606,"",2022-02-09,235,1147,13,0,0,1395,""
2022-02-10,182,3806,12,1,96,0,4097,"",2022-02-10,153,1318,12,0,0,1483,""
2022-02-11,267,3341,6,0,69,0,3683,"",2022-02-11,245,1135,4,0,0,1384,""
2022-02-12,196,2955,10,0,119,0,3280,"",2022-02-12,176,1111,8,0,0,1295,""
2022-02-13,239,2379,5,0,69,0,2692,"",2022-02-13,199,923,4,0,0,1126,""
2022-02-14,129,2099,9,0,15,0,2252,"",2022-02-14,106,747,4,0,0,857,""
2022-02-15,187,2036,7,0,52,0,2282,"",2022-02-15,161,711,4,0,0,876,""
2022-02-16,175,2559,2,0,79,0,2815,"",2022-02-16,137,918,0,0,0,1055,""
2022-02-17,261,3298,5,0,64,0,3628,"",2022-02-17,194,983,3,0,0,1180,""
2022-02-18,174,2373,14,0,95,0,2656,"",2022-02-18,139,827,12,0,0,978,""
2022-02-19,195,2550,4,1,47,0,2797,"",2022-02-19,170,842,0,1,0,1013,""
2022-02-20,175,2086,1,0,71,0,2333,旭川市修正発表の修正済み（無症状1名減）,2022-02-20,158,666,1,0,0,825,""
2022-02-21,167,1703,3,0,51,0,1924,"",2022-02-21,152,587,3,0,0,742,""
2022-02-22,136,1858,8,0,38,0,2040,2022-03-04修正済（無症状1名減）,2022-02-22,99,635,4,0,0,738,2022-03-04修正済（無症状1名減）
2022-02-23,147,2212,4,0,30,0,2393,"",2022-02-23,105,795,2,0,0,902,""
2022-02-24,191,2359,8,0,63,0,2621,"",2022-02-24,149,826,8,0,0,983,""
2022-02-25,156,1750,1,1,21,0,1929,2022-02-26修正済（無症状1名減）,2022-02-25,132,797,0,0,0,929,2022-02-26修正済（無症状1名減）
2022-02-26,166,2236,6,0,60,0,2468,"",2022-02-26,134,716,3,0,0,853,""
2022-02-27,217,2139,4,0,102,0,2462,2022-03-04修正済（軽症1名減）,2022-02-27,182,651,2,0,0,835,2022-03-04修正済（軽症1名減）
2022-02-28,154,1428,0,0,21,0,1603,2022-03-04修正済（軽症1名減）,2022-02-28,138,491,0,0,0,629,2022-03-04修正済（軽症1名減）
2022-03-01,135,1290,6,0,49,0,1480,"",2022-03-01,121,434,2,0,0,557,""
2022-03-02,106,2091,6,0,29,0,2232,"",2022-03-02,77,659,4,0,0,740,""
2022-03-03,164,2051,4,1,85,0,2305,"",2022-03-03,138,715,2,0,0,855,""
2022-03-04,173,1610,10,1,53,0,1847,"",2022-03-04,115,559,0,0,0,674,""
2022-03-05,133,1460,3,0,31,0,1627,"",2022-03-05,104,513,1,0,0,618,""
2022-03-06,122,1648,1,1,31,0,1803,2022-03-08修正済（軽症1名減）,2022-03-06,101,490,1,1,0,593,2022-03-08修正済（軽症1名減）
2022-03-07,104,988,0,0,14,0,1106,"",2022-03-07,80,332,0,0,0,412,""
2022-03-08,80,1229,1,0,19,0,1329,"",2022-03-08,53,462,0,0,0,515,""
2022-03-09,142,1828,7,0,8,0,1985,"",2022-03-09,97,667,0,0,0,764,""
2022-03-10,154,1863,5,0,3,0,2025,"",2022-03-10,125,647,2,0,0,774,""
2022-03-11,163,1449,3,0,29,0,1644,"",2022-03-11,105,493,0,0,0,598,""
2022-03-12,134,1550,0,0,17,0,1701,"",2022-03-12,100,575,0,0,0,675,""
2022-03-13,105,1313,0,0,23,0,1441,"",2022-03-13,73,465,0,0,0,538,""
2022-03-14,108,913,1,0,20,0,1042,"",2022-03-14,84,292,1,0,0,377,""
2022-03-15,83,1093,1,0,19,0,1196,"",2022-03-15,50,412,0,0,0,462,""
2022-03-16,91,1822,1,0,19,0,1933,"",2022-03-16,55,608,1,0,0,664,""
2022-03-17,144,1654,0,0,26,0,1824,"",2022-03-17,109,562,0,0,0,671,""
2022-03-18,104,1588,3,0,19,0,1714,"",2022-03-18,71,634,0,0,0,705,""
2022-03-19,91,1485,4,0,6,0,1586,"",2022-03-19,68,526,2,0,0,596,""
2022-03-20,123,1364,1,1,30,0,1519,"",2022-03-20,89,497,0,0,0,586,""
2022-03-21,55,921,1,0,32,0,1009,"",2022-03-21,35,341,1,0,0,377,""
2022-03-22,64,801,1,0,19,0,885,"",2022-03-22,59,296,1,0,0,356,""
2022-03-23,64,1134,0,0,26,0,1224,"",2022-03-23,50,396,0,0,0,446,""
2022-03-24,92,1931,4,1,20,0,2048,"",2022-03-24,72,718,1,1,0,792,""
2022-03-25,120,1971,1,0,46,0,2138,"",2022-03-25,96,686,0,0,0,782,""
2022-03-26,106,1563,3,0,28,0,1700,2022-03-28修正済（軽症1名減（旭川訂正））,2022-03-26,85,551,1,0,0,637,""
2022-03-27,76,1405,1,0,15,0,1497,"",2022-03-27,59,492,1,0,0,552,""
2022-03-28,80,1116,0,0,4,0,1200,"",2022-03-28,70,504,0,0,0,574,""
2022-03-29,86,1263,4,0,14,0,1367,"",2022-03-29,64,479,2,0,0,545,""
2022-03-30,90,1873,1,1,14,0,1979,"",2022-03-30,68,747,1,1,0,817,""
2022-03-31,99,1972,0,0,35,0,2106,"",2022-03-31,87,782,0,0,0,869,""
2022-04-01,121,1859,3,0,50,0,2033,"",2022-04-01,86,823,2,0,0,911,""
2022-04-02,113,1848,4,0,20,0,1985,"",2022-04-02,96,748,0,0,0,844,""
2022-04-03,96,1720,1,1,27,0,1845,"",2022-04-03,85,644,1,1,0,731,""
2022-04-04,103,1458,0,0,16,0,1577,"",2022-04-04,84,717,0,0,0,801,""
2022-04-05,68,1489,3,0,29,0,1589,"",2022-04-05,57,641,3,0,0,701,""
2022-04-06,133,2171,3,0,63,0,2370,"",2022-04-06,107,776,1,0,0,884,""
2022-04-07,150,2132,3,0,61,0,2346,"",2022-04-07,125,739,2,0,0,866,""
2022-04-08,87,2097,0,0,32,0,2216,"",2022-04-08,73,824,0,0,0,897,""
2022-04-09,144,2083,4,0,42,0,2273,2022-04-23修正済（無症状1名減）,2022-04-09,124,824,3,0,0,951,2022-04-23修正済（無症状1名減）
2022-04-10,141,1973,1,0,30,0,2145,"",2022-04-10,123,818,0,0,0,941,""
2022-04-11,121,1416,0,0,13,0,1550,"",2022-04-11,100,664,0,0,0,764,""
2022-04-12,100,1788,2,1,14,0,1905,"",2022-04-12,89,778,1,0,0,868,""
2022-04-13,124,2550,3,1,35,0,2713,"",2022-04-13,94,967,1,1,0,1063,""
2022-04-14,129,2625,1,0,13,0,2768,"",2022-04-14,94,1023,1,0,0,1118,""
2022-04-15,122,2446,0,0,36,0,2604,2022-04-16修正済（軽症1名減）,2022-04-15,97,1027,0,0,0,1124,2022-04-16修正済（軽症1名減）
2022-04-16,116,2307,5,0,29,0,2457,"",2022-04-16,88,946,3,0,0,1037,""
2022-04-17,85,1992,1,0,35,0,2113,"",2022-04-17,73,792,0,0,0,865,""
2022-04-18,96,1639,1,0,30,0,1766,"",2022-04-18,82,839,0,0,0,921,""
2022-04-19,90,1926,1,0,50,0,2067,"",2022-04-19,77,887,0,0,0,964,""
2022-04-20,123,2891,3,1,40,0,3058,"",2022-04-20,99,1300,0,0,0,1399,""
2022-04-21,142,2928,5,0,57,0,3132,"",2022-04-21,124,1154,1,0,0,1279,""
2022-04-22,125,2649,4,1,66,0,2845,"",2022-04-22,101,1045,1,0,0,1147,""
2022-04-23,88,2634,5,0,58,0,2785,"",2022-04-23,79,1159,0,0,0,1238,""
2022-04-24,164,2384,3,0,82,0,2633,"",2022-04-24,148,898,2,0,0,1048,""
2022-04-25,110,1719,4,0,34,0,1867,"",2022-04-25,103,847,4,0,0,954,""
2022-04-26,76,1991,2,0,63,0,2132,"",2022-04-26,72,962,1,0,0,1035,""
2022-04-27,165,2918,2,0,74,0,3159,"",2022-04-27,109,1211,1,0,0,1321,""
2022-04-28,150,2940,1,0,68,0,3159,"",2022-04-28,102,1292,1,0,0,1395,""
2022-04-29,253,2624,2,0,48,0,2927,"",2022-04-29,140,1163,1,0,0,1304,""
2022-04-30,165,2301,4,0,32,0,2502,"",2022-04-30,102,1038,4,0,0,1144,""
2022-05-01,92,1707,1,0,54,0,1854,"",2022-05-01,68,844,0,0,0,912,""
2022-05-02,122,1627,3,0,53,0,1805,"",2022-05-02,73,938,3,0,0,1014,""
2022-05-03,84,1578,2,0,54,0,1718,"",2022-05-03,51,819,2,0,0,872,""
2022-05-04,198,1853,0,0,39,0,2090,"",2022-05-04,115,905,0,0,0,1020,""
2022-05-05,138,1702,2,0,12,0,1854,"",2022-05-05,73,815,1,0,0,889,""
2022-05-06,120,1517,2,0,29,0,1668,"",2022-05-06,80,755,2,0,0,837,""
2022-05-07,132,1943,3,0,34,0,2112,"",2022-05-07,72,778,0,0,0,850,""
2022-05-08,226,2844,4,0,41,0,3115,"",2022-05-08,112,1114,3,0,0,1229,""
2022-05-09,112,2428,1,0,15,0,2556,"",2022-05-09,91,984,0,0,0,1075,""
2022-05-10,152,2211,0,1,36,0,2400,"",2022-05-10,79,1178,0,0,0,1257,""
2022-05-11,145,3075,1,0,38,0,3259,"",2022-05-11,47,1327,0,0,0,1374,""
2022-05-12,225,2927,2,1,21,0,3176,"",2022-05-12,124,1335,1,1,0,1461,""
2022-05-13,192,2783,1,0,57,0,3033,2022-06-07修正済（軽症1名減）,2022-05-13,112,1240,1,0,0,1353,2022-06-07修正済（軽症1名減）
2022-05-14,168,2560,4,1,38,0,2771,"",2022-05-14,98,1223,0,0,0,1321,""
2022-05-15,228,2213,1,0,46,0,2488,"",2022-05-15,136,924,0,0,0,1060,""
2022-05-16,198,1799,4,0,20,0,2021,"",2022-05-16,117,822,4,0,0,943,""
2022-05-17,147,1693,0,1,63,0,1904,"",2022-05-17,105,917,0,0,0,1022,""
2022-05-18,180,2427,4,0,66,0,2677,"",2022-05-18,73,1046,2,0,0,1121,""
2022-05-19,222,2515,3,0,71,0,2811,"",2022-05-19,125,1120,1,0,0,1246,""
2022-05-20,192,2302,2,0,57,0,2553,"",2022-05-20,104,1105,1,0,0,1210,""
2022-05-21,162,2059,4,0,15,0,2240,"",2022-05-21,99,972,1,0,0,1072,""
2022-05-22,209,1812,4,0,40,0,2065,"",2022-05-22,117,703,4,0,0,824,""
2022-05-23,152,1271,1,0,44,0,1468,"",2022-05-23,100,554,0,0,0,654,""
2022-05-24,76,1260,1,0,32,0,1369,"",2022-05-24,41,613,1,0,0,655,""
2022-05-25,196,1850,3,0,45,0,2094,"",2022-05-25,91,756,3,0,0,850,""
2022-05-26,156,1753,1,0,40,0,1950,"",2022-05-26,70,677,0,0,0,747,""
2022-05-27,164,1442,4,0,14,0,1624,"",2022-05-27,86,615,1,0,0,702,""
2022-05-28,137,1364,5,1,8,0,1515,"",2022-05-28,78,567,0,0,0,645,""
2022-05-29,111,1129,0,0,1,0,1241,"",2022-05-29,41,387,0,0,0,428,""
2022-05-30,97,792,1,0,4,0,894,"",2022-05-30,58,288,1,0,0,347,""
2022-05-31,69,799,1,0,34,0,903,"",2022-05-31,47,381,0,0,0,428,""
2022-06-01,102,1129,3,0,6,0,1240,"",2022-06-01,46,526,1,0,0,573,""
2022-06-02,121,1086,1,0,7,0,1215,"",2022-06-02,65,463,1,0,0,529,""
2022-06-03,86,942,1,0,9,0,1038,"",2022-06-03,46,429,0,0,0,475,""
2022-06-04,70,829,0,0,0,0,899,"",2022-06-04,34,354,0,0,0,388,""
2022-06-05,80,825,2,0,3,0,910,"",2022-06-05,26,339,0,0,0,365,""
2022-06-06,58,588,0,0,3,0,649,"",2022-06-06,38,262,0,0,0,300,""
2022-06-07,56,625,1,0,19,0,701,"",2022-06-07,34,312,0,0,0,346,""
2022-06-08,103,1102,2,0,14,0,1221,"",2022-06-08,49,513,0,0,0,562,""
2022-06-09,79,900,1,0,12,0,992,"",2022-06-09,44,396,0,0,0,440,""
2022-06-10,70,845,1,0,26,0,942,"",2022-06-10,36,332,0,0,0,368,""
2022-06-11,68,795,1,0,8,0,872,"",2022-06-11,39,334,1,0,0,374,""
2022-06-12,61,731,1,0,19,0,812,"",2022-06-12,37,256,0,0,0,293,""
2022-06-13,43,492,0,0,1,0,536,"",2022-06-13,24,206,0,0,0,230,""
2022-06-14,58,556,2,0,5,0,621,"",2022-06-14,29,239,1,0,0,269,""
2022-06-15,79,873,5,0,8,0,965,"",2022-06-15,40,379,1,0,0,420,""
2022-06-16,76,816,4,0,6,0,902,"",2022-06-16,32,350,2,0,0,384,""
2022-06-17,71,717,2,0,5,0,795,"",2022-06-17,48,314,0,0,0,362,""
2022-06-18,62,626,2,1,1,0,692,"",2022-06-18,27,264,1,0,0,292,""
2022-06-19,56,640,1,0,6,0,703,"",2022-06-19,31,233,1,0,0,265,""
2022-06-20,35,382,0,0,17,0,434,"",2022-06-20,21,143,0,0,0,164,""
2022-06-21,38,431,0,1,3,0,473,"",2022-06-21,14,229,0,0,0,243,""
2022-06-22,46,671,2,2,2,0,723,"",2022-06-22,17,292,1,1,0,311,""
2022-06-23,58,682,2,0,11,0,753,"",2022-06-23,30,296,0,0,0,326,""
2022-06-24,69,599,1,0,4,0,673,"",2022-06-24,45,271,0,0,0,316,""
2022-06-25,58,526,0,0,1,0,585,"",2022-06-25,31,222,0,0,0,253,""
2022-06-26,70,475,1,0,4,0,550,"",2022-06-26,42,216,0,0,0,258,""
2022-06-27,25,292,0,0,1,0,318,"",2022-06-27,10,102,0,0,0,112,""
2022-06-28,20,400,1,0,0,0,421,"",2022-06-28,10,195,0,0,0,205,""
2022-06-29,62,644,4,0,2,0,712,"",2022-06-29,23,300,1,0,0,324,""
2022-06-30,62,577,0,0,6,0,645,"",2022-06-30,30,268,0,0,0,298,""
2022-07-01,76,552,1,0,12,0,641,"",2022-07-01,52,267,1,0,0,320,""
2022-07-02,70,551,0,0,5,0,626,"",2022-07-02,41,231,0,0,0,272,""
2022-07-03,58,545,0,0,14,0,617,"",2022-07-03,36,202,0,0,0,238,""
2022-07-04,46,357,1,0,3,0,407,"",2022-07-04,18,94,0,0,0,112,""
2022-07-05,48,486,3,0,24,0,561,"",2022-07-05,26,247,2,0,0,275,""
2022-07-06,74,737,3,0,7,0,821,"",2022-07-06,49,321,0,0,0,370,""
2022-07-07,84,809,1,0,7,0,901,"",2022-07-07,47,316,0,0,0,363,""
2022-07-08,93,774,1,1,18,0,887,"",2022-07-08,52,297,0,0,0,349,""
2022-07-09,90,816,1,1,3,0,911,"",2022-07-09,50,365,0,0,0,415,""
2022-07-10,100,756,0,0,3,0,859,"",2022-07-10,44,289,0,0,0,333,""
2022-07-11,51,546,2,0,3,0,602,"",2022-07-11,26,174,1,0,0,201,""
2022-07-12,57,746,0,0,0,0,803,"",2022-07-12,23,324,0,0,0,347,""
2022-07-13,81,1260,0,0,8,0,1349,"",2022-07-13,36,583,0,0,0,619,""
2022-07-14,119,1577,2,0,15,0,1713,"",2022-07-14,60,654,1,0,0,715,""
2022-07-15,83,1646,2,0,3,0,1734,"",2022-07-15,32,618,0,0,0,650,""
2022-07-16,112,1807,2,0,7,0,1928,"",2022-07-16,42,751,1,0,0,794,""
2022-07-17,92,1732,0,0,9,0,1833,"",2022-07-17,47,615,0,0,0,662,""
2022-07-18,109,1398,3,0,5,0,1515,"",2022-07-18,53,522,1,0,0,576,""
2022-07-19,91,1087,5,1,1,0,1185,"",2022-07-19,34,395,4,0,0,433,""
2022-07-20,90,1937,2,1,30,0,2060,"",2022-07-20,58,909,1,0,0,968,""
2022-07-21,162,3753,8,0,42,0,3965,"",2022-07-21,56,1720,3,0,0,1779,""
2022-07-22,276,4162,5,0,21,0,4464,"",2022-07-22,150,1649,1,0,0,1800,""
2022-07-23,232,4351,8,0,45,0,4636,"",2022-07-23,112,1753,3,0,0,1868,""
2022-07-24,196,3856,2,0,18,0,4072,"",2022-07-24,92,1359,1,0,0,1452,""
2022-07-25,145,3203,3,0,10,0,3361,"",2022-07-25,68,1305,1,0,0,1374,""
2022-07-26,133,3102,4,0,29,0,3268,"",2022-07-26,70,1536,2,0,0,1608,""
