day01,X.20,X30_40,X50_60,X70_80,X90.,agenull,man,woman,sexnull,備考
2020-01-28T00:00,0,1,0,0,0,0,0,1,0,""
2020-02-14T00:00,0,1,1,0,0,0,1,1,0,""
2020-02-19T00:00,0,3,2,0,0,0,4,1,0,""
2020-02-21T00:00,2,4,2,0,0,0,6,2,0,""
2020-02-22T00:00,3,4,7,4,0,0,11,7,0,""
2020-02-23T00:00,5,7,8,6,0,0,15,11,0,""
2020-02-24T00:00,6,7,10,7,0,0,17,13,0,""
2020-02-25T00:00,8,7,12,8,0,0,20,15,0,""
2020-02-26T00:00,8,8,12,10,0,1,21,17,1,""
2020-02-27T00:00,10,14,16,13,0,1,35,18,1,""
2020-02-28T00:00,11,15,23,16,0,1,43,22,1,""
2020-02-29T00:00,12,16,24,16,1,1,43,26,1,""
2020-03-01T00:00,13,17,24,16,1,1,44,27,1,""
2020-03-02T00:00,13,18,28,16,1,1,48,28,1,""
2020-03-03T00:00,13,19,29,16,1,1,48,30,1,""
2020-03-04T00:00,13,19,32,16,1,1,51,30,1,""
2020-03-05T00:00,13,19,33,16,1,1,52,30,1,""
2020-03-06T00:00,14,21,34,18,1,2,57,32,1,""
2020-03-07T00:00,14,22,40,19,1,2,61,36,1,""
2020-03-08T00:00,14,22,41,21,1,2,63,37,1,""
2020-03-09T00:00,14,22,46,23,1,2,67,40,1,""
2020-03-10T00:00,14,22,49,23,1,2,69,41,1,""
2020-03-11T00:00,14,23,53,25,1,2,71,46,1,""
2020-03-12T00:00,15,23,56,30,1,3,76,51,1,""
2020-03-13T00:00,16,23,64,34,1,4,83,58,1,""
2020-03-14T00:00,16,23,65,35,1,4,83,60,1,""
2020-03-15T00:00,17,23,66,37,1,4,86,61,1,""
2020-03-16T00:00,18,23,67,39,1,4,88,63,1,""
2020-03-18T00:00,19,23,67,40,1,4,89,64,1,""
2020-03-19T00:00,19,23,70,40,1,4,91,65,1,""
2020-03-20T00:00,19,23,71,40,1,4,92,65,1,""
2020-03-21T00:00,19,24,71,40,1,4,93,65,1,""
2020-03-22T00:00,19,25,73,40,1,4,94,67,1,""
2020-03-24T00:00,19,25,73,41,1,4,94,68,1,""
2020-03-25T00:00,19,27,75,41,1,4,97,69,1,""
2020-03-26T00:00,19,28,75,41,1,4,97,70,1,""
2020-03-27T00:00,19,28,76,41,1,4,98,70,1,""
2020-03-28T00:00,19,29,76,43,1,4,101,70,1,""
2020-03-29T00:00,19,30,77,45,1,4,103,72,1,""
2020-03-30T00:00,20,30,77,45,1,4,103,73,1,""
2020-04-01T00:00,22,31,79,45,1,4,107,74,1,""
2020-04-02T00:00,22,33,80,45,1,4,110,74,1,""
2020-04-03T00:00,22,35,81,45,2,5,114,74,2,""
2020-04-04T00:00,23,35,82,46,2,5,116,75,2,""
2020-04-05T00:00,23,36,82,46,2,5,116,76,2,""
2020-04-07T00:00,24,36,84,47,2,5,117,79,2,""
2020-04-08T00:00,24,40,87,49,3,5,122,84,2,""
2020-04-09T00:00,27,44,90,54,6,5,129,95,2,""
2020-04-10T00:00,28,49,94,57,6,5,139,98,2,""
2020-04-11T00:00,30,51,101,59,8,6,147,105,3,""
2020-04-12T00:00,30,53,105,62,10,7,155,109,3,""
2020-04-13T00:00,31,53,107,63,10,8,157,111,4,""
2020-04-14T00:00,34,56,113,66,12,9,168,118,4,""
2020-04-15T00:00,40,63,117,70,12,11,180,128,5,""
2020-04-16T00:00,45,70,123,75,12,11,189,142,5,""
2020-04-17T00:00,48,76,135,84,14,12,210,154,5,""
2020-04-18T00:00,52,83,145,98,16,13,230,172,5,""
2020-04-19T00:00,54,92,154,102,17,15,242,185,7,""
2020-04-20T00:00,56,94,157,108,20,16,250,193,8,""
2020-04-21T00:00,60,103,164,109,20,17,254,210,9,""
2020-04-22T00:00,65,109,170,114,20,17,264,222,9,""
2020-04-23T00:00,68,124,179,129,21,19,281,248,11,""
2020-04-24T00:00,72,132,185,131,22,20,291,259,12,""
2020-04-25T00:00,76,147,193,138,23,24,307,282,12,""
2020-04-26T00:00,78,151,199,138,23,26,312,290,13,""
2020-04-27T00:00,84,159,213,143,23,28,323,312,15,""
2020-04-28T00:00,87,161,218,159,34,29,337,335,16,""
2020-04-29T00:00,94,164,224,175,40,29,351,359,16,""
2020-04-30T00:00,103,176,230,184,44,30,364,387,16,""
2020-05-01T00:00,105,181,236,192,45,31,369,404,17,""
2020-05-02T00:00,110,187,245,202,48,31,382,424,17,""
2020-05-03T00:00,112,191,249,214,50,32,394,436,18,""
2020-05-04T00:00,115,196,259,221,55,33,406,454,19,""
2020-05-05T00:00,116,198,265,223,56,33,412,460,19,""
2020-05-06T00:00,119,202,272,229,56,36,417,474,23,""
2020-05-07T00:00,121,203,273,232,60,39,422,483,23,""
2020-05-08T00:00,121,206,274,233,61,39,424,487,23,""
2020-05-09T00:00,125,207,274,236,63,40,427,494,24,""
2020-05-10T00:00,127,208,275,239,63,42,431,497,26,""
2020-05-11T00:00,128,209,278,243,63,45,437,500,29,""
2020-05-12T00:00,130,211,282,247,63,46,445,504,30,""
2020-05-13T00:00,131,212,283,248,63,46,446,507,30,""
2020-05-14T00:00,131,214,283,249,66,46,448,511,30,""
2020-05-15T00:00,134,217,283,250,66,49,452,514,33,""
2020-05-16T00:00,134,220,284,252,66,50,454,518,34,""
2020-05-17T00:00,134,222,286,254,67,51,457,522,35,""
2020-05-18T00:00,134,222,286,254,67,52,457,522,36,""
2020-05-19T00:00,134,222,287,256,67,52,458,524,36,""
2020-05-20T00:00,134,222,287,257,67,52,459,524,36,""
2020-05-21T00:00,135,222,290,258,67,52,461,527,36,""
2020-05-22T00:00,136,224,290,260,68,52,465,529,36,""
2020-05-23T00:00,136,226,291,262,69,55,467,534,38,""
2020-05-24T00:00,136,229,293,269,69,58,472,541,41,""
2020-05-25T00:00,136,230,294,270,69,58,474,542,41,""
2020-05-26T00:00,137,235,297,270,69,58,480,545,41,""
2020-05-27T00:00,138,235,297,270,69,62,483,545,43,""
2020-05-28T00:00,139,236,298,272,69,64,484,549,45,""
2020-05-29T00:00,139,236,299,272,69,66,484,551,46,""
2020-05-30T00:00,139,236,301,272,69,68,485,554,46,""
2020-05-31T00:00,139,237,301,276,69,69,487,558,46,""
2020-06-01T00:00,139,237,301,279,70,70,489,560,47,""
2020-06-02T00:00,139,237,302,280,70,71,490,561,48,""
2020-06-03T00:00,139,237,304,281,70,71,491,562,49,""
2020-06-04T00:00,139,237,305,283,70,71,493,563,49,""
2020-06-05T00:00,139,237,309,283,70,71,494,565,50,""
2020-06-06T00:00,139,237,311,285,71,74,497,567,53,""
2020-06-07T00:00,140,237,311,286,71,76,499,567,55,""
2020-06-08T00:00,140,237,312,287,71,78,500,569,56,""
2020-06-09T00:00,141,237,314,287,71,82,502,571,59,""
2020-06-10T00:00,141,237,316,288,71,84,504,572,61,""
2020-06-11T00:00,141,237,316,292,71,87,509,573,62,""
2020-06-12T00:00,141,237,318,297,71,90,515,576,63,""
2020-06-13T00:00,141,237,319,305,71,90,517,583,63,""
2020-06-14T00:00,141,239,321,307,71,91,520,587,63,""
2020-06-15T00:00,142,240,322,309,71,92,522,590,64,""
2020-06-16T00:00,142,240,322,311,71,92,522,592,64,""
2020-06-17T00:00,142,240,322,315,71,94,524,595,65,""
2020-06-18T00:00,142,240,325,317,71,94,526,598,65,""
2020-06-19T00:00,142,240,325,318,72,95,527,599,66,""
2020-06-20T00:00,142,240,326,320,72,95,528,601,66,""
2020-06-21T00:00,142,241,326,320,72,96,529,602,66,""
2020-06-22T00:00,142,241,326,321,72,97,530,602,67,""
2020-06-23T00:00,142,241,326,321,72,98,530,602,68,""
2020-06-24T00:00,142,241,328,325,72,102,534,605,71,""
2020-06-25T00:00,142,241,330,328,72,103,536,608,72,""
2020-06-26T00:00,142,241,332,331,72,103,540,609,72,""
2020-06-27T00:00,142,241,332,331,72,104,540,609,73,""
2020-06-28T00:00,143,241,333,343,72,107,543,620,76,""
2020-06-29T00:00,143,241,335,349,75,107,545,629,76,""
2020-06-30T00:00,143,242,338,356,77,107,546,641,76,""
2020-07-01T00:00,143,242,341,357,77,107,548,643,76,""
2020-07-02T00:00,145,244,342,360,77,107,554,645,76,""
2020-07-04T00:00,145,244,342,361,77,107,555,645,76,""
2020-07-05T00:00,145,244,342,361,77,108,555,645,77,""
2020-07-07T00:00,145,244,342,361,77,109,555,645,78,""
2020-07-08T00:00,145,245,343,361,77,111,555,648,79,""
2020-07-09T00:00,145,245,343,361,77,112,555,648,80,""
2020-07-10T00:00,145,245,347,361,77,114,557,649,83,""
2020-07-11T00:00,145,245,347,361,77,115,557,649,84,""
2020-07-12T00:00,146,245,349,361,77,116,560,649,85,""
2020-07-13T00:00,146,246,349,361,78,116,561,650,85,""
2020-07-14T00:00,147,247,351,361,79,119,565,654,85,""
2020-07-15T00:00,156,250,351,361,79,120,567,663,87,""
2020-07-16T00:00,158,252,351,362,79,121,570,665,88,""
2020-07-17T00:00,159,253,351,362,79,122,572,665,89,""
2020-07-18T00:00,161,258,351,365,79,125,580,667,92,""
2020-07-19T00:00,165,259,352,365,79,128,585,669,94,""
2020-07-20T00:00,165,260,352,365,79,130,586,670,95,""
2020-07-21T00:00,167,262,352,365,79,136,589,674,98,""
2020-07-22T00:00,170,264,352,365,79,137,594,674,99,""
2020-07-23T00:00,172,264,352,365,79,139,595,676,100,""
2020-07-24T00:00,175,267,352,365,79,139,598,679,100,""
2020-07-25T00:00,179,270,352,365,79,141,602,683,101,""
2020-07-26T00:00,180,272,352,365,79,143,605,684,102,""
2020-07-27T00:00,183,273,352,365,79,144,605,688,103,""
2020-07-28T00:00,185,273,352,365,79,145,605,691,103,""
2020-07-29T00:00,188,273,352,366,79,146,606,693,105,""
2020-07-30T00:00,194,274,353,366,79,147,607,701,105,""
2020-07-31T00:00,200,276,353,368,79,152,613,709,106,""
2020-08-01T00:00,204,277,358,368,79,160,617,717,112,""
2020-08-02T00:00,206,279,358,368,79,165,620,721,114,""
2020-08-03T00:00,213,281,361,368,79,176,622,735,121,""
2020-08-04T00:00,218,282,364,368,79,178,625,742,122,""
2020-08-05T00:00,224,285,365,368,79,182,630,748,125,""
2020-08-06T00:00,226,287,367,369,79,186,635,752,127,""
2020-08-07T00:00,227,291,370,369,79,192,642,754,132,""
2020-08-08T00:00,231,295,371,370,79,195,648,759,134,""
2020-08-09T00:00,234,298,372,370,79,199,656,761,135,""
2020-08-10T00:00,236,302,375,370,79,203,661,767,137,""
2020-08-11T00:00,244,304,376,370,79,206,666,774,139,""
2020-08-12T00:00,244,307,376,370,79,207,669,775,139,""
2020-08-13T00:00,247,308,378,370,79,211,672,778,143,""
2020-08-14T00:00,251,311,383,370,79,211,680,782,143,""
2020-08-15T00:00,254,315,385,373,79,213,687,787,145,""
2020-08-16T00:00,256,318,385,374,79,215,690,791,146,""
2020-08-17T00:00,257,319,385,374,79,218,691,792,149,""
2020-08-18T00:00,258,320,388,374,79,219,695,793,150,""
2020-08-19T00:00,261,322,390,374,79,220,700,795,151,""
2020-08-20T00:00,266,327,392,379,79,228,704,806,161,""
2020-08-21T00:00,271,329,394,379,80,228,710,809,162,""
2020-08-22T00:00,276,333,395,381,80,233,714,817,167,""
2020-08-23T00:00,280,336,397,382,80,237,720,821,171,""
2020-08-24T00:00,281,338,397,383,80,241,723,822,175,""
2020-08-25T00:00,283,338,400,383,80,243,724,826,177,""
2020-08-26T00:00,287,338,401,383,80,245,724,831,179,""
2020-08-27T00:00,294,340,401,384,80,245,726,839,179,""
2020-08-28T00:00,298,344,404,384,81,249,734,845,181,""
2020-08-29T00:00,302,346,405,384,81,251,737,849,183,""
2020-08-30T00:00,302,347,406,385,81,252,739,850,184,""
2020-08-31T00:00,304,350,406,385,81,255,742,852,187,""
2020-09-01T00:00,310,356,407,386,81,257,751,857,189,""
2020-09-02T00:00,313,357,408,386,81,258,755,858,190,""
2020-09-03T00:00,315,357,409,387,81,260,758,861,190,""
2020-09-04T00:00,317,359,409,387,81,261,760,864,190,""
2020-09-05T00:00,322,361,409,387,81,264,763,869,192,""
2020-09-06T00:00,323,364,409,387,81,264,766,870,192,""
2020-09-07T00:00,325,366,409,387,81,266,768,873,193,""
2020-09-08T00:00,330,369,409,387,81,269,773,877,195,""
2020-09-09T00:00,332,370,409,387,81,270,776,877,196,""
2020-09-10T00:00,337,374,411,387,81,270,781,883,196,""
2020-09-11T00:00,339,375,412,387,81,272,781,887,198,""
2020-09-12T00:00,341,378,412,387,81,274,783,890,200,""
2020-09-13T00:00,342,378,412,388,81,275,785,890,201,""
2020-09-14T00:00,345,378,413,388,81,279,785,893,206,""
2020-09-15T00:00,349,379,413,389,81,281,787,897,208,""
2020-09-16T00:00,351,382,414,389,81,286,792,899,212,""
2020-09-17T00:00,354,383,416,389,81,287,796,901,213,""
2020-09-18T00:00,362,385,416,389,81,294,802,906,219,""
2020-09-19T00:00,369,389,416,389,81,300,807,914,223,""
2020-09-20T00:00,377,392,417,390,81,303,817,919,224,""
2020-09-21T00:00,383,394,417,390,81,310,823,923,229,""
2020-09-22T00:00,386,396,418,390,81,313,827,928,229,""
2020-09-23T00:00,390,397,421,391,82,315,833,933,230,""
2020-09-24T00:00,394,399,422,391,82,319,837,939,231,""
2020-09-25T00:00,399,405,426,396,83,323,848,950,234,""
2020-09-26T00:00,402,407,426,396,83,325,852,952,235,""
2020-09-27T00:00,411,409,427,398,84,329,862,958,238,""
2020-09-28T00:00,417,413,430,398,84,333,869,965,241,""
2020-09-29T00:00,425,414,431,400,84,337,877,969,245,""
2020-09-30T00:00,433,416,432,401,85,340,884,976,247,""
2020-10-01T00:00,435,421,436,402,85,347,891,983,252,""
2020-10-02T00:00,443,423,439,403,85,348,900,988,253,""
2020-10-03T00:00,454,425,440,404,85,351,906,998,255,""
2020-10-04T00:00,468,428,441,404,85,355,916,1006,259,""
2020-10-05T00:00,487,432,443,405,85,365,926,1027,264,""
2020-10-06T00:00,492,433,445,405,86,368,931,1032,266,""
2020-10-07T00:00,512,438,449,406,86,376,948,1047,272,""
2020-10-08T00:00,526,442,450,409,86,383,954,1063,279,""
2020-10-09T00:00,533,446,454,412,86,392,966,1073,284,""
2020-10-10T00:00,546,450,456,412,86,397,980,1080,287,""
2020-10-11T00:00,559,460,458,412,86,403,995,1092,291,""
2020-10-12T00:00,565,463,460,413,86,403,999,1097,294,""
2020-10-13T00:00,569,464,462,415,86,414,1003,1103,304,""
2020-10-14T00:00,577,465,465,415,86,422,1011,1109,310,""
2020-10-15T00:00,587,475,469,415,87,427,1030,1118,312,""
2020-10-16T00:00,603,477,473,418,87,433,1045,1130,316,""
2020-10-17T00:00,616,483,474,419,87,439,1055,1142,321,""
2020-10-18T00:00,626,489,475,419,87,446,1065,1152,325,""
2020-10-19T00:00,630,491,477,423,87,451,1071,1158,330,""
2020-10-20T00:00,641,499,479,426,89,456,1079,1176,335,""
2020-10-21T00:00,652,502,481,428,89,460,1096,1178,338,""
2020-10-22T00:00,671,507,488,429,91,466,1112,1195,345,""
2020-10-23T00:00,691,516,494,430,91,481,1129,1217,357,""
2020-10-24T00:00,706,532,503,434,91,497,1147,1241,375,""
2020-10-25T00:00,724,541,506,434,92,507,1162,1257,385,""
2020-10-26T00:00,744,553,510,435,92,520,1179,1278,397,""
2020-10-27T00:00,755,561,511,436,92,526,1188,1291,402,""
2020-10-28T00:00,777,574,518,437,92,535,1211,1311,411,""
2020-10-29T00:00,796,591,524,438,93,544,1234,1334,418,""
2020-10-30T00:00,822,605,536,440,93,559,1270,1352,433,""
2020-10-31T00:00,848,634,551,441,95,567,1315,1379,442,""
2020-11-01T00:00,875,650,566,441,95,578,1345,1410,450,""
2020-11-02T00:00,898,685,578,444,95,601,1384,1443,474,""
2020-11-03T00:00,920,700,591,447,95,619,1414,1468,490,""
2020-11-04T00:00,941,717,604,451,96,638,1447,1490,510,""
2020-11-05T00:00,971,757,624,455,96,663,1499,1534,533,""
2020-11-06T00:00,999,787,653,466,98,678,1556,1580,545,""
2020-11-07T00:00,1040,844,693,491,100,700,1631,1671,566,""
2020-11-08T00:00,1081,886,713,517,107,717,1701,1740,580,""
2020-11-09T00:00,1166,947,741,525,108,734,1797,1817,607,""
2020-11-10T00:00,1197,984,770,558,127,751,1858,1905,624,""
2020-11-11T00:00,1244,1044,812,573,129,782,1948,1987,649,""
2020-11-12T00:00,1302,1127,859,595,133,804,2055,2097,668,""
2020-11-13T00:00,1371,1191,905,617,144,827,2165,2201,689,""
2020-11-14T00:00,1431,1267,947,639,147,854,2278,2294,713,""
2020-11-15T00:00,1483,1325,981,675,154,876,2369,2391,734,""
2020-11-16T00:00,1538,1375,1005,691,163,911,2452,2465,766,""
2020-11-17T00:00,1598,1428,1044,717,166,927,2549,2547,784,""
2020-11-18T00:00,1661,1504,1086,736,168,958,2660,2638,815,""
2020-11-19T00:00,1727,1569,1141,776,179,988,2778,2758,844,""
2020-11-20T00:00,1787,1643,1208,832,188,1026,2908,2898,878,""
2020-11-21T00:00,1841,1697,1258,868,198,1056,3006,3009,903,""
2020-11-22T00:00,1894,1755,1306,902,204,1102,3122,3109,932,""
2020-11-23T00:00,1954,1796,1359,920,209,1130,3213,3201,954,""
2020-11-24T00:00,2024,1846,1395,952,216,1151,3316,3305,963,""
2020-11-25T00:00,2067,1878,1427,977,224,1192,3407,3385,973,""
2020-11-26T00:00,2126,1932,1490,1026,231,1216,3532,3495,994,""
2020-11-27T00:00,2173,2001,1539,1074,242,1244,3648,3607,1018,""
2020-11-28T00:00,2222,2062,1595,1122,257,1267,3743,3746,1036,""
2020-11-29T00:00,2264,2110,1635,1158,265,1285,3820,3842,1055,""
2020-11-30T00:00,2290,2148,1658,1193,283,1296,3875,3925,1068,""
2020-12-01T00:00,2343,2200,1693,1226,291,1321,3959,4024,1091,""
2020-12-02T00:00,2378,2236,1717,1259,293,1365,4031,4091,1126,""
2020-12-03T00:00,2423,2284,1750,1305,301,1391,4115,4191,1148,""
2020-12-04T00:00,2458,2327,1794,1350,312,1425,4201,4288,1177,""
2020-12-05T00:00,2500,2369,1827,1379,319,1455,4277,4372,1200,""
2020-12-06T00:00,2545,2405,1858,1420,328,1480,4359,4457,1220,""
2020-12-07T00:00,2573,2432,1883,1444,330,1498,4415,4510,1235,""
2020-12-08T00:00,2615,2467,1925,1475,340,1542,4491,4607,1266,""
2020-12-09T00:00,2670,2509,1971,1498,347,1566,4570,4696,1295,""
2020-12-10T00:00,2723,2558,2015,1539,363,1604,4668,4803,1331,""
2020-12-11T00:00,2764,2597,2054,1570,371,1623,4757,4873,1349,""
2020-12-12T00:00,2795,2639,2087,1611,379,1656,4829,4960,1378,""
2020-12-13T00:00,2830,2676,2122,1628,384,1691,4893,5030,1408,""
2020-12-14T00:00,2859,2715,2145,1639,390,1708,4949,5082,1425,""
2020-12-15T00:00,2879,2737,2161,1659,403,1721,4983,5139,1438,""
2020-12-16T00:00,2892,2759,2179,1678,404,1734,5020,5181,1445,""
2020-12-17T00:00,2918,2788,2195,1706,419,1759,5078,5243,1464,""
2020-12-18T00:00,2947,2807,2212,1736,434,1790,5130,5303,1493,""
2020-12-19T00:00,2968,2838,2233,1754,439,1826,5174,5359,1525,""
2020-12-20T00:00,2983,2866,2254,1785,449,1856,5224,5412,1557,""
2020-12-21T00:00,2999,2898,2275,1800,454,1877,5268,5460,1575,""
2020-12-22T00:00,3012,2919,2292,1812,455,1887,5297,5496,1584,""
2020-12-23T00:00,3030,2948,2313,1831,461,1908,5337,5551,1603,""
2020-12-24T00:00,3052,2966,2334,1858,473,1931,5377,5617,1620,""
2020-12-25T00:00,3066,2989,2351,1875,475,1955,5408,5664,1639,""
2020-12-26T00:00,3082,3021,2372,1896,482,2019,5459,5715,1698,""
2020-12-27T00:00,3092,3043,2389,1912,488,2033,5491,5752,1714,""
2020-12-28T00:00,3107,3061,2407,1927,499,2050,5517,5804,1730,""
2020-12-29T00:00,3121,3085,2420,1932,501,2079,5540,5839,1759,""
2020-12-30T00:00,3140,3113,2444,1941,502,2131,5575,5889,1807,""
2020-12-31T00:00,3162,3137,2478,1975,509,2177,5629,5959,1850,""
2021-01-01T00:00,3194,3159,2489,1990,513,2191,5671,6003,1862,""
2021-01-02T00:00,3217,3183,2499,1993,515,2206,5708,6031,1874,""
2021-01-03T00:00,3229,3201,2509,1997,516,2229,5734,6056,1891,""
2021-01-04T00:00,3251,3223,2522,2011,523,2244,5766,6099,1909,""
2021-01-05T00:00,3265,3247,2533,2021,523,2264,5800,6127,1926,""
2021-01-06T00:00,3289,3278,2555,2030,524,2292,5843,6173,1952,""
2021-01-07T00:00,3327,3319,2577,2053,532,2321,5891,6256,1982,""
2021-01-08T00:00,3369,3360,2603,2080,543,2355,5968,6332,2010,""
2021-01-09T00:00,3412,3407,2638,2117,550,2401,6048,6425,2052,""
2021-01-10T00:00,3467,3455,2666,2130,555,2440,6133,6489,2091,""
2021-01-11T00:00,3492,3488,2694,2151,562,2461,6187,6551,2110,""
2021-01-12T00:00,3528,3525,2718,2163,566,2493,6253,6599,2141,""
2021-01-13T00:00,3554,3548,2743,2176,568,2513,6304,6643,2155,""
2021-01-14T00:00,3592,3585,2794,2202,574,2549,6388,6720,2188,""
2021-01-15T00:00,3637,3633,2833,2233,580,2582,6478,6804,2216,""
2021-01-16T00:00,3669,3666,2876,2270,594,2615,6562,6889,2239,""
2021-01-17T00:00,3692,3700,2896,2278,602,2646,6613,6932,2269,""
2021-01-18T00:00,3726,3730,2920,2291,604,2668,6668,6982,2289,""
2021-01-19T00:00,3743,3753,2934,2303,608,2690,6708,7013,2310,""
2021-01-20T00:00,3777,3787,2973,2337,609,2712,6771,7092,2332,""
2021-01-21T00:00,3811,3819,2993,2354,610,2738,6836,7131,2358,""
2021-01-22T00:00,3829,3839,3018,2375,611,2764,6879,7177,2380,""
2021-01-23T00:00,3862,3870,3044,2398,615,2785,6931,7246,2397,""
2021-01-24T00:00,3887,3893,3060,2410,616,2802,6973,7284,2411,""
2021-01-25T00:00,3908,3914,3075,2421,617,2821,7012,7318,2426,""
2021-01-26T00:00,3931,3944,3093,2428,622,2844,7056,7357,2449,""
2021-01-27T00:00,3958,3980,3115,2446,627,2883,7117,7411,2481,""
2021-01-28T00:00,3982,3997,3130,2458,631,2926,7157,7442,2525,""
2021-01-29T00:00,4025,4024,3147,2465,633,2941,7213,7482,2540,""
2021-01-30T00:00,4063,4047,3170,2471,637,2953,7277,7515,2549,""
2021-01-31T00:00,4085,4072,3193,2477,644,2974,7326,7551,2568,""
2021-02-01T00:00,4113,4095,3199,2483,645,2986,7364,7579,2578,""
2021-02-02T00:00,4133,4120,3218,2501,657,2997,7411,7629,2586,""
2021-02-03T00:00,4155,4143,3238,2507,657,3020,7448,7667,2605,""
2021-02-04T00:00,4188,4175,3261,2515,659,3042,7506,7707,2627,""
2021-02-05T00:00,4204,4204,3283,2526,660,3056,7540,7755,2638,""
2021-02-06T00:00,4225,4222,3299,2528,662,3075,7561,7793,2657,""
2021-02-07T00:00,4239,4242,3314,2533,663,3089,7594,7816,2670,""
2021-02-08T00:00,4253,4255,3329,2535,664,3094,7616,7840,2674,""
2021-02-09T00:00,4260,4266,3336,2539,665,3105,7633,7853,2685,""
2021-02-10T00:00,4269,4286,3350,2549,666,3115,7659,7882,2694,""
2021-02-11T00:00,4283,4316,3377,2562,667,3122,7703,7923,2701,""
2021-02-12T00:00,4305,4328,3393,2574,670,3132,7738,7956,2708,""
2021-02-13T00:00,4312,4332,3403,2580,670,3144,7758,7965,2718,""
2021-02-14T00:00,4320,4348,3411,2592,670,3152,7781,7986,2726,""
2021-02-15T00:00,4325,4360,3421,2597,670,3161,7799,8001,2734,""
2021-02-16T00:00,4338,4370,3433,2602,670,3165,7826,8014,2738,""
2021-02-17T00:00,4352,4384,3445,2609,672,3180,7859,8032,2751,""
2021-02-18T00:00,4359,4390,3450,2617,673,3185,7870,8049,2755,""
2021-02-19T00:00,4370,4401,3458,2621,675,3192,7889,8067,2761,""
2021-02-20T00:00,4378,4406,3465,2628,676,3198,7904,8081,2766,""
2021-02-21T00:00,4387,4412,3476,2640,677,3222,7922,8107,2785,""
2021-02-22T00:00,4392,4419,3480,2641,677,3226,7930,8116,2789,""
2021-02-23T00:00,4411,4442,3486,2644,677,3241,7961,8137,2803,""
2021-02-24T00:00,4417,4450,3499,2647,679,3252,7977,8156,2811,""
2021-02-25T00:00,4425,4457,3505,2652,680,3268,7992,8167,2828,""
2021-02-26T00:00,4433,4463,3509,2662,681,3275,8004,8183,2836,""
2021-02-27T00:00,4444,4473,3514,2666,683,3286,8022,8199,2845,""
2021-02-28T00:00,4447,4479,3519,2673,684,3291,8033,8210,2850,""
2021-03-01T00:00,4453,4488,3523,2675,684,3299,8043,8223,2856,""
2021-03-02T00:00,4460,4499,3524,2679,687,3302,8055,8237,2859,""
2021-03-03T00:00,4470,4512,3533,2692,689,3315,8078,8262,2871,""
2021-03-04T00:00,4481,4528,3549,2696,691,3332,8096,8295,2886,""
2021-03-05T00:00,4496,4545,3559,2707,692,3342,8122,8324,2895,""
2021-03-06T00:00,4514,4554,3560,2714,695,3351,8142,8341,2905,""
2021-03-07T00:00,4545,4571,3570,2726,697,3363,8165,8389,2918,""
2021-03-08T00:00,4554,4579,3580,2742,701,3379,8185,8420,2930,""
2021-03-09T00:00,4564,4584,3589,2763,703,3395,8203,8448,2947,""
2021-03-10T00:00,4575,4600,3596,2769,704,3419,8227,8470,2966,""
2021-03-11T00:00,4591,4614,3603,2779,710,3437,8255,8496,2983,""
2021-03-12T00:00,4600,4625,3612,2790,716,3444,8270,8528,2989,""
2021-03-13T00:00,4613,4642,3622,2798,716,3454,8297,8551,2997,""
2021-03-14T00:00,4622,4652,3628,2807,716,3465,8315,8569,3006,""
2021-03-15T00:00,4638,4659,3637,2812,717,3481,8335,8588,3021,""
2021-03-16T00:00,4656,4670,3648,2822,719,3498,8362,8615,3036,""
2021-03-17T00:00,4682,4683,3659,2830,720,3512,8400,8635,3051,""
2021-03-18T00:00,4727,4699,3668,2839,721,3528,8449,8670,3063,""
2021-03-19T00:00,4761,4706,3674,2854,721,3544,8489,8692,3079,""
2021-03-20T00:00,4781,4713,3678,2859,721,3559,8514,8706,3091,""
2021-03-21T00:00,4791,4729,3688,2872,723,3568,8536,8735,3100,""
2021-03-22T00:00,4808,4737,3693,2884,723,3576,8563,8751,3107,""
2021-03-23T00:00,4821,4743,3702,2888,723,3586,8585,8763,3115,""
2021-03-24T00:00,4835,4761,3714,2903,726,3605,8614,8800,3130,""
2021-03-25T00:00,4849,4772,3728,2917,728,3617,8651,8817,3143,""
2021-03-26T00:00,4866,4782,3742,2930,728,3632,8678,8844,3158,""
2021-03-27T00:00,4877,4801,3752,2940,729,3643,8703,8871,3168,""
2021-03-28T00:00,4890,4819,3768,2955,730,3654,8737,8902,3177,""
2021-03-29T00:00,4900,4826,3775,2964,731,3666,8757,8916,3189,""
2021-03-30T00:00,4905,4839,3786,2970,732,3686,8778,8941,3199,""
2021-03-31T00:00,4913,4860,3802,2982,733,3704,8803,8976,3215,""
2021-04-01T00:00,4917,4871,3816,2993,733,3721,8817,9003,3231,""
2021-04-02T00:00,4929,4886,3822,3001,734,3736,8841,9023,3244,""
2021-04-03T00:00,4943,4900,3840,3009,735,3747,8874,9048,3252,""
2021-04-04T00:00,4950,4910,3849,3021,735,3762,8892,9072,3263,""
2021-04-05T00:00,4960,4924,3864,3035,737,3778,8918,9103,3277,""
2021-04-06T00:00,4966,4941,3875,3046,739,3794,8939,9129,3293,""
2021-04-07T00:00,4976,4958,3890,3056,743,3810,8967,9158,3308,""
2021-04-08T00:00,4992,4975,3905,3065,744,3831,9000,9190,3322,""
2021-04-09T00:00,5012,4993,3915,3078,745,3852,9035,9218,3342,""
2021-04-10T00:00,5029,5019,3941,3101,751,3870,9083,9272,3356,""
2021-04-11T00:00,5044,5033,3960,3104,751,3888,9113,9299,3368,""
2021-04-12T00:00,5054,5047,3976,3112,754,3895,9141,9322,3375,""
2021-04-13T00:00,5060,5056,3986,3128,756,3912,9164,9343,3391,""
2021-04-14T00:00,5067,5079,4008,3142,757,3922,9205,9369,3401,""
2021-04-15T00:00,5086,5103,4025,3166,759,3937,9250,9409,3417,""
2021-04-16T00:00,5106,5129,4044,3182,762,3951,9296,9447,3431,""
2021-04-17T00:00,5122,5158,4070,3204,764,3965,9353,9485,3445,""
2021-04-18T00:00,5136,5182,4099,3220,764,3980,9398,9526,3457,""
2021-04-19T00:00,5150,5195,4117,3232,767,3998,9427,9557,3475,""
2021-04-20T00:00,5162,5235,4134,3243,770,4021,9471,9598,3496,""
2021-04-21T00:00,5192,5271,4155,3258,771,4042,9520,9652,3517,""
2021-04-22T00:00,5211,5328,4177,3276,773,4077,9574,9719,3549,""
2021-04-23T00:00,5245,5372,4210,3288,774,4111,9632,9791,3577,""
2021-04-24T00:00,5286,5411,4238,3305,778,4142,9694,9859,3607,""
2021-04-25T00:00,5307,5441,4259,3312,780,4171,9729,9906,3635,""
2021-04-26T00:00,5336,5465,4287,3323,782,4216,9772,9965,3672,""
2021-04-27T00:00,5371,5489,4308,3333,784,4245,9822,10009,3699,""
2021-04-28T00:00,5423,5565,4337,3342,785,4297,9914,10087,3748,""
2021-04-29T00:00,5472,5632,4374,3360,787,4358,10014,10167,3802,""
2021-04-30T00:00,5508,5692,4400,3387,787,4396,10089,10241,3840,""
2021-05-01T00:00,5552,5739,4429,3397,791,4442,10175,10292,3883,""
2021-05-02T00:00,5618,5826,4482,3446,799,4505,10308,10427,3941,""
2021-05-03T00:00,5651,5856,4505,3455,800,4523,10370,10462,3958,""
2021-05-04T00:00,5715,5915,4543,3482,814,4554,10468,10568,3987,""
2021-05-05T00:00,5755,5968,4583,3497,815,4586,10558,10629,4017,""
2021-05-06T00:00,5831,6059,4654,3526,819,4635,10705,10754,4065,""
2021-05-07T00:00,5887,6119,4702,3547,824,4693,10814,10841,4117,""
2021-05-08T00:00,5995,6213,4778,3590,840,4759,11004,10998,4173,""
2021-05-09T00:00,6180,6330,4852,3620,852,4847,11238,11180,4263,""
2021-05-10T00:00,6308,6424,4922,3647,858,4931,11427,11325,4338,""
2021-05-11T00:00,6454,6522,4993,3681,863,4998,11620,11489,4402,""
2021-05-12T00:00,6607,6649,5083,3724,868,5109,11824,11721,4495,""
2021-05-13T00:00,6836,6841,5194,3785,881,5215,12140,12008,4604,""
2021-05-14T00:00,7036,6974,5291,3826,886,5332,12397,12237,4711,""
2021-05-15T00:00,7226,7114,5382,3873,895,5421,12656,12464,4791,""
2021-05-16T00:00,7376,7227,5465,3917,902,5515,12846,12661,4895,""
2021-05-17T00:00,7486,7327,5517,3951,906,5587,13013,12805,4956,""
2021-05-18T00:00,7638,7462,5629,3992,911,5674,13226,13038,5042,""
2021-05-19T00:00,7792,7614,5748,4042,917,5797,13460,13280,5170,""
2021-05-20T00:00,7957,7785,5862,4103,929,5955,13742,13522,5327,""
2021-05-21T00:00,8135,7951,5996,4165,941,6130,14022,13797,5499,""
2021-05-22T00:00,8316,8098,6107,4234,951,6270,14283,14064,5629,""
2021-05-23T00:00,8467,8232,6212,4298,972,6400,14542,14278,5761,""
2021-05-24T00:00,8551,8295,6268,4352,982,6499,14672,14421,5854,""
2021-05-25T00:00,8684,8409,6347,4400,986,6580,14871,14600,5935,""
2021-05-26T00:00,8801,8547,6461,4455,999,6694,15090,14823,6044,""
2021-05-27T00:00,8944,8702,6558,4527,1014,6782,15340,15061,6126,""
2021-05-28T00:00,9011,8804,6647,4592,1037,6859,15510,15237,6203,""
2021-05-29T00:00,9105,8910,6731,4660,1054,6932,15696,15423,6273,""
2021-05-30T00:00,9158,8973,6795,4710,1063,6981,15802,15557,6321,""
2021-05-31T00:00,9225,9052,6850,4735,1073,7024,15922,15675,6362,""
2021-06-01T00:00,9274,9108,6910,4766,1080,7075,16029,15769,6415,""
2021-06-02T00:00,9343,9202,6963,4816,1082,7124,16158,15908,6464,""
2021-06-03T00:00,9411,9282,7012,4862,1091,7172,16272,16050,6508,""
2021-06-04T00:00,9445,9328,7056,4900,1093,7211,16343,16142,6548,""
2021-06-05T00:00,9496,9378,7104,4958,1111,7262,16432,16279,6598,""
2021-06-06T00:00,9537,9413,7152,4983,1113,7294,16518,16348,6626,""
2021-06-07T00:00,9570,9447,7182,5003,1118,7319,16566,16421,6652,""
2021-06-08T00:00,9593,9480,7205,5014,1122,7345,16606,16475,6678,""
2021-06-09T00:00,9627,9518,7243,5043,1130,7377,16674,16557,6707,""
2021-06-10T00:00,9661,9556,7284,5074,1144,7401,16742,16644,6734,""
2021-06-11T00:00,9688,9586,7309,5103,1147,7432,16798,16700,6767,""
2021-06-12T00:00,9716,9612,7335,5117,1150,7460,16853,16746,6791,""
2021-06-13T00:00,9729,9634,7360,5126,1150,7473,16883,16785,6804,""
2021-06-14T00:00,9747,9651,7375,5137,1152,7484,16909,16822,6815,""
2021-06-15T00:00,9761,9672,7389,5147,1157,7507,16940,16856,6837,""
2021-06-16T00:00,9778,9701,7404,5157,1158,7523,16987,16887,6847,""
2021-06-17T00:00,9789,9716,7422,5163,1161,7543,17018,16914,6862,""
2021-06-18T00:00,9805,9736,7429,5182,1166,7552,17055,16946,6869,""
2021-06-19T00:00,9817,9756,7443,5195,1167,7565,17083,16979,6881,""
2021-06-20T00:00,9828,9769,7457,5200,1170,7571,17108,17000,6887,""
2021-06-21T00:00,9839,9774,7466,5206,1170,7577,17124,17015,6893,""
2021-06-22T00:00,9846,9776,7475,5207,1170,7587,17136,17023,6902,""
2021-06-23T00:00,9862,9789,7483,5211,1171,7594,17157,17046,6907,""
2021-06-24T00:00,9870,9795,7490,5214,1172,7595,17172,17056,6908,""
2021-06-25T00:00,9878,9800,7496,5220,1173,7602,17189,17065,6915,""
2021-06-26T00:00,9895,9812,7502,5223,1173,7611,17207,17085,6924,""
2021-06-27T00:00,9907,9819,7506,5226,1173,7613,17223,17095,6926,""
2021-06-28T00:00,9921,9822,7509,5228,1173,7618,17236,17104,6931,""
2021-06-29T00:00,9932,9827,7510,5230,1174,7621,17246,17114,6934,""
2021-06-30T00:00,9941,9840,7513,5235,1175,7628,17262,17130,6940,""
2021-07-01T00:00,9957,9852,7516,5236,1177,7633,17279,17148,6944,""
2021-07-02T00:00,9964,9859,7521,5236,1177,7640,17291,17155,6951,""
2021-07-03T00:00,9974,9864,7526,5241,1177,7645,17305,17166,6956,""
2021-07-04T00:00,9989,9876,7531,5245,1178,7647,17327,17181,6958,""
2021-07-05T00:00,9998,9886,7535,5246,1178,7652,17340,17192,6963,""
2021-07-06T00:00,10007,9897,7541,5247,1179,7658,17359,17201,6969,""
2021-07-07T00:00,10027,9917,7554,5249,1179,7670,17394,17221,6981,""
2021-07-08T00:00,10043,9934,7565,5252,1179,7685,17428,17235,6995,""
2021-07-09T00:00,10055,9946,7579,5255,1179,7694,17450,17256,7002,""
2021-07-10T00:00,10081,9960,7591,5258,1179,7703,17484,17278,7010,""
2021-07-11T00:00,10101,9967,7604,5259,1179,7718,17509,17293,7026,""
2021-07-12T00:00,10116,9978,7613,5262,1179,7727,17534,17306,7035,""
2021-07-13T00:00,10136,9994,7620,5263,1179,7743,17557,17327,7051,""
2021-07-14T00:00,10162,10014,7630,5265,1179,7760,17598,17344,7068,""
2021-07-15T00:00,10186,10032,7642,5266,1179,7790,17619,17379,7097,""
2021-07-16T00:00,10207,10050,7658,5267,1180,7806,17654,17403,7111,""
2021-07-17T00:00,10241,10085,7667,5274,1180,7832,17697,17447,7135,""
2021-07-18T00:00,10272,10120,7683,5278,1180,7853,17735,17495,7156,""
2021-07-19T00:00,10302,10134,7696,5280,1180,7864,17773,17517,7166,""
2021-07-20T00:00,10339,10167,7707,5283,1180,7884,17808,17567,7185,""
2021-07-21T00:00,10383,10202,7715,5287,1180,7911,17868,17603,7207,""
2021-07-22T00:00,10433,10242,7737,5290,1180,7936,17942,17647,7229,""
2021-07-23T00:00,10458,10265,7748,5290,1180,7956,17973,17675,7249,""
2021-07-24T00:00,10510,10295,7766,5290,1180,7974,18026,17722,7267,""
2021-07-25T00:00,10544,10331,7780,5291,1180,8002,18081,17754,7293,""
2021-07-26T00:00,10586,10366,7806,5293,1180,8034,18144,17796,7325,""
2021-07-27T00:00,10631,10401,7825,5296,1181,8069,18209,17843,7351,""
2021-07-28T00:00,10729,10453,7859,5300,1181,8108,18333,17910,7387,""
2021-07-29T00:00,10841,10528,7888,5301,1181,8151,18463,17998,7429,""
2021-07-30T00:00,10952,10595,7918,5302,1181,8192,18600,18075,7465,""
2021-07-31T00:00,11086,10664,7945,5306,1181,8242,18745,18165,7514,""
2021-08-01T00:00,11195,10738,7978,5312,1181,8287,18860,18275,7556,""
2021-08-02T00:00,11272,10802,8006,5315,1181,8332,18938,18367,7603,""
2021-08-03T00:00,11340,10861,8035,5321,1181,8381,19035,18436,7648,""
2021-08-04T00:00,11461,10961,8086,5323,1181,8473,19206,18544,7735,""
2021-08-05T00:00,11597,11061,8134,5329,1182,8524,19374,18669,7784,""
2021-08-06T00:00,11698,11146,8185,5337,1182,8562,19524,18769,7817,""
2021-08-07T00:00,11839,11242,8232,5344,1183,8617,19681,18909,7867,""
2021-08-08T00:00,11958,11325,8282,5348,1183,8669,19834,19013,7918,""
2021-08-09T00:00,12070,11400,8324,5359,1186,8736,19968,19125,7982,""
2021-08-10T00:00,12208,11488,8362,5367,1186,8811,20135,19231,8056,""
2021-08-11T00:00,12330,11577,8416,5376,1187,8887,20299,19358,8116,""
2021-08-12T00:00,12521,11702,8484,5383,1188,8975,20520,19537,8196,""
2021-08-13T00:00,12686,11833,8544,5390,1188,9066,20732,19695,8280,""
2021-08-14T00:00,12854,11981,8596,5403,1189,9163,20932,19886,8368,""
2021-08-15T00:00,12982,12092,8643,5411,1189,9235,21103,20013,8436,""
2021-08-16T00:00,13119,12186,8674,5429,1191,9310,21248,20151,8510,""
2021-08-17T00:00,13279,12293,8714,5438,1193,9402,21431,20297,8591,""
2021-08-18T00:00,13506,12451,8793,5448,1194,9522,21712,20507,8695,""
2021-08-19T00:00,13730,12599,8860,5461,1198,9641,21976,20709,8804,""
2021-08-20T00:00,13918,12738,8929,5485,1200,9742,22210,20901,8901,""
2021-08-21T00:00,14125,12925,8995,5496,1201,9849,22485,21109,8997,""
2021-08-22T00:00,14304,13083,9074,5508,1202,9949,22717,21320,9083,""
2021-08-23T00:00,14450,13205,9129,5515,1203,10038,22891,21477,9172,""
2021-08-24T00:00,14606,13322,9186,5525,1203,10124,23089,21631,9246,""
2021-08-25T00:00,14799,13475,9257,5537,1204,10262,23347,21811,9376,""
2021-08-26T00:00,14949,13622,9325,5548,1204,10390,23542,22008,9488,""
2021-08-27T00:00,15090,13728,9375,5555,1205,10467,23709,22148,9563,""
2021-08-28T00:00,15242,13856,9434,5567,1205,10573,23904,22310,9663,""
2021-08-29T00:00,15353,13972,9482,5584,1205,10640,24063,22448,9725,""
2021-08-30T00:00,15445,14043,9514,5589,1205,10706,24170,22541,9791,""
2021-08-31T00:00,15540,14128,9554,5597,1206,10782,24302,22644,9861,""
2021-09-01T00:00,15633,14244,9604,5605,1210,10862,24447,22771,9940,""
2021-09-02T00:00,15730,14333,9655,5611,1212,10931,24585,22878,10009,""
2021-09-03T00:00,15804,14421,9686,5617,1214,10981,24694,22973,10056,""
2021-09-04T00:00,15871,14488,9712,5630,1215,11031,24783,23061,10103,""
2021-09-05T00:00,15939,14544,9733,5641,1217,11091,24871,23137,10157,""
2021-09-06T00:00,15979,14580,9745,5642,1217,11125,24914,23184,10190,""
2021-09-07T00:00,16022,14614,9758,5643,1217,11171,24967,23230,10228,""
2021-09-08T00:00,16085,14656,9784,5648,1218,11214,25039,23297,10269,""
2021-09-09T00:00,16124,14701,9806,5652,1218,11248,25108,23342,10299,""
2021-09-10T00:00,16157,14739,9819,5655,1218,11278,25156,23388,10322,""
2021-09-11T00:00,16209,14783,9836,5662,1219,11313,25220,23446,10356,""
2021-09-12T00:00,16246,14818,9847,5669,1220,11338,25270,23493,10375,""
2021-09-13T00:00,16259,14835,9850,5672,1220,11357,25293,23507,10393,""
2021-09-14T00:00,16277,14858,9861,5675,1222,11391,25330,23532,10422,""
2021-09-15T00:00,16311,14881,9872,5678,1222,11430,25374,23562,10458,""
2021-09-16T00:00,16334,14908,9887,5681,1223,11455,25408,23600,10480,""
2021-09-17T00:00,16361,14930,9898,5682,1223,11478,25448,23624,10500,""
2021-09-18T00:00,16387,14940,9910,5684,1224,11504,25478,23650,10521,""
2021-09-19T00:00,16409,14964,9919,5688,1224,11520,25516,23672,10536,""
2021-09-20T00:00,16433,14980,9924,5690,1224,11523,25540,23694,10540,""
2021-09-21T00:00,16444,14993,9929,5690,1224,11530,25555,23712,10543,""
2021-09-22T00:00,16462,15014,9937,5690,1224,11539,25575,23741,10550,""
2021-09-23T00:00,16490,15037,9950,5693,1224,11548,25614,23772,10556,""
2021-09-24T00:00,16510,15058,9957,5694,1224,11562,25636,23804,10565,""
2021-09-25T00:00,16532,15076,9966,5695,1224,11575,25662,23829,10577,""
2021-09-26T00:00,16552,15094,9974,5696,1224,11582,25690,23848,10584,""
2021-09-27T00:00,16558,15101,9976,5697,1224,11585,25702,23853,10586,""
2021-09-28T00:00,16567,15110,9977,5697,1224,11592,25710,23864,10593,""
2021-09-29T00:00,16576,15121,9982,5705,1224,11604,25727,23882,10603,""
2021-09-30T00:00,16587,15126,9984,5706,1224,11611,25738,23891,10609,""
2021-10-01T00:00,16594,15134,9992,5711,1224,11615,25750,23907,10613,""
2021-10-02T00:00,16604,15140,9998,5711,1224,11618,25762,23918,10615,""
2021-10-03T00:00,16607,15140,10001,5711,1224,11621,25765,23921,10618,""
2021-10-04T00:00,16607,15141,10003,5712,1224,11622,25765,23925,10619,""
2021-10-05T00:00,16612,15145,10005,5713,1224,11630,25774,23928,10627,""
2021-10-06T00:00,16618,15148,10007,5715,1224,11633,25779,23936,10630,""
2021-10-07T00:00,16626,15151,10009,5716,1224,11633,25786,23943,10630,""
2021-10-08T00:00,16633,15156,10012,5718,1224,11637,25795,23951,10634,""
2021-10-09T00:00,16642,15161,10015,5718,1224,11644,25803,23960,10641,""
2021-10-10T00:00,16645,15170,10019,5718,1224,11645,25816,23963,10642,""
2021-10-11T00:00,16654,15173,10019,5719,1224,11648,25822,23970,10645,""
2021-10-12T00:00,16661,15177,10020,5719,1224,11652,25827,23977,10649,""
2021-10-13T00:00,16669,15181,10021,5720,1225,11658,25834,23985,10655,""
2021-10-14T00:00,16680,15190,10028,5724,1229,11668,25849,24005,10665,""
2021-10-15T00:00,16686,15200,10029,5725,1229,11677,25855,24017,10674,""
2021-10-16T00:00,16692,15206,10030,5730,1229,11683,25868,24022,10680,""
2021-10-17T00:00,16696,15213,10031,5738,1236,11694,25879,24038,10691,""
2021-10-18T00:00,16698,15216,10032,5741,1237,11695,25884,24043,10692,""
2021-10-19T00:00,16700,15222,10033,5741,1237,11698,25888,24048,10695,""
2021-10-20T00:00,16702,15225,10034,5746,1239,11699,25895,24055,10695,""
2021-10-21T00:00,16704,15227,10036,5747,1239,11703,25902,24055,10699,""
2021-10-22T00:00,16707,15232,10038,5748,1239,11707,25907,24061,10703,""
2021-10-23T00:00,16707,15234,10040,5748,1239,11708,25909,24063,10704,""
2021-10-24T00:00,16710,15236,10041,5752,1239,11716,25910,24072,10712,""
2021-10-25T00:00,16710,15236,10042,5752,1239,11716,25911,24072,10712,""
2021-10-26T00:00,16711,15241,10043,5752,1239,11722,25915,24074,10719,""
2021-10-27T00:00,16714,15244,10043,5752,1239,11725,25916,24079,10722,""
2021-10-28T00:00,16714,15247,10044,5753,1239,11725,25919,24081,10722,""
2021-10-29T00:00,16717,15247,10044,5753,1239,11730,25920,24084,10726,""
2021-10-30T00:00,16720,15250,10044,5753,1239,11732,25925,24085,10728,""
2021-10-31T00:00,16721,15255,10045,5753,1239,11736,25929,24088,10732,""
2021-11-01T00:00,16722,15257,10045,5753,1239,11736,25931,24089,10732,""
2021-11-02T00:00,16727,15260,10046,5753,1239,11741,25938,24091,10737,""
2021-11-03T00:00,16732,15262,10046,5753,1239,11747,25942,24094,10743,""
2021-11-04T00:00,16733,15264,10046,5753,1239,11748,25944,24095,10744,""
2021-11-05T00:00,16734,15269,10047,5753,1239,11754,25947,24100,10749,""
2021-11-06T00:00,16736,15274,10048,5753,1239,11759,25954,24103,10752,""
2021-11-07T00:00,16739,15276,10049,5754,1239,11762,25959,24106,10754,""
2021-11-08T00:00,16741,15279,10049,5754,1239,11763,25963,24107,10755,""
2021-11-09T00:00,16744,15282,10050,5755,1239,11768,25969,24109,10760,""
2021-11-10T00:00,16745,15283,10050,5755,1239,11774,25970,24110,10766,""
2021-11-11T00:00,16747,15286,10051,5755,1239,11776,25974,24112,10768,""
2021-11-12T00:00,16752,15292,10052,5757,1239,11784,25986,24116,10774,""
2021-11-13T00:00,16756,15296,10054,5757,1239,11793,25993,24119,10783,""
2021-11-14T00:00,16760,15299,10056,5757,1239,11793,25999,24122,10783,""
2021-11-15T00:00,16761,15300,10056,5757,1240,11793,26000,24124,10783,""
2021-11-16T00:00,16765,15308,10063,5763,1242,11801,26010,24141,10791,""
2021-11-17T00:00,16768,15316,10069,5775,1243,11811,26024,24158,10800,""
2021-11-18T00:00,16777,15318,10072,5776,1243,11816,26036,24160,10806,""
2021-11-19T00:00,16781,15322,10073,5777,1244,11822,26044,24164,10811,""
2021-11-20T00:00,16781,15326,10074,5779,1245,11826,26048,24168,10815,""
2021-11-21T00:00,16783,15334,10079,5781,1247,11832,26056,24180,10820,""
2021-11-22T00:00,16785,15335,10081,5781,1247,11833,26058,24183,10821,""
2021-11-23T00:00,16790,15335,10085,5782,1247,11837,26064,24187,10825,""
2021-11-24T00:00,16792,15337,10085,5784,1247,11841,26066,24192,10828,""
2021-11-25T00:00,16793,15339,10086,5787,1249,11844,26069,24198,10831,""
2021-11-26T00:00,16796,15342,10090,5789,1249,11850,26076,24205,10835,""
2021-11-27T00:00,16799,15344,10090,5791,1249,11854,26080,24208,10839,""
2021-11-28T00:00,16800,15347,10091,5791,1249,11857,26082,24211,10842,""
2021-11-29T00:00,16800,15349,10092,5793,1249,11858,26084,24214,10843,""
2021-11-30T00:00,16801,15350,10093,5794,1249,11862,26087,24216,10846,""
2021-12-01T00:00,16801,15352,10093,5795,1249,11863,26089,24217,10847,""
2021-12-02T00:00,16802,15352,10093,5796,1249,11865,26091,24217,10849,""
2021-12-03T00:00,16802,15353,10094,5796,1249,11866,26093,24217,10850,""
2021-12-04T00:00,16805,15354,10096,5798,1249,11868,26097,24221,10852,""
2021-12-05T00:00,16806,15357,10097,5798,1249,11868,26099,24224,10852,""
2021-12-06T00:00,16806,15357,10097,5798,1249,11870,26099,24224,10854,""
2021-12-07T00:00,16806,15358,10098,5798,1249,11870,26101,24224,10854,""
2021-12-08T00:00,16806,15360,10098,5798,1249,11870,26103,24224,10854,""
2021-12-09T00:00,16809,15362,10099,5799,1249,11870,26108,24226,10854,""
2021-12-10T00:00,16810,15362,10099,5800,1249,11871,26110,24227,10854,""
2021-12-11T00:00,16810,15364,10100,5800,1249,11873,26111,24229,10856,""
2021-12-12T00:00,16810,15364,10100,5800,1249,11876,26111,24229,10859,""
2021-12-13T00:00,16810,15365,10100,5800,1249,11876,26112,24229,10859,""
2021-12-14T00:00,16810,15367,10100,5800,1249,11878,26112,24232,10860,""
2021-12-15T00:00,16813,15368,10100,5800,1249,11880,26114,24234,10862,""
2021-12-16T00:00,16819,15371,10101,5800,1250,11881,26118,24241,10863,""
2021-12-17T00:00,16820,15372,10101,5800,1250,11882,26119,24242,10864,""
2021-12-18T00:00,16826,15373,10103,5803,1250,11884,26124,24249,10866,""
2021-12-19T00:00,16829,15374,10103,5807,1250,11888,26130,24251,10870,""
2021-12-20T00:00,16831,15379,10105,5809,1251,11890,26137,24258,10870,""
2021-12-21T00:00,16837,15382,10106,5812,1251,11892,26142,24266,10872,""
2021-12-22T00:00,16844,15391,10109,5819,1253,11893,26153,24284,10872,""
2021-12-23T00:00,16850,15403,10112,5820,1253,11897,26168,24291,10876,""
2021-12-24T00:00,16852,15405,10116,5822,1253,11899,26177,24292,10878,""
2021-12-25T00:00,16854,15407,10121,5829,1255,11903,26186,24301,10882,""
2021-12-26T00:00,16860,15411,10123,5832,1256,11909,26197,24307,10887,""
2021-12-27T00:00,16863,15414,10124,5834,1256,11911,26200,24313,10889,""
2021-12-28T00:00,16865,15420,10126,5834,1256,11921,26203,24320,10899,""
2021-12-29T00:00,16875,15430,10126,5836,1256,11925,26211,24334,10903,""
2021-12-30T00:00,16887,15434,10129,5836,1257,11937,26223,24343,10914,""
2021-12-31T00:00,16893,15439,10131,5840,1257,11941,26234,24350,10917,""
2022-01-01T00:00,16894,15445,10134,5844,1258,11949,26242,24357,10925,""
2022-01-02T00:00,16899,15448,10134,5845,1259,11955,26249,24360,10931,""
2022-01-03T00:00,16902,15450,10135,5847,1260,11956,26253,24365,10932,""
2022-01-04T00:00,16908,15460,10140,5848,1260,11960,26269,24371,10936,""
2022-01-05T00:00,16913,15473,10146,5849,1260,11969,26283,24382,10945,""
2022-01-06T00:00,16934,15497,10161,5854,1262,11976,26335,24398,10951,""
2022-01-07T00:00,16963,15525,10177,5863,1264,11986,26381,24435,10962,""
2022-01-08T00:00,17016,15551,10206,5875,1266,11996,26448,24490,10972,""
2022-01-09T00:00,17066,15578,10227,5886,1266,12004,26505,24542,10980,""
2022-01-10T00:00,17109,15602,10241,5896,1267,12018,26550,24593,10990,""
2022-01-11T00:00,17159,15633,10260,5904,1267,12027,26605,24646,10999,""
2022-01-12T00:00,17255,15675,10289,5919,1268,12041,26708,24732,11007,""
2022-01-13T00:00,17458,15734,10316,5930,1269,12068,26868,24883,11024,""
2022-01-14T00:00,17730,15806,10373,5945,1269,12119,27117,25078,11047,""
2022-01-15T00:00,18197,15910,10433,5964,1270,12163,27497,25375,11065,""
2022-01-16T00:00,18629,16039,10494,5980,1273,12214,27844,25689,11096,""
2022-01-17T00:00,19026,16159,10553,6006,1276,12252,28194,25953,11125,""
2022-01-18T00:00,19412,16289,10652,6033,1280,12304,28555,26263,11152,""
2022-01-19T00:00,20052,16589,10798,6061,1285,12355,29154,26812,11174,""
2022-01-20T00:00,20816,16937,10982,6127,1305,12410,29879,27507,11191,""
2022-01-21T00:00,21675,17375,11184,6189,1315,12483,30740,28272,11209,""
2022-01-22T00:00,22502,17808,11399,6259,1336,12522,31532,29070,11224,""
2022-01-23T00:00,23355,18217,11595,6335,1349,12566,32364,29818,11235,""
2022-01-24T00:00,24139,18650,11815,6418,1388,12596,33146,30612,11248,""
2022-01-25T00:00,24913,19060,11997,6507,1409,12655,33909,31359,11273,2022-03-04修正済（50歳代女性1名減）
2022-01-26T00:00,25943,19666,12253,6590,1432,12748,34962,32349,11321,""
2022-01-27T00:00,27339,20467,12648,6748,1461,12825,36346,33783,11359,""
2022-01-28T00:00,28656,21330,13041,6877,1490,12869,37760,35129,11374,""
2022-01-29T00:00,30138,22263,13418,7028,1503,12915,39257,36633,11375,""
2022-01-30T00:00,31452,23172,13776,7160,1528,12959,40591,38079,11377,""
2022-01-31T00:00,32560,23811,14053,7305,1559,13025,41757,39179,11377,""
2022-02-01T00:00,33899,24586,14375,7455,1584,13074,43099,40496,11378,""
2022-02-02T00:00,35687,25660,14798,7651,1630,13134,44900,42282,11378,""
2022-02-03T00:00,37507,26870,15260,7852,1658,13201,46755,44204,11389,""
2022-02-04T00:00,39170,28016,15714,8049,1685,13257,48452,45858,11581,""
2022-02-05T00:00,40980,29364,16230,8296,1747,13320,50393,47948,11596,""
2022-02-06T00:00,42545,30489,16672,8522,1795,13378,52100,49685,11616,""
2022-02-07T00:00,43779,31316,17029,8703,1846,13415,53339,51132,11617,""
2022-02-08T00:00,45085,32230,17402,8869,1887,13493,54757,52592,11617,2022-02-28修正済（男性+1、女性-1）、2022-03-04修正済（20歳代女性1名減）
2022-02-09T00:00,46760,33299,17904,9123,1934,13552,56467,54480,11625,""
2022-02-10T00:00,48665,34555,18453,9371,1992,13633,58169,56225,12275,2022-02-28修正済（40歳代+1、50歳代-1）
2022-02-11T00:00,50282,35699,18929,9665,2074,13703,59978,58085,12289,""
2022-02-12T00:00,51661,36703,19407,9953,2141,13767,61542,59800,12290,""
2022-02-13T00:00,52761,37541,19811,10211,2196,13804,62856,61174,12294,""
2022-02-14T00:00,53705,38233,20096,10428,2252,13862,63931,62351,12294,""
2022-02-15T00:00,54646,38928,20408,10632,2288,13956,65059,63504,12295,""
2022-02-16T00:00,55826,39798,20795,10887,2346,14021,66413,64965,12295,""
2022-02-17T00:00,57359,40917,21327,11180,2431,14087,68168,66833,12300,""
2022-02-18T00:00,58379,41736,21716,11461,2520,14145,69441,68211,12305,""
2022-02-19T00:00,59523,42564,22141,11735,2589,14202,70788,69657,12309,""
2022-02-20T00:00,60537,43199,22476,11952,2644,14279,71907,70859,12321,旭川市発表の修正済（60代男性1名減）
2022-02-21T00:00,61388,43734,22710,12153,2707,14319,72839,71850,12322,""
2022-02-22T00:00,62334,44247,22969,12355,2758,14388,73792,72937,12322,2022-03-04修正済（30歳代男性1名減）
2022-02-23T00:00,63411,44908,23275,12571,2818,14461,74911,74211,12322,""
2022-02-24T00:00,64570,45661,23650,12795,2887,14502,76126,75615,12324,""
2022-02-25T00:00,65390,46236,23898,12945,2946,14579,77041,76627,12326,2022-02-26修正済（60歳代女性1名減）
2022-02-26T00:00,66476,47034,24203,13125,3000,14624,78261,77872,12329,""
2022-02-27T00:00,67562,47806,24508,13326,3056,14666,79431,79153,12340,2022-03-04修正済（10歳代男性1名減）
2022-02-28T00:00,68278,48308,24700,13458,3090,14693,80176,80011,12340,2022-03-04修正済（40歳代男性、50歳代男性各1名減）
2022-03-01T00:00,68943,48779,24877,13556,3117,14735,80894,80773,12340,""
2022-03-02T00:00,70010,49412,25175,13685,3154,14803,82026,81872,12341,""
2022-03-03T00:00,71095,50092,25450,13853,3210,14844,83114,83074,12356,""
2022-03-04T00:00,71888,50639,25676,14021,3264,14903,83958,84077,12356,""
2022-03-05T00:00,72635,51118,25903,14127,3287,14948,84762,84900,12356,""
2022-03-06T00:00,73505,51628,26113,14253,3342,14980,85599,85861,12361,2022-03-08修正済（70歳代男性1名減）
2022-03-07T00:00,74030,51961,26246,14318,3356,15016,86123,86443,12361,""
2022-03-08T00:00,74712,52300,26380,14404,3371,15089,86773,87122,12361,""
2022-03-09T00:00,75731,52884,26578,14513,3391,15144,87729,88151,12361,""
2022-03-10T00:00,76695,53530,26824,14606,3419,15192,88706,89198,12362,""
2022-03-11T00:00,77456,54051,27015,14686,3435,15267,89504,90044,12362,""
2022-03-12T00:00,78304,54566,27210,14776,3450,15305,90309,90940,12362,""
2022-03-13T00:00,79054,55005,27345,14839,3476,15333,90995,91689,12368,""
2022-03-14T00:00,79592,55297,27478,14875,3492,15360,91501,92224,12369,""
2022-03-15T00:00,80198,55638,27602,14922,3502,15428,92052,92869,12369,""
2022-03-16T00:00,81230,56175,27817,14980,3518,15503,92998,93856,12369,""
2022-03-17T00:00,82181,56755,28002,15030,3523,15556,93909,94765,12373,""
2022-03-18T00:00,83036,57299,28202,15092,3538,15594,94747,95640,12374,""
2022-03-19T00:00,83828,57814,28352,15139,3549,15665,95539,96434,12374,""
2022-03-20T00:00,84621,58307,28488,15189,3559,15702,96276,97216,12374,""
2022-03-21T00:00,85169,58605,28596,15211,3568,15726,96740,97761,12374,""
2022-03-22T00:00,85681,58848,28681,15230,3569,15751,97160,98226,12374,""
2022-03-23T00:00,86331,59245,28787,15275,3575,15771,97767,98843,12374,""
2022-03-24T00:00,87393,59887,29003,15360,3595,15794,98762,99896,12374,""
2022-03-25T00:00,88574,60541,29218,15412,3604,15821,99816,100980,12374,""
2022-03-26T00:00,89411,61131,29411,15463,3615,15839,100620,101875,12375,2022-03-28修正済（10歳未満女性1名減）
2022-03-27T00:00,90219,61614,29536,15505,3629,15864,101333,102657,12377,""
2022-03-28T00:00,90904,61974,29650,15544,3629,15866,101917,103273,12377,""
2022-03-29T00:00,91639,62358,29782,15607,3656,15892,102576,103981,12377,""
2022-03-30T00:00,92776,62911,29981,15663,3661,15921,103534,105002,12377,""
2022-03-31T00:00,93905,63579,30189,15727,3677,15942,104635,106006,12378,""
2022-04-01T00:00,94951,64263,30379,15797,3687,15975,105651,107022,12379,""
2022-04-02T00:00,96017,64892,30578,15854,3695,16001,106619,108038,12380,""
2022-04-03T00:00,96957,65469,30799,15914,3725,16018,107513,108989,12380,""
2022-04-04T00:00,97757,65972,31004,15968,3735,16023,108243,109836,12380,""
2022-04-05T00:00,98548,66473,31169,16052,3754,16052,109015,110653,12380,""
2022-04-06T00:00,99769,67205,31459,16128,3773,16084,110166,111872,12380,""
2022-04-07T00:00,100941,67968,31733,16196,3790,16136,111343,113037,12384,""
2022-04-08T00:00,102053,68667,32013,16265,3797,16185,112405,114191,12384,""
2022-04-09T00:00,103183,69378,32282,16344,3827,16239,113524,115342,12387,2022-04-23修正済（70歳代女性1名減）
2022-04-10T00:00,104288,70028,32548,16417,3851,16266,114601,116410,12387,""
2022-04-11T00:00,105068,70546,32721,16472,3864,16277,115336,117225,12387,""
2022-04-12T00:00,106058,71126,32904,16544,3875,16346,116263,118203,12387,""
2022-04-13T00:00,107469,71925,33210,16630,3881,16451,117630,119547,12389,""
2022-04-14T00:00,108889,72799,33515,16715,3895,16521,119026,120915,12393,""
2022-04-15T00:00,110164,73661,33804,16807,3924,16578,120296,122249,12393,2022-04-16修正済（10歳未満男性1名減）
2022-04-16T00:00,111440,74423,34088,16886,3948,16610,121509,123491,12395,""
2022-04-17T00:00,112581,75034,34336,16967,3956,16634,122520,124592,12396,""
2022-04-18T00:00,113527,75603,34518,17019,3963,16644,123416,125462,12396,""
2022-04-19T00:00,114673,76200,34729,17069,3970,16700,124439,126504,12398,""
2022-04-20T00:00,116396,77079,34998,17187,4000,16739,126017,127984,12398,""
2022-04-21T00:00,118120,78019,35306,17273,4020,16793,127532,129601,12398,""
2022-04-22T00:00,119593,78950,35570,17379,4047,16837,128939,131039,12398,""
2022-04-23T00:00,121010,79873,35872,17474,4061,16871,130307,132455,12399,""
2022-04-24T00:00,122375,80739,36152,17548,4076,16904,131575,133820,12399,""
2022-04-25T00:00,123430,81302,36305,17604,4099,16921,132493,134769,12399,""
2022-04-26T00:00,124584,81963,36516,17662,4105,16963,133520,135874,12399,""
2022-04-27T00:00,126215,82972,36835,17769,4124,17037,135030,137522,12400,""
2022-04-28T00:00,127833,83987,37143,17896,4156,17096,136528,139183,12400,""
2022-04-29T00:00,129254,84921,37470,18025,4185,17183,137915,140722,12401,""
2022-04-30T00:00,130483,85740,37756,18122,4211,17228,139101,142037,12402,""
2022-05-01T00:00,131354,86356,37952,18219,4232,17281,139974,143017,12403,""
2022-05-02T00:00,132297,86908,38152,18296,4252,17294,140813,143983,12403,""
2022-05-03T00:00,133112,87460,38340,18365,4265,17375,141641,144873,12403,""
2022-05-04T00:00,134199,88083,38549,18462,4297,17417,142658,145946,12403,""
2022-05-05T00:00,135132,88691,38740,18550,4313,17435,143518,146939,12404,""
2022-05-06T00:00,135945,89220,38916,18640,4343,17465,144304,147821,12404,""
2022-05-07T00:00,137003,89874,39137,18720,4372,17535,145307,148930,12404,""
2022-05-08T00:00,138593,90787,39492,18864,4400,17620,146827,150524,12405,""
2022-05-09T00:00,139879,91581,39774,18994,4431,17653,148095,151811,12406,""
2022-05-10T00:00,141167,92240,40042,19092,4449,17722,149284,153022,12406,""
2022-05-11T00:00,142903,93170,40400,19222,4476,17800,150869,154694,12408,""
2022-05-12T00:00,144569,94079,40761,19374,4505,17859,152419,156320,12408,""
2022-05-13T00:00,146125,94975,41137,19510,4531,17902,153919,157853,12408,2022-06-07修正済（10歳代女性1名減）
2022-05-14T00:00,147530,95744,41470,19653,4580,17974,155254,159289,12408,""
2022-05-15T00:00,148748,96436,41794,19828,4632,18001,156459,160572,12408,""
2022-05-16T00:00,149781,97022,42012,19953,4669,18023,157412,161640,12408,""
2022-05-17T00:00,150741,97562,42232,20051,4687,18091,158310,162646,12408,""
2022-05-18T00:00,152140,98318,42517,20182,4723,18161,159597,164036,12408,""
2022-05-19T00:00,153575,99133,42821,20322,4766,18235,160923,165521,12408,""
2022-05-20T00:00,154810,99992,43078,20448,4797,18280,162171,166826,12408,""
2022-05-21T00:00,155905,100701,43318,20588,4822,18311,163228,168009,12408,""
2022-05-22T00:00,156858,101359,43560,20726,4853,18354,164163,169139,12408,""
2022-05-23T00:00,157562,101846,43714,20826,4869,18361,164870,169899,12409,""
2022-05-24T00:00,158195,102273,43878,20907,4883,18411,165534,170604,12409,""
2022-05-25T00:00,159215,102884,44142,21017,4915,18468,166539,171692,12410,""
2022-05-26T00:00,160127,103512,44376,21139,4937,18500,167461,172720,12410,""
2022-05-27T00:00,160850,104077,44571,21233,4955,18529,168225,173580,12410,""
2022-05-28T00:00,161534,104574,44741,21342,4994,18545,168920,174400,12410,""
2022-05-29T00:00,162092,105012,44887,21405,5010,18565,169476,175085,12410,""
2022-05-30T00:00,162515,105309,44984,21462,5022,18573,169900,175555,12410,""
2022-05-31T00:00,162939,105570,45099,21523,5041,18596,170323,176035,12410,""
2022-06-01T00:00,163532,105960,45238,21590,5053,18635,170926,176672,12410,""
2022-06-02T00:00,164054,106357,45401,21691,5066,18654,171504,177309,12410,""
2022-06-03T00:00,164510,106715,45517,21771,5080,18668,171991,177860,12410,""
2022-06-04T00:00,164932,106999,45628,21830,5090,18681,172437,178313,12410,""
2022-06-05T00:00,165366,107281,45739,21894,5102,18688,172877,178783,12410,""
2022-06-06T00:00,165694,107482,45804,21943,5108,18688,173193,179116,12410,""
2022-06-07T00:00,166043,107684,45865,22003,5116,18709,173526,179484,12410,""
2022-06-08T00:00,166664,108055,45987,22064,5129,18742,174108,180123,12410,""
2022-06-09T00:00,167134,108363,46106,22122,5144,18764,174558,180665,12410,""
2022-06-10T00:00,167567,108684,46211,22176,5155,18782,174977,181188,12410,""
2022-06-11T00:00,167965,108971,46314,22232,5165,18800,175347,181690,12410,""
2022-06-12T00:00,168347,109216,46412,22277,5192,18815,175709,182140,12410,""
2022-06-13T00:00,168614,109389,46467,22311,5198,18816,175973,182412,12410,""
2022-06-14T00:00,168920,109585,46517,22352,5210,18832,176242,182764,12410,""
2022-06-15T00:00,169418,109861,46625,22414,5221,18842,176667,183304,12410,""
2022-06-16T00:00,169858,110149,46732,22456,5239,18849,177082,183791,12410,""
2022-06-17T00:00,170228,110434,46813,22500,5250,18853,177469,184199,12410,""
2022-06-18T00:00,170542,110670,46906,22534,5260,18858,177798,184562,12410,""
2022-06-19T00:00,170851,110921,46991,22575,5270,18865,178148,184915,12410,""
2022-06-20T00:00,171069,111063,47036,22598,5274,18867,178367,185130,12410,""
2022-06-21T00:00,171300,111204,47086,22630,5283,18877,178591,185379,12410,""
2022-06-22T00:00,171655,111427,47182,22666,5286,18887,178925,185768,12410,""
2022-06-23T00:00,172025,111665,47282,22698,5297,18889,179280,186166,12410,""
2022-06-24T00:00,172332,111900,47357,22745,5300,18895,179578,186541,12410,""
2022-06-25T00:00,172612,112071,47445,22783,5304,18899,179852,186852,12410,""
2022-06-26T00:00,172852,112288,47506,22808,5309,18901,180110,187144,12410,""
2022-06-27T00:00,173002,112396,47534,22839,5310,18901,180253,187319,12410,""
2022-06-28T00:00,173229,112524,47578,22856,5311,18905,180476,187517,12410,""
2022-06-29T00:00,173586,112732,47656,22897,5318,18926,180805,187900,12410,""
2022-06-30T00:00,173867,112965,47750,22927,5318,18933,181113,188237,12410,""
2022-07-01T00:00,174182,113172,47816,22965,5322,18944,181417,188574,12410,""
2022-07-02T00:00,174477,113380,47891,23004,5327,18948,181710,188907,12410,""
2022-07-03T00:00,174758,113589,47956,23048,5338,18955,182006,189228,12410,""
2022-07-04T00:00,174954,113708,48003,23082,5343,18961,182196,189445,12410,""
2022-07-05T00:00,175195,113888,48079,23112,5350,18988,182439,189763,12410,""
2022-07-06T00:00,175573,114134,48197,23162,5361,19006,182838,190185,12410,""
2022-07-07T00:00,175973,114417,48323,23219,5376,19026,183286,190638,12410,""
2022-07-08T00:00,176366,114685,48454,23292,5382,19042,183704,191107,12410,""
2022-07-09T00:00,176762,114955,48593,23361,5399,19062,184147,191575,12410,""
2022-07-10T00:00,177175,115234,48707,23401,5404,19070,184553,192028,12410,""
2022-07-11T00:00,177455,115415,48797,23435,5411,19080,184852,192331,12410,""
2022-07-12T00:00,177853,115654,48904,23476,5412,19097,185256,192730,12410,""
2022-07-13T00:00,178542,116035,49077,23552,5418,19121,185909,193426,12410,""
2022-07-14T00:00,179339,116548,49347,23642,5428,19154,186766,194282,12410,""
2022-07-15T00:00,180185,117042,49603,23737,5439,19186,187645,195137,12410,""
2022-07-16T00:00,181048,117617,49909,23864,5456,19226,188606,196104,12410,""
2022-07-17T00:00,181898,118131,50217,23983,5475,19249,189493,197049,12411,""
2022-07-18T00:00,182595,118591,50459,24079,5491,19253,190250,197807,12411,""
2022-07-19T00:00,183105,118945,50670,24161,5498,19274,190852,198390,12411,""
2022-07-20T00:00,184052,119593,50973,24269,5515,19311,191899,199403,12411,""
2022-07-21T00:00,185827,120797,51610,24503,5546,19395,193875,201392,12411,""
2022-07-22T00:00,187794,122163,52353,24790,5575,19467,196093,203638,12411,""
2022-07-23T00:00,189762,123584,53161,25098,5620,19553,198350,206017,12411,""
2022-07-24T00:00,191502,124781,53897,25401,5656,19613,200330,208109,12411,""
2022-07-25T00:00,192947,125780,54523,25643,5689,19629,201985,209815,12411,""
2022-07-26T00:00,194266,126784,55053,25879,5730,19767,203598,211470,12411,""
2022-07-27T00:00,196693,128490,55968,26228,5780,19842,206355,214235,12411,""
2022-07-28T00:00,199053,130294,56912,26583,5816,20019,209125,217141,12411,""
2022-07-29T00:00,201722,132430,58045,27017,5880,20177,212394,220466,12411,""
2022-07-30T00:00,204297,134513,59033,27432,5934,20348,215445,223701,12411,""
2022-07-31T00:00,206823,136349,60077,27846,6022,20505,218387,226823,12412,""
2022-08-01T00:00,208644,137822,60911,28198,6067,20563,220633,229160,12412,""
2022-08-02T00:00,210451,139301,61741,28491,6121,20733,222955,231471,12412,""
2022-08-03T00:00,213220,141485,62943,28997,6215,20908,226318,235038,12412,""
2022-08-04T00:00,215961,143819,64333,29489,6285,21085,229840,238720,12412,""
2022-08-05T00:00,218752,146135,65662,30039,6357,21237,233278,242492,12412,""
2022-08-06T00:00,221344,148286,66895,30669,6467,21402,236605,246046,12412,""
2022-08-07T00:00,223759,150281,68023,31184,6576,21562,239594,249379,12412,""
2022-08-08T00:00,225721,151907,68968,31604,6665,21618,242054,252017,12412,""
2022-08-09T00:00,227821,153704,69957,32043,6729,21775,244753,254864,12412,""
2022-08-10T00:00,230772,156122,71451,32637,6830,21990,248464,258926,12412,""
2022-08-11T00:00,233665,158468,72940,33277,6923,22189,252163,262887,12412,""
2022-08-12T00:00,236549,160684,74213,33797,7011,22266,255580,266528,12412,""
2022-08-13T00:00,238905,162683,75385,34282,7108,22439,258589,269801,12412,""
2022-08-14T00:00,241102,164572,76503,34828,7199,22604,261471,272925,12412,""
2022-08-15T00:00,243143,166227,77477,35285,7286,22680,263907,275779,12412,""
2022-08-16T00:00,245176,167972,78501,35785,7385,22819,266490,278736,12412,""
2022-08-17T00:00,247752,170171,79780,36320,7483,23012,269803,282303,12412,""
2022-08-18T00:00,250870,172876,81386,36926,7589,23186,273898,286523,12412,""
2022-08-19T00:00,254242,175621,83000,37558,7682,23362,278141,290912,12412,""
2022-08-20T00:00,257101,177870,84533,38258,7801,23492,281847,294796,12412,""
2022-08-21T00:00,259620,179714,85743,38818,7890,23630,284926,298076,12413,""
2022-08-22T00:00,261700,181339,86860,39278,7968,23667,287572,300827,12413,""
2022-08-23T00:00,263820,183001,87962,39781,8029,23806,290311,303675,12413,""
