日付,都道府県名,患者数,入院中,退院者,死亡者
20200319,北海道,153,77,69,7
20200319,愛知県,123,106,3,14
20200319,東京都,105,80,23,2
20200319,大阪府,100,78,22,0
20200319,兵庫県,69,66,0,3
20200319,神奈川県,52,42,6,4
20200319,埼玉県,32,28,4,0
20200319,千葉県,31,22,9,0
20200319,京都府,17,11,6,0
20200319,新潟県,17,16,1,0
20200319,和歌山県,13,4,8,1
20200319,高知県,11,5,6,0
20200319,群馬県,10,10,0,0
20200319,熊本県,5,5,0,0
20200319,石川県,5,4,1,0
20200319,三重県,5,4,1,0
20200319,福岡県,4,3,1,0
20200319,奈良県,4,2,2,0
20200319,滋賀県,4,4,0,0
20200319,岐阜県,3,2,1,0
20200319,栃木県,3,1,2,0
20200319,沖縄県,3,1,2,0
20200319,長野県,3,3,0,0
20200319,静岡県,3,2,1,0
20200319,宮崎県,3,3,0,0
20200319,愛媛県,2,1,1,0
20200319,茨城県,2,2,0,0
20200319,山梨県,2,2,0,0
20200319,福島県,2,2,0,0
20200319,福井県,1,1,0,0
20200319,秋田県,1,0,1,0
20200319,宮城県,1,0,1,0
20200319,大分県,1,0,1,0
20200319,山口県,1,1,0,0
20200319,広島県,1,0,1,0
20200319,香川県,1,1,0,0
20200319,佐賀県,1,1,0,0
20200320,北海道,156,80,69,7
20200320,愛知県,127,110,3,14
20200320,東京都,112,86,24,2
20200320,大阪府,102,79,22,1
20200320,兵庫県,69,64,1,4
20200320,神奈川県,57,47,6,4
20200320,埼玉県,36,32,4,0
20200320,千葉県,34,25,9,0
20200320,京都府,17,11,6,0
20200320,新潟県,17,16,1,0
20200320,和歌山県,14,5,8,1
20200320,高知県,11,0,11,0
20200320,群馬県,10,10,0,0
20200320,熊本県,6,6,0,0
20200320,三重県,6,5,1,0
20200320,石川県,5,3,2,0
20200320,福岡県,5,3,2,0
20200320,奈良県,4,2,2,0
20200320,滋賀県,4,4,0,0
20200320,沖縄県,3,1,2,0
20200320,長野県,3,3,0,0
20200320,岐阜県,3,2,1,0
20200320,栃木県,3,1,2,0
20200320,静岡県,3,2,1,0
20200320,大分県,3,2,1,0
20200320,宮崎県,3,3,0,0
20200320,茨城県,3,3,0,0
20200320,山梨県,2,2,0,0
20200320,愛媛県,2,1,1,0
20200320,福島県,2,2,0,0
20200320,秋田県,1,0,1,0
20200320,宮城県,1,0,1,0
20200320,山口県,1,1,0,0
20200320,広島県,1,0,1,0
20200320,福井県,1,1,0,0
20200320,香川県,1,1,0,0
20200320,佐賀県,1,1,0,0
20200321,北海道,157,82,69,6
20200321,愛知県,130,111,3,16
20200321,東京都,123,96,24,3
20200321,大阪府,106,83,22,1
20200321,兵庫県,76,71,1,4
20200321,神奈川県,58,48,6,4
20200321,千葉県,39,27,12,0
20200321,埼玉県,38,32,6,0
20200321,京都府,18,12,6,0
20200321,新潟県,17,16,1,0
20200321,和歌山県,15,6,8,1
20200321,群馬県,11,11,0,0
20200321,高知県,11,0,11,0
20200321,大分県,6,5,1,0
20200321,石川県,6,4,2,0
20200321,熊本県,6,6,0,0
20200321,三重県,6,5,1,0
20200321,福岡県,5,3,2,0
20200321,奈良県,4,2,2,0
20200321,滋賀県,4,4,0,0
20200321,沖縄県,3,1,2,0
20200321,長野県,3,2,1,0
20200321,岐阜県,3,2,1,0
20200321,栃木県,3,2,1,0
20200321,静岡県,3,2,1,0
20200321,宮崎県,3,3,0,0
20200321,茨城県,3,3,0,0
20200321,広島県,2,1,1,0
20200321,山梨県,2,2,0,0
20200321,愛媛県,2,1,1,0
20200321,福島県,2,2,0,0
20200321,秋田県,1,0,1,0
20200321,宮城県,1,0,1,0
20200321,山口県,1,1,0,0
20200321,福井県,1,1,0,0
20200321,香川県,1,1,0,0
20200321,佐賀県,1,1,0,0
20200322,北海道,158,71,81,6
20200322,愛知県,132,108,8,16
20200322,東京都,130,101,25,4
20200322,大阪府,108,81,26,1
20200322,兵庫県,81,75,2,4
20200322,神奈川県,61,45,12,4
20200322,埼玉県,41,34,7,0
20200322,千葉県,40,26,14,0
20200322,新潟県,22,20,2,0
20200322,京都府,19,12,7,0
20200322,和歌山県,15,5,9,1
20200322,大分県,11,10,1,0
20200322,高知県,11,0,11,0
20200322,群馬県,11,11,0,0
20200322,熊本県,6,5,1,0
20200322,石川県,6,3,3,0
20200322,三重県,6,5,1,0
20200322,福岡県,5,3,2,0
20200322,栃木県,4,3,1,0
20200322,奈良県,4,2,2,0
20200322,滋賀県,4,4,0,0
20200322,沖縄県,3,1,2,0
20200322,長野県,3,2,1,0
20200322,岐阜県,3,2,1,0
20200322,静岡県,3,2,1,0
20200322,宮崎県,3,3,0,0
20200322,茨城県,3,3,0,0
20200322,山梨県,2,2,0,0
20200322,愛媛県,2,1,1,0
20200322,広島県,2,1,1,0
20200322,福島県,2,2,0,0
20200322,秋田県,1,0,1,0
20200322,宮城県,1,0,1,0
20200322,山口県,1,1,0,0
20200322,福井県,1,1,0,0
20200322,香川県,1,1,0,0
20200322,佐賀県,1,1,0,0
20200323,北海道,161,72,83,6
20200323,愛知県,134,111,8,16
20200323,東京都,132,103,25,4
20200323,大阪府,113,85,26,2
20200323,兵庫県,83,76,2,6
20200323,神奈川県,67,49,14,4
20200323,埼玉県,45,34,10,1
20200323,千葉県,42,27,15,0
20200323,新潟県,22,19,3,0
20200323,京都府,20,13,7,0
20200323,大分県,15,14,1,0
20200323,和歌山県,15,5,9,1
20200323,高知県,11,0,11,0
20200323,群馬県,11,10,0,1
20200323,熊本県,6,5,1,0
20200323,石川県,6,3,3,0
20200323,三重県,6,4,2,0
20200323,岐阜県,5,4,1,0
20200323,奈良県,5,3,2,0
20200323,福岡県,5,3,2,0
20200323,栃木県,4,2,2,0
20200323,滋賀県,4,4,0,0
20200323,広島県,3,2,1,0
20200323,沖縄県,3,1,2,0
20200323,長野県,3,2,1,0
20200323,静岡県,3,2,1,0
20200323,宮崎県,3,3,0,0
20200323,茨城県,3,3,0,0
20200323,山口県,2,2,0,0
20200323,山梨県,2,1,1,0
20200323,愛媛県,2,1,1,0
20200323,福島県,2,2,0,0
20200323,岡山県,1,1,0,0
20200323,秋田県,1,0,1,0
20200323,宮城県,1,0,1,0
20200323,福井県,1,1,0,0
20200323,香川県,1,1,0,0
20200323,佐賀県,1,1,0,0
20200324,北海道,161,65,90,6
20200324,東京都,146,116,26,4
20200324,愛知県,136,112,8,17
20200324,大阪府,116,87,27,2
20200324,兵庫県,85,78,2,6
20200324,神奈川県,68,47,17,4
20200324,埼玉県,46,34,11,1
20200324,千葉県,45,30,15,0
20200324,新潟県,22,19,3,0
20200324,京都府,21,14,7,0
20200324,和歌山県,15,5,9,1
20200324,大分県,15,14,1,0
20200324,高知県,11,0,11,0
20200324,群馬県,11,10,0,1
20200324,岐阜県,8,7,1,0
20200324,福岡県,6,4,2,0
20200324,熊本県,6,5,1,0
20200324,石川県,6,3,1,0
20200324,三重県,6,4,3,0
20200324,茨城県,5,5,2,0
20200324,滋賀県,5,4,1,0
20200324,奈良県,5,2,3,0
20200324,栃木県,4,2,2,0
20200324,沖縄県,3,1,2,0
20200324,長野県,3,2,1,0
20200324,静岡県,3,2,1,0
20200324,宮崎県,3,3,0,0
20200324,広島県,3,2,1,0
20200324,青森県,2,2,0,0
20200324,山梨県,2,1,1,0
20200324,山口県,2,2,0,0
20200324,愛媛県,2,1,1,0
20200324,福島県,2,2,0,0
20200324,秋田県,1,0,1,0
20200324,宮城県,1,0,1,0
20200324,福井県,1,1,0,0
20200324,岡山県,1,1,0,0
20200324,香川県,1,1,0,0
20200324,佐賀県,1,1,0,0
20200325,北海道,162,63,93,6
20200325,東京都,160,130,26,5
20200325,愛知県,139,114,9,17
20200325,大阪府,123,94,27,2
20200325,兵庫県,87,77,5,6
20200325,神奈川県,73,52,17,4
20200325,埼玉県,53,41,11,1
20200325,千葉県,46,31,15,0
20200325,新潟県,24,21,3,0
20200325,京都府,23,16,7,0
20200325,大分県,16,15,1,0
20200325,和歌山県,15,5,9,1
20200325,群馬県,13,12,0,1
20200325,岐阜県,11,10,1,0
20200325,高知県,11,0,11,0
20200325,福岡県,9,7,2,0
20200325,栃木県,6,4,2,0
20200325,熊本県,6,5,1,0
20200325,石川県,6,3,3,0
20200325,三重県,6,4,2,0
20200325,奈良県,5,2,3,0
20200325,滋賀県,5,4,1,0
20200325,茨城県,5,5,0,0
20200325,山梨県,4,3,1,0
20200325,沖縄県,4,2,2,0
20200325,長野県,4,2,2,0
20200325,静岡県,3,2,1,0
20200325,宮崎県,3,2,1,0
20200325,広島県,3,2,1,0
20200325,山口県,2,2,0,0
20200325,愛媛県,2,1,1,0
20200325,福島県,2,2,0,0
20200325,青森県,2,2,0,0
20200325,秋田県,1,0,1,0
20200325,宮城県,1,0,1,0
20200325,福井県,1,1,0,0
20200325,岡山県,1,1,0,0
20200325,香川県,1,1,0,0
20200325,佐賀県,1,1,0,0
20200326,東京都,201,170,27,5
20200326,北海道,166,61,98,7
20200326,愛知県,144,91,36,18
20200326,大阪府,129,90,37,2
20200326,兵庫県,87,77,5,6
20200326,神奈川県,77,56,17,4
20200326,埼玉県,53,40,12,1
20200326,千葉県,51,34,17,0
20200326,京都府,27,20,7,0
20200326,新潟県,24,21,3,0
20200326,大分県,16,15,1,0
20200326,和歌山県,15,5,9,1
20200326,群馬県,13,12,0,1
20200326,岐阜県,12,11,1,0
20200326,高知県,11,0,11,0
20200326,茨城県,9,9,0,0
20200326,福岡県,9,7,2,0
20200326,熊本県,6,4,2,0
20200326,石川県,6,3,3,0
20200326,栃木県,6,4,2,0
20200326,三重県,6,4,2,0
20200326,奈良県,5,2,3,0
20200326,滋賀県,5,4,1,0
20200326,青森県,4,4,0,0
20200326,沖縄県,4,2,2,0
20200326,長野県,4,2,2,0
20200326,山梨県,4,3,1,0
20200326,福井県,3,3,0,0
20200326,山口県,3,3,0,0
20200326,静岡県,3,1,2,0
20200326,宮崎県,3,2,1,0
20200326,広島県,3,2,1,0
20200326,愛媛県,2,1,1,0
20200326,福島県,2,2,0,0
20200326,長崎県,1,1,0,0
20200326,秋田県,1,0,1,0
20200326,宮城県,1,0,1,0
20200326,岡山県,1,1,0,0
20200326,香川県,1,1,0,0
20200326,佐賀県,1,1,0,0
20200327,東京都,227,194,28,5
20200327,北海道,167,62,98,7
20200327,愛知県,147,93,36,19
20200327,大阪府,136,93,41,2
20200327,兵庫県,87,77,5,6
20200327,神奈川県,82,60,18,4
20200327,埼玉県,60,46,13,1
20200327,千葉県,54,36,18,0
20200327,京都府,29,21,8,0
20200327,新潟県,24,21,3,0
20200327,大分県,17,16,1,0
20200327,和歌山県,15,4,10,1
20200327,岐阜県,14,13,1,0
20200327,群馬県,14,13,0,1
20200327,福岡県,11,9,2,0
20200327,高知県,11,0,11,0
20200327,栃木県,10,8,2,0
20200327,茨城県,9,9,0,0
20200327,熊本県,7,5,2,0
20200327,滋賀県,6,5,1,0
20200327,石川県,6,3,3,0
20200327,三重県,6,4,2,0
20200327,福井県,5,5,0,0
20200327,奈良県,5,2,3,0
20200327,山口県,4,4,0,0
20200327,広島県,4,3,1,0
20200327,沖縄県,4,2,2,0
20200327,長野県,4,2,2,0
20200327,山梨県,4,2,2,0
20200327,青森県,4,4,0,0
20200327,静岡県,3,1,2,0
20200327,宮崎県,3,2,1,0
20200327,宮城県,2,1,1,0
20200327,愛媛県,2,1,1,0
20200327,福島県,2,2,0,0
20200327,鹿児島県,1,1,0,0
20200327,秋田県,1,0,1,0
20200327,岡山県,1,1,0,0
20200327,香川県,1,1,0,0
20200327,佐賀県,1,1,0,0
20200327,長崎県,1,1,0,0
20200328,東京都,227,193,29,5
20200328,北海道,168,47,114,7
20200328,大阪府,154,111,41,2
20200328,愛知県,150,90,42,18
20200328,兵庫県,90,80,5,5
20200328,神奈川県,88,66,18,4
20200328,埼玉県,66,51,13,2
20200328,千葉県,60,42,18,0
20200328,京都府,31,20,11,0
20200328,新潟県,24,17,7,0
20200328,大分県,17,16,1,0
20200328,和歌山県,15,4,10,1
20200328,岐阜県,14,13,1,0
20200328,群馬県,14,13,0,1
20200328,高知県,12,1,11,0
20200328,福岡県,12,10,2,0
20200328,栃木県,11,9,2,0
20200328,熊本県,9,7,2,0
20200328,茨城県,9,9,0,0
20200328,福井県,8,8,0,0
20200328,沖縄県,6,4,2,0
20200328,石川県,6,3,3,0
20200328,三重県,6,4,2,0
20200328,滋賀県,6,5,1,0
20200328,長野県,5,3,2,0
20200328,奈良県,5,2,3,0
20200328,山梨県,4,2,2,0
20200328,山口県,4,4,0,0
20200328,広島県,4,3,1,0
20200328,青森県,4,4,0,0
20200328,秋田県,3,2,1,0
20200328,愛媛県,3,2,1,0
20200328,静岡県,3,1,2,0
20200328,宮崎県,3,2,1,0
20200328,岡山県,2,2,0,0
20200328,宮城県,2,1,1,0
20200328,福島県,2,2,0,0
20200328,香川県,1,1,0,0
20200328,佐賀県,1,1,0,0
20200328,長崎県,1,1,0,0
20200328,鹿児島県,1,1,0,0
20200329,東京都,368,327,36,5
20200329,大阪府,192,142,48,2
20200329,北海道,172,44,121,7
20200329,愛知県,164,103,42,19
20200329,千葉県,126,106,19,1
20200329,兵庫県,125,99,18,8
20200329,神奈川県,104,79,20,5
20200329,埼玉県,78,60,15,3
20200329,京都府,37,24,13,0
20200329,新潟県,31,24,7,0
20200329,大分県,27,26,1,0
20200329,福岡県,21,19,2,0
20200329,和歌山県,17,3,13,1
20200329,岐阜県,16,15,1,0
20200329,群馬県,15,14,0,1
20200329,茨城県,13,13,0,0
20200329,高知県,13,1,12,0
20200329,福井県,12,12,0,0
20200329,奈良県,11,3,8,0
20200329,栃木県,11,9,2,0
20200329,熊本県,10,7,3,0
20200329,石川県,9,4,5,0
20200329,三重県,9,7,2,0
20200329,山口県,6,4,2,0
20200329,青森県,6,6,0,0
20200329,長野県,6,3,3,0
20200329,沖縄県,6,4,2,0
20200329,滋賀県,6,5,1,0
20200329,秋田県,4,2,2,0
20200329,静岡県,4,2,2,0
20200329,愛媛県,4,2,2,0
20200329,山梨県,4,2,2,0
20200329,広島県,4,3,1,0
20200329,岡山県,3,3,0,0
20200329,宮崎県,3,2,1,0
20200329,長崎県,2,2,0,0
20200329,宮城県,2,1,1,0
20200329,福島県,2,2,0,0
20200329,徳島県,1,0,1,0
20200329,香川県,1,1,0,0
20200329,佐賀県,1,1,0,0
20200329,鹿児島県,1,1,0,0
20200330,東京都,436,395,36,5
20200330,大阪府,209,159,48,2
20200330,北海道,176,48,121,7
20200330,愛知県,167,106,42,19
20200330,千葉県,160,140,19,1
20200330,兵庫県,132,104,18,10
20200330,神奈川県,107,82,20,5
20200330,埼玉県,83,65,15,3
20200330,京都府,46,33,13,0
20200330,新潟県,31,24,7,0
20200330,大分県,28,27,1,0
20200330,福岡県,22,20,2,0
20200330,岐阜県,21,20,1,0
20200330,群馬県,18,17,0,1
20200330,和歌山県,17,3,13,1
20200330,茨城県,16,16,0,0
20200330,高知県,14,2,12,0
20200330,福井県,13,13,0,0
20200330,栃木県,12,10,2,0
20200330,奈良県,11,3,8,0
20200330,熊本県,10,7,3,0
20200330,石川県,9,4,5,0
20200330,三重県,9,7,2,0
20200330,沖縄県,8,6,2,0
20200330,長野県,8,5,3,0
20200330,青森県,7,7,0,0
20200330,広島県,6,5,1,0
20200330,山口県,6,4,2,0
20200330,滋賀県,6,5,1,0
20200330,山梨県,4,2,2,0
20200330,秋田県,4,2,2,0
20200330,静岡県,4,2,2,0
20200330,愛媛県,4,2,2,0
20200330,宮崎県,3,2,1,0
20200330,岡山県,3,3,0,0
20200330,宮城県,2,1,1,0
20200330,福島県,2,2,0,0
20200330,長崎県,2,2,0,0
20200330,徳島県,1,0,1,0
20200330,香川県,1,1,0,0
20200330,佐賀県,1,1,0,0
20200330,鹿児島県,1,1,0,0
20200331,東京都,449,407,36,6
20200331,大阪府,217,167,48,2
20200331,北海道,177,49,121,7
20200331,愛知県,170,109,42,19
20200331,千葉県,160,140,19,1
20200331,兵庫県,136,108,18,10
20200331,神奈川県,115,89,20,6
20200331,埼玉県,84,66,15,3
20200331,京都府,54,41,13,0
20200331,新潟県,31,24,7,0
20200331,大分県,28,27,1,0
20200331,福岡県,23,21,2,0
20200331,岐阜県,21,20,1,0
20200331,茨城県,20,20,0,0
20200331,群馬県,18,17,0,1
20200331,和歌山県,17,3,13,1
20200331,福井県,15,15,0,0
20200331,高知県,15,3,12,0
20200331,栃木県,12,10,2,0
20200331,石川県,11,6,5,0
20200331,三重県,11,9,2,0
20200331,熊本県,11,8,3,0
20200331,奈良県,11,3,8,0
20200331,沖縄県,9,7,2,0
20200331,長野県,8,5,3,0
20200331,青森県,7,7,0,0
20200331,宮城県,6,5,1,0
20200331,山口県,6,4,2,0
20200331,滋賀県,6,5,1,0
20200331,広島県,6,5,1,0
20200331,山梨県,5,3,2,0
20200331,岡山県,4,4,0,0
20200331,秋田県,4,2,2,0
20200331,静岡県,4,2,2,0
20200331,愛媛県,4,2,2,0
20200331,宮崎県,3,2,1,0
20200331,福島県,2,2,0,0
20200331,長崎県,2,2,0,0
20200331,富山県,1,1,0,0
20200331,徳島県,1,0,1,0
20200331,香川県,1,1,0,0
20200331,佐賀県,1,1,0,0
20200331,鹿児島県,1,1,0,0
20200401,東京都,527,484,37,6
20200401,大阪府,245,173,70,2
20200401,北海道,177,46,124,7
20200401,愛知県,176,110,47,19
20200401,千葉県,164,144,19,1
20200401,兵庫県,147,118,18,11
20200401,神奈川県,120,87,27,6
20200401,埼玉県,98,80,15,3
20200401,京都府,68,53,15,0
20200401,福岡県,43,41,2,0
20200401,新潟県,31,21,10,0
20200401,大分県,29,28,1,0
20200401,茨城県,24,24,0,0
20200401,岐阜県,23,21,2,0
20200401,群馬県,19,18,0,1
20200401,高知県,17,5,12,0
20200401,和歌山県,17,3,13,1
20200401,福井県,16,16,0,0
20200401,熊本県,14,11,3,0
20200401,栃木県,14,12,2,0
20200401,石川県,13,8,5,0
20200401,奈良県,11,3,8,0
20200401,三重県,11,9,2,0
20200401,愛媛県,9,7,2,0
20200401,沖縄県,9,7,2,0
20200401,青森県,8,8,0,0
20200401,長野県,8,5,3,0
20200401,宮城県,7,6,1,0
20200401,滋賀県,7,5,2,0
20200401,秋田県,6,4,2,0
20200401,静岡県,6,3,3,0
20200401,山梨県,6,4,2,0
20200401,山口県,6,3,3,0
20200401,広島県,6,5,1,0
20200401,福島県,4,4,0,0
20200401,岡山県,4,4,0,0
20200401,富山県,3,3,0,0
20200401,徳島県,3,2,1,0
20200401,宮崎県,3,2,1,0
20200401,香川県,2,2,0,0
20200401,佐賀県,2,2,0,0
20200401,長崎県,2,1,1,0
20200401,山形県,1,1,0,0
20200401,鹿児島県,1,1,0,0
20200402,東京都,593,539,47,7
20200402,大阪府,279,207,70,2
20200402,北海道,182,44,131,7
20200402,愛知県,181,115,47,19
20200402,千葉県,175,151,23,1
20200402,兵庫県,161,132,18,11
20200402,神奈川県,138,104,28,6
20200402,埼玉県,101,77,20,4
20200402,京都府,71,55,16,0
20200402,福岡県,52,47,5,0
20200402,新潟県,31,21,10,0
20200402,大分県,29,28,1,0
20200402,茨城県,24,23,0,1
20200402,福井県,22,22,0,0
20200402,岐阜県,22,20,2,0
20200402,高知県,20,8,12,0
20200402,群馬県,20,19,0,1
20200402,和歌山県,18,4,13,1
20200402,奈良県,15,7,8,0
20200402,石川県,15,10,5,0
20200402,熊本県,15,12,3,0
20200402,栃木県,14,12,2,0
20200402,三重県,11,9,2,0
20200402,長野県,9,6,3,0
20200402,沖縄県,9,7,2,0
20200402,愛媛県,9,7,2,0
20200402,山梨県,8,6,2,0
20200402,滋賀県,8,5,3,0
20200402,青森県,8,8,0,0
20200402,宮城県,7,6,1,0
20200402,福島県,6,5,1,0
20200402,秋田県,6,4,2,0
20200402,静岡県,6,3,3,0
20200402,山口県,6,3,3,0
20200402,広島県,6,5,1,0
20200402,長崎県,5,4,1,0
20200402,富山県,5,5,0,0
20200402,佐賀県,4,4,0,0
20200402,岡山県,4,4,0,0
20200402,宮崎県,3,2,1,0
20200402,徳島県,3,2,1,0
20200402,鹿児島県,2,2,0,0
20200402,香川県,2,2,0,0
20200402,山形県,1,1,0,0
20200403,東京都,690,635,48,7
20200403,大阪府,312,239,71,2
20200403,愛知県,186,120,47,19
20200403,北海道,185,46,131,8
20200403,千葉県,181,154,26,1
20200403,兵庫県,167,138,18,11
20200403,神奈川県,153,119,28,6
20200403,埼玉県,113,88,21,4
20200403,京都府,79,61,18,0
20200403,福岡県,62,57,5,0
20200403,福井県,31,30,0,1
20200403,新潟県,31,21,10,0
20200403,大分県,30,29,1,0
20200403,茨城県,26,24,0,2
20200403,岐阜県,22,20,2,0
20200403,高知県,21,9,12,0
20200403,和歌山県,20,5,14,1
20200403,群馬県,20,19,0,1
20200403,奈良県,19,11,8,0
20200403,石川県,16,11,5,0
20200403,熊本県,15,12,3,0
20200403,栃木県,14,12,2,0
20200403,宮城県,12,11,1,0
20200403,三重県,12,10,2,0
20200403,愛媛県,11,9,2,0
20200403,山梨県,9,7,2,0
20200403,青森県,9,9,0,0
20200403,沖縄県,9,7,2,0
20200403,長野県,9,6,3,0
20200403,富山県,8,8,0,0
20200403,福島県,8,7,1,0
20200403,滋賀県,8,5,3,0
20200403,岡山県,7,7,0,0
20200403,秋田県,7,5,2,0
20200403,静岡県,6,3,3,0
20200403,山口県,6,3,3,0
20200403,広島県,6,5,1,0
20200403,長崎県,5,4,1,0
20200403,佐賀県,4,4,0,0
20200403,鹿児島県,3,3,0,0
20200403,宮崎県,3,2,1,0
20200403,徳島県,3,2,1,0
20200403,香川県,2,2,0,0
20200403,山形県,1,1,0,0
20200404,東京都,690,635,48,7
20200404,大阪府,312,239,71,2
20200404,愛知県,186,120,47,19
20200404,北海道,185,46,131,8
20200404,千葉県,181,154,26,1
20200404,兵庫県,167,138,18,11
20200404,神奈川県,153,119,28,6
20200404,埼玉県,113,88,21,4
20200404,京都府,79,61,18,0
20200404,福岡県,62,57,5,0
20200404,福井県,31,30,0,1
20200404,新潟県,31,21,10,0
20200404,大分県,30,29,1,0
20200404,茨城県,26,24,0,2
20200404,岐阜県,22,20,2,0
20200404,高知県,21,9,12,0
20200404,和歌山県,20,5,14,1
20200404,群馬県,20,19,0,1
20200404,奈良県,19,11,8,0
20200404,石川県,16,11,5,0
20200404,熊本県,15,12,3,0
20200404,栃木県,14,12,2,0
20200404,宮城県,12,11,1,0
20200404,三重県,12,10,2,0
20200404,愛媛県,11,9,2,0
20200404,山梨県,9,7,2,0
20200404,青森県,9,9,0,0
20200404,沖縄県,9,7,2,0
20200404,長野県,9,6,3,0
20200404,富山県,8,8,0,0
20200404,福島県,8,7,1,0
20200404,滋賀県,8,5,3,0
20200404,岡山県,7,7,0,0
20200404,秋田県,7,5,2,0
20200404,静岡県,6,3,3,0
20200404,山口県,6,3,3,0
20200404,広島県,6,5,1,0
20200404,長崎県,5,4,1,0
20200404,佐賀県,4,4,0,0
20200404,鹿児島県,3,3,0,0
20200404,宮崎県,3,2,1,0
20200404,徳島県,3,2,1,0
20200404,香川県,2,2,0,0
20200404,山形県,1,1,0,0
20200405,東京都,897,837,48,12
20200405,大阪府,388,306,80,2
20200405,千葉県,219,187,31,1
20200405,愛知県,216,149,48,19
20200405,神奈川県,197,159,32,6
20200405,北海道,193,55,130,8
20200405,兵庫県,182,119,52,11
20200405,埼玉県,153,126,23,4
20200405,京都府,105,87,18,0
20200405,福岡県,67,62,5,0
20200405,茨城県,59,56,1,2
20200405,福井県,44,43,0,1
20200405,岐阜県,43,40,2,1
20200405,石川県,32,27,5,0
20200405,新潟県,32,21,11,0
20200405,大分県,31,25,6,0
20200405,群馬県,25,23,1,1
20200405,高知県,24,12,12,0
20200405,奈良県,24,16,8,0
20200405,和歌山県,21,5,15,1
20200405,宮城県,20,19,1,0
20200405,滋賀県,17,14,3,0
20200405,熊本県,16,13,3,0
20200405,福島県,14,13,1,0
20200405,栃木県,14,11,3,0
20200405,広島県,13,12,1,0
20200405,愛媛県,12,8,3,1
20200405,三重県,12,8,4,0
20200405,山梨県,11,9,2,0
20200405,長野県,11,7,4,0
20200405,青森県,11,11,0,0
20200405,静岡県,10,7,3,0
20200405,富山県,10,10,0,0
20200405,秋田県,10,8,2,0
20200405,岡山県,10,10,0,0
20200405,沖縄県,9,7,2,0
20200405,長崎県,8,6,2,0
20200405,山口県,7,4,3,0
20200405,山形県,6,6,0,0
20200405,佐賀県,6,6,0,0
20200405,宮崎県,4,2,2,0
20200405,徳島県,3,2,1,0
20200405,鹿児島県,3,3,0,0
20200405,香川県,2,2,0,0
20200406,東京都,1040,978,50,12
20200406,大阪府,409,324,82,3
20200406,千葉県,238,205,32,1
20200406,愛知県,227,159,48,20
20200406,神奈川県,226,188,32,6
20200406,兵庫県,195,132,52,11
20200406,北海道,194,56,130,8
20200406,埼玉県,174,147,23,4
20200406,京都府,111,93,18,0
20200406,福岡県,109,103,6,0
20200406,茨城県,64,61,1,2
20200406,福井県,51,49,0,2
20200406,岐阜県,50,47,2,1
20200406,石川県,43,38,5,0
20200406,新潟県,32,21,11,0
20200406,高知県,31,19,12,0
20200406,大分県,31,25,6,0
20200406,群馬県,26,24,1,1
20200406,和歌山県,25,9,15,1
20200406,奈良県,25,17,8,0
20200406,宮城県,23,22,1,0
20200406,熊本県,20,17,3,0
20200406,滋賀県,18,15,3,0
20200406,広島県,16,15,1,0
20200406,福島県,16,15,1,0
20200406,栃木県,14,11,3,0
20200406,山梨県,13,11,2,0
20200406,三重県,13,9,4,0
20200406,長野県,12,8,4,0
20200406,愛媛県,12,8,3,1
20200406,秋田県,11,9,2,0
20200406,岡山県,11,11,0,0
20200406,青森県,11,11,0,0
20200406,山形県,10,10,0,0
20200406,静岡県,10,7,3,0
20200406,富山県,10,10,0,0
20200406,長崎県,9,7,2,0
20200406,沖縄県,9,7,2,0
20200406,佐賀県,8,7,1,0
20200406,山口県,8,5,3,0
20200406,宮崎県,6,4,2,0
20200406,徳島県,3,2,1,0
20200406,鹿児島県,3,3,0,0
20200406,香川県,2,2,0,0
20200407,東京都,1123,1049,58,16
20200407,大阪府,429,343,83,3
20200407,神奈川県,261,223,32,6
20200407,千葉県,253,220,32,1
20200407,愛知県,237,164,52,21
20200407,兵庫県,201,136,53,12
20200407,埼玉県,195,168,23,4
20200407,北海道,194,44,141,9
20200407,京都府,119,101,18,0
20200407,福岡県,113,107,6,0
20200407,茨城県,71,68,1,2
20200407,福井県,57,54,1,2
20200407,岐阜県,51,48,2,1
20200407,石川県,45,40,5,0
20200407,高知県,34,22,12,0
20200407,大分県,32,24,8,0
20200407,新潟県,32,21,11,0
20200407,和歌山県,27,11,15,1
20200407,宮城県,26,25,1,0
20200407,奈良県,26,18,8,0
20200407,群馬県,26,24,1,1
20200407,熊本県,20,17,3,0
20200407,滋賀県,18,15,3,0
20200407,広島県,16,15,1,0
20200407,福島県,16,15,1,0
20200407,沖縄県,15,13,2,0
20200407,長野県,14,10,4,0
20200407,愛媛県,14,9,4,1
20200407,山梨県,14,12,2,0
20200407,栃木県,14,11,3,0
20200407,山形県,13,13,0,0
20200407,三重県,13,9,4,0
20200407,山口県,12,9,3,0
20200407,富山県,11,11,0,0
20200407,秋田県,11,9,2,0
20200407,青森県,11,11,0,0
20200407,岡山県,11,11,0,0
20200407,静岡県,10,7,3,0
20200407,長崎県,9,7,2,0
20200407,佐賀県,8,7,1,0
20200407,宮崎県,7,4,3,0
20200407,徳島県,3,2,1,0
20200407,鹿児島県,3,3,0,0
20200407,香川県,2,2,0,0
20200408,東京都,1203,1129,58,16
20200408,大阪府,482,396,83,3
20200408,千葉県,284,251,32,1
20200408,神奈川県,279,237,35,7
20200408,愛知県,258,185,52,21
20200408,兵庫県,216,151,53,12
20200408,埼玉県,209,182,23,4
20200408,北海道,198,46,143,9
20200408,京都府,139,121,18,0
20200408,福岡県,136,129,7,0
20200408,茨城県,77,74,1,2
20200408,福井県,57,54,1,2
20200408,石川県,51,46,5,0
20200408,岐阜県,51,47,3,1
20200408,高知県,36,24,12,0
20200408,新潟県,34,19,15,0
20200408,大分県,32,24,8,0
20200408,群馬県,29,27,1,1
20200408,奈良県,28,20,8,0
20200408,和歌山県,28,12,15,1
20200408,沖縄県,27,25,2,0
20200408,宮城県,27,26,1,0
20200408,福島県,24,23,1,0
20200408,愛媛県,23,18,4,1
20200408,熊本県,21,18,3,0
20200408,山形県,19,19,0,0
20200408,山梨県,19,17,2,0
20200408,広島県,19,18,1,0
20200408,滋賀県,18,15,3,0
20200408,栃木県,15,12,3,0
20200408,長野県,14,11,3,0
20200408,山口県,13,10,3,0
20200408,三重県,13,9,4,0
20200408,富山県,12,12,0,0
20200408,岡山県,12,12,0,0
20200408,秋田県,11,9,2,0
20200408,青森県,11,11,0,0
20200408,静岡県,10,7,3,0
20200408,佐賀県,9,8,1,0
20200408,長崎県,9,7,2,0
20200408,宮崎県,7,4,3,0
20200408,徳島県,3,2,1,0
20200408,鹿児島県,3,3,0,0
20200408,香川県,2,2,0,0
20200409,東京都,1347,1272,57,18
20200409,大阪府,525,403,116,6
20200409,神奈川県,327,284,37,6
20200409,千葉県,317,284,32,1
20200409,愛知県,278,205,52,21
20200409,埼玉県,242,215,23,4
20200409,兵庫県,216,151,53,12
20200409,北海道,208,53,146,9
20200409,福岡県,161,154,7,0
20200409,京都府,149,126,23,0
20200409,茨城県,77,71,4,2
20200409,岐阜県,69,65,3,1
20200409,福井県,67,64,1,2
20200409,石川県,66,61,5,0
20200409,大分県,41,33,8,0
20200409,新潟県,37,19,18,0
20200409,高知県,37,25,12,0
20200409,宮城県,34,33,1,0
20200409,沖縄県,32,29,3,0
20200409,奈良県,30,22,8,0
20200409,福島県,29,28,1,0
20200409,和歌山県,29,13,15,1
20200409,群馬県,29,26,2,1
20200409,愛媛県,25,20,4,1
20200409,滋賀県,24,21,3,0
20200409,広島県,23,22,1,0
20200409,熊本県,23,20,3,0
20200409,山梨県,22,20,2,0
20200409,山形県,22,22,0,0
20200409,栃木県,21,16,5,0
20200409,長野県,19,16,3,0
20200409,山口県,17,14,3,0
20200409,静岡県,15,12,3,0
20200409,岡山県,15,15,0,0
20200409,富山県,14,14,0,0
20200409,三重県,13,8,5,0
20200409,宮崎県,12,9,3,0
20200409,長崎県,12,10,2,0
20200409,青森県,12,12,0,0
20200409,佐賀県,11,10,1,0
20200409,秋田県,11,9,2,0
20200409,香川県,3,3,0,0
20200409,徳島県,3,2,1,0
20200409,鹿児島県,3,3,0,0
20200410,東京都,1528,1453,57,18
20200410,大阪府,589,465,118,6
20200410,神奈川県,375,332,37,6
20200410,千葉県,342,306,35,1
20200410,愛知県,299,225,53,21
20200410,兵庫県,273,203,58,12
20200410,埼玉県,271,241,25,5
20200410,北海道,226,71,145,10
20200410,福岡県,187,180,7,0
20200410,京都府,159,129,29,1
20200410,茨城県,81,75,4,2
20200410,岐阜県,76,70,5,1
20200410,石川県,72,67,5,0
20200410,福井県,72,67,3,2
20200410,高知県,47,35,12,0
20200410,沖縄県,42,39,3,0
20200410,大分県,41,31,10,0
20200410,新潟県,39,22,17,0
20200410,宮城県,36,35,1,0
20200410,奈良県,34,26,8,0
20200410,福島県,33,31,2,0
20200410,群馬県,33,28,4,1
20200410,和歌山県,32,16,15,1
20200410,栃木県,31,26,5,0
20200410,山形県,27,27,0,0
20200410,滋賀県,26,23,3,0
20200410,愛媛県,26,21,4,1
20200410,広島県,25,22,3,0
20200410,山梨県,24,22,2,0
20200410,熊本県,23,19,4,0
20200410,長野県,21,18,3,0
20200410,山口県,17,14,3,0
20200410,宮崎県,16,13,3,0
20200410,富山県,16,16,0,0
20200410,静岡県,16,13,3,0
20200410,岡山県,16,16,0,0
20200410,三重県,15,10,5,0
20200410,青森県,14,14,0,0
20200410,長崎県,14,12,2,0
20200410,秋田県,11,9,2,0
20200410,佐賀県,11,10,1,0
20200410,徳島県,3,2,1,0
20200410,香川県,3,3,0,0
20200410,鹿児島県,3,3,0,0
20200410,島根県,1,1,0,0
20200411,東京都,1717,1641,57,19
20200411,大阪府,697,570,121,6
20200411,神奈川県,425,375,44,6
20200411,千葉県,375,336,37,2
20200411,埼玉県,325,295,25,5
20200411,兵庫県,316,245,59,12
20200411,愛知県,313,228,63,22
20200411,北海道,239,80,148,11
20200411,福岡県,224,217,7,0
20200411,京都府,168,138,29,1
20200411,石川県,92,87,5,0
20200411,岐阜県,82,76,5,1
20200411,茨城県,82,72,7,3
20200411,福井県,76,68,6,2
20200411,高知県,52,40,12,0
20200411,沖縄県,49,46,3,0
20200411,大分県,42,32,10,0
20200411,新潟県,41,17,24,0
20200411,奈良県,37,29,8,0
20200411,宮城県,37,36,1,0
20200411,福島県,36,33,3,0
20200411,群馬県,35,29,5,1
20200411,静岡県,34,31,3,0
20200411,滋賀県,34,31,3,0
20200411,和歌山県,33,17,15,1
20200411,栃木県,31,26,5,0
20200411,長野県,28,25,3,0
20200411,愛媛県,28,23,4,1
20200411,山梨県,27,25,2,0
20200411,山形県,27,27,0,0
20200411,広島県,25,22,3,0
20200411,富山県,23,23,0,0
20200411,熊本県,23,18,4,1
20200411,山口県,17,14,3,0
20200411,宮崎県,16,13,3,0
20200411,岡山県,16,15,1,0
20200411,三重県,15,10,5,0
20200411,青森県,14,11,3,0
20200411,長崎県,14,12,2,0
20200411,秋田県,12,7,5,0
20200411,佐賀県,12,11,1,0
20200411,香川県,4,4,0,0
20200411,徳島県,3,2,1,0
20200411,鹿児島県,3,3,0,0
20200411,島根県,2,2,0,0
20200411,鳥取県,1,1,0,0
20200412,埼玉県,345,315,25,5
20200412,千葉県,411,369,38,4
20200412,東京都,1914,1838,57,19
20200412,神奈川県,465,415,44,6
20200412,大阪府,767,640,121,6
20200412,兵庫県,358,286,59,13
20200412,福岡県,332,325,7,0
20200412,北海道,255,86,158,11
20200412,青森県,22,19,3,0
20200412,岩手県,0,0,0,0
20200412,宮城県,46,45,1,0
20200412,秋田県,13,8,5,0
20200412,山形県,32,32,0,0
20200412,福島県,37,34,3,0
20200412,茨城県,91,80,8,3
20200412,栃木県,32,27,5,0
20200412,群馬県,79,72,5,2
20200412,新潟県,41,17,24,0
20200412,富山県,23,23,0,0
20200412,石川県,104,99,5,0
20200412,福井県,86,78,6,2
20200412,山梨県,32,30,2,0
20200412,長野県,28,25,3,0
20200412,岐阜県,91,85,5,1
20200412,静岡県,39,36,3,0
20200412,愛知県,340,255,63,22
20200412,三重県,17,12,5,0
20200412,滋賀県,38,35,3,0
20200412,京都府,181,147,33,1
20200412,奈良県,39,31,8,0
20200412,和歌山県,33,15,17,1
20200412,鳥取県,1,1,0,0
20200412,島根県,6,6,0,0
20200412,岡山県,16,15,1,0
20200412,広島県,31,28,3,0
20200412,山口県,19,16,3,0
20200412,徳島県,3,0,3,0
20200412,香川県,4,3,1,0
20200412,愛媛県,30,25,4,1
20200412,高知県,54,41,13,0
20200412,佐賀県,12,11,1,0
20200412,長崎県,14,12,2,0
20200412,熊本県,23,18,4,1
20200412,大分県,42,32,10,0
20200412,宮崎県,17,14,3,0
20200412,鹿児島県,4,4,0,0
20200412,沖縄県,49,46,3,0
20200413,東京都,2080,2004,57,19
20200413,大阪府,812,679,127,6
20200413,神奈川県,478,427,44,7
20200413,千葉県,455,412,39,4
20200413,埼玉県,386,355,26,5
20200413,兵庫県,375,303,59,13
20200413,福岡県,362,355,7,0
20200413,愛知県,319,234,63,22
20200413,北海道,267,98,158,11
20200413,京都府,193,157,33,3
20200413,石川県,113,108,5,0
20200413,茨城県,109,97,9,3
20200413,岐阜県,105,99,5,1
20200413,群馬県,90,83,5,2
20200413,福井県,88,80,6,2
20200413,沖縄県,66,63,3,0
20200413,高知県,60,46,14,0
20200413,広島県,56,53,3,0
20200413,宮城県,52,50,2,0
20200413,大分県,42,32,10,0
20200413,新潟県,42,18,24,0
20200413,静岡県,41,38,3,0
20200413,奈良県,41,33,8,0
20200413,滋賀県,38,35,3,0
20200413,福島県,38,35,3,0
20200413,栃木県,35,30,5,0
20200413,山梨県,35,33,2,0
20200413,和歌山県,34,16,17,1
20200413,山形県,34,34,0,0
20200413,愛媛県,30,24,4,2
20200413,富山県,30,30,0,0
20200413,長野県,29,26,3,0
20200413,熊本県,28,23,4,1
20200413,山口県,23,20,3,0
20200413,青森県,22,19,3,0
20200413,三重県,17,8,9,0
20200413,宮崎県,17,14,3,0
20200413,岡山県,16,15,1,0
20200413,秋田県,15,10,5,0
20200413,長崎県,14,12,2,0
20200413,佐賀県,13,12,1,0
20200413,香川県,8,7,1,0
20200413,島根県,7,7,0,0
20200413,鹿児島県,4,4,0,0
20200413,徳島県,3,0,3,0
20200413,鳥取県,1,1,0,0
20200413,岩手県,0,0,0,0
20200414,東京都,2171,2095,57,19
20200414,大阪府,836,683,147,6
20200414,神奈川県,572,505,55,12
20200414,千葉県,474,431,39,4
20200414,埼玉県,414,383,26,5
20200414,兵庫県,384,311,59,14
20200414,福岡県,373,366,7,0
20200414,愛知県,328,242,63,23
20200414,北海道,272,100,161,11
20200414,京都府,205,169,33,3
20200414,石川県,121,116,5,0
20200414,岐阜県,112,106,5,1
20200414,茨城県,110,97,10,3
20200414,福井県,92,83,7,2
20200414,群馬県,91,84,5,2
20200414,沖縄県,72,69,3,0
20200414,高知県,60,44,16,0
20200414,広島県,57,54,3,0
20200414,宮城県,54,49,5,0
20200414,富山県,49,48,1,0
20200414,静岡県,46,43,3,0
20200414,奈良県,44,36,8,0
20200414,大分県,43,33,10,0
20200414,新潟県,42,17,25,0
20200414,滋賀県,40,35,5,0
20200414,福島県,38,35,3,0
20200414,愛媛県,37,31,4,2
20200414,栃木県,36,29,7,0
20200414,山形県,35,35,0,0
20200414,山梨県,35,33,2,0
20200414,長野県,34,30,4,0
20200414,和歌山県,34,16,17,1
20200414,熊本県,28,22,5,1
20200414,山口県,24,19,5,0
20200414,青森県,22,18,4,0
20200414,三重県,17,6,11,0
20200414,宮崎県,17,14,3,0
20200414,岡山県,16,15,1,0
20200414,香川県,16,15,1,0
20200414,秋田県,15,10,5,0
20200414,長崎県,14,12,2,0
20200414,佐賀県,13,12,1,0
20200414,島根県,8,8,0,0
20200414,鹿児島県,4,4,0,0
20200414,徳島県,3,0,3,0
20200414,鳥取県,1,1,0,0
20200414,岩手県,0,0,0,0
20200415,東京都,2332,2254,59,19
20200415,大阪府,895,736,152,7
20200415,神奈川県,594,525,55,14
20200415,千葉県,490,440,45,5
20200415,埼玉県,433,399,27,7
20200415,兵庫県,403,327,61,15
20200415,福岡県,403,371,32,0
20200415,愛知県,338,251,63,24
20200415,北海道,279,106,161,12
20200415,京都府,210,173,34,3
20200415,石川県,131,125,5,1
20200415,岐阜県,127,120,6,1
20200415,茨城県,116,103,10,3
20200415,群馬県,97,90,5,2
20200415,福井県,92,82,8,2
20200415,沖縄県,76,73,3,0
20200415,広島県,66,63,3,0
20200415,宮城県,64,59,5,0
20200415,高知県,60,44,16,0
20200415,富山県,54,53,1,0
20200415,滋賀県,51,46,5,0
20200415,奈良県,47,39,8,0
20200415,静岡県,46,43,3,0
20200415,新潟県,45,20,25,0
20200415,大分県,43,30,13,0
20200415,山形県,39,39,0,0
20200415,福島県,39,36,3,0
20200415,愛媛県,39,33,4,2
20200415,栃木県,38,31,7,0
20200415,山梨県,36,34,2,0
20200415,長野県,35,31,4,0
20200415,和歌山県,35,17,17,1
20200415,熊本県,29,23,5,1
20200415,山口県,25,20,5,0
20200415,青森県,22,17,5,0
20200415,香川県,20,19,1,0
20200415,三重県,19,8,11,0
20200415,宮崎県,17,14,3,0
20200415,秋田県,16,11,5,0
20200415,岡山県,16,15,1,0
20200415,佐賀県,15,14,1,0
20200415,長崎県,14,12,2,0
20200415,島根県,10,10,0,0
20200415,鹿児島県,4,4,0,0
20200415,徳島県,3,0,3,0
20200415,鳥取県,1,1,0,0
20200415,岩手県,0,0,0,0
20200416,東京都,2457,2379,59,19
20200416,大阪府,969,806,155,8
20200416,神奈川県,614,544,55,15
20200416,千葉県,525,475,45,5
20200416,埼玉県,479,444,28,7
20200416,福岡県,433,382,45,6
20200416,兵庫県,423,347,61,15
20200416,愛知県,350,260,66,24
20200416,北海道,302,128,161,13
20200416,京都府,215,175,37,3
20200416,石川県,140,131,5,4
20200416,岐阜県,128,115,12,1
20200416,茨城県,119,104,10,5
20200416,群馬県,107,98,5,4
20200416,福井県,100,90,8,2
20200416,沖縄県,86,83,3,0
20200416,広島県,67,64,3,0
20200416,宮城県,65,59,6,0
20200416,高知県,62,46,16,0
20200416,富山県,54,53,1,0
20200416,奈良県,53,43,9,1
20200416,滋賀県,52,47,5,0
20200416,大分県,50,37,13,0
20200416,静岡県,47,44,3,0
20200416,新潟県,46,21,25,0
20200416,山形県,45,45,0,0
20200416,福島県,40,37,3,0
20200416,愛媛県,40,34,4,2
20200416,栃木県,39,32,7,0
20200416,山梨県,39,37,2,0
20200416,和歌山県,37,17,19,1
20200416,長野県,36,32,4,0
20200416,熊本県,31,25,5,1
20200416,山口県,28,23,5,0
20200416,青森県,22,17,5,0
20200416,三重県,20,9,11,0
20200416,香川県,20,19,1,0
20200416,佐賀県,17,16,1,0
20200416,宮崎県,17,13,4,0
20200416,秋田県,16,11,5,0
20200416,岡山県,16,15,1,0
20200416,長崎県,15,13,2,0
20200416,島根県,13,13,0,0
20200416,鹿児島県,4,4,0,0
20200416,徳島県,3,0,3,0
20200416,鳥取県,1,1,0,0
20200416,岩手県,0,0,0,0
20200417,東京都,2606,2528,59,19
20200417,大阪府,1021,838,175,8
20200417,神奈川県,673,602,55,16
20200417,千葉県,539,482,51,6
20200417,埼玉県,535,494,32,9
20200417,福岡県,459,401,52,6
20200417,兵庫県,453,373,63,17
20200417,愛知県,364,274,66,24
20200417,北海道,336,159,163,14
20200417,京都府,225,183,39,3
20200417,石川県,146,137,5,4
20200417,岐阜県,132,115,16,1
20200417,茨城県,123,108,10,5
20200417,広島県,118,115,3,0
20200417,群馬県,109,100,5,4
20200417,福井県,103,93,8,2
20200417,沖縄県,86,79,6,1
20200417,宮城県,75,67,8,0
20200417,富山県,65,63,2,0
20200417,高知県,62,43,18,1
20200417,滋賀県,57,48,8,1
20200417,奈良県,54,44,9,1
20200417,山形県,50,50,0,0
20200417,大分県,50,32,17,1
20200417,福島県,49,46,3,0
20200417,静岡県,48,43,5,0
20200417,新潟県,47,18,29,0
20200417,長野県,45,41,4,0
20200417,山梨県,43,34,9,0
20200417,栃木県,42,34,8,0
20200417,愛媛県,41,35,4,2
20200417,和歌山県,38,18,19,1
20200417,熊本県,31,25,5,1
20200417,山口県,29,24,5,0
20200417,三重県,26,14,11,1
20200417,青森県,22,17,5,0
20200417,香川県,21,20,1,0
20200417,岡山県,18,17,1,0
20200417,宮崎県,17,13,4,0
20200417,秋田県,16,11,5,0
20200417,長崎県,16,14,2,0
20200417,佐賀県,15,14,1,0
20200417,島根県,14,14,0,0
20200417,鹿児島県,4,3,1,0
20200417,徳島県,3,0,3,0
20200417,鳥取県,1,1,0,0
20200417,岩手県,0,0,0,0
20200418,埼玉県,575,534,32,9
20200418,千葉県,609,549,54,6
20200418,東京都,2807,2729,59,19
20200418,神奈川県,710,639,54,17
20200418,大阪府,1076,885,182,9
20200418,兵庫県,480,400,63,17
20200418,福岡県,476,401,66,9
20200418,北海道,370,185,171,14
20200418,茨城県,131,115,11,5
20200418,石川県,160,151,5,4
20200418,岐阜県,136,118,16,2
20200418,愛知県,374,284,66,24
20200418,京都府,235,179,53,3
20200418,青森県,22,17,5,0
20200418,岩手県,0,0,0,0
20200418,宮城県,79,71,8,0
20200418,秋田県,16,11,5,0
20200418,山形県,58,58,0,0
20200418,福島県,52,49,3,0
20200418,栃木県,44,36,8,0
20200418,群馬県,114,105,5,4
20200418,新潟県,53,24,29,0
20200418,富山県,69,67,2,0
20200418,福井県,104,94,8,2
20200418,山梨県,46,37,9,0
20200418,長野県,47,43,4,0
20200418,静岡県,51,46,5,0
20200418,三重県,32,20,11,1
20200418,滋賀県,68,57,10,1
20200418,奈良県,56,43,12,1
20200418,和歌山県,39,19,19,1
20200418,鳥取県,1,1,0,0
20200418,島根県,15,15,0,0
20200418,岡山県,18,17,1,0
20200418,広島県,124,116,8,0
20200418,山口県,30,25,5,0
20200418,徳島県,3,0,3,0
20200418,香川県,24,23,1,0
20200418,愛媛県,41,35,4,2
20200418,高知県,63,44,18,1
20200418,佐賀県,16,15,1,0
20200418,長崎県,17,15,2,0
20200418,熊本県,35,28,6,1
20200418,大分県,54,36,17,1
20200418,宮崎県,17,13,4,0
20200418,鹿児島県,6,5,1,0
20200418,沖縄県,101,94,6,1
20200419,埼玉県,610,569,32,9
20200419,千葉県,643,569,67,7
20200419,東京都,2988,2910,59,19
20200419,神奈川県,754,670,68,16
20200419,大阪府,1164,934,220,10
20200419,兵庫県,502,420,65,17
20200419,福岡県,500,424,66,10
20200419,北海道,407,220,171,16
20200419,茨城県,135,116,14,5
20200419,石川県,173,164,5,4
20200419,岐阜県,137,119,16,2
20200419,愛知県,391,301,66,24
20200419,京都府,242,186,53,3
20200419,青森県,22,16,6,0
20200419,岩手県,0,0,0,0
20200419,宮城県,83,75,8,0
20200419,秋田県,16,11,5,0
20200419,山形県,60,50,10,0
20200419,福島県,60,57,3,0
20200419,栃木県,44,36,8,0
20200419,群馬県,120,111,5,4
20200419,新潟県,56,27,29,0
20200419,富山県,79,77,2,0
20200419,福井県,106,94,8,4
20200419,山梨県,48,39,9,0
20200419,長野県,47,43,4,0
20200419,静岡県,50,42,8,0
20200419,三重県,35,23,11,1
20200419,滋賀県,70,59,10,1
20200419,奈良県,60,47,12,1
20200419,和歌山県,40,20,19,1
20200419,鳥取県,3,3,0,0
20200419,島根県,15,15,0,0
20200419,岡山県,18,15,3,0
20200419,広島県,129,118,11,0
20200419,山口県,30,25,5,0
20200419,徳島県,3,0,3,0
20200419,香川県,24,23,1,0
20200419,愛媛県,44,36,5,3
20200419,高知県,64,45,18,1
20200419,佐賀県,16,15,1,0
20200419,長崎県,17,15,2,0
20200419,熊本県,35,28,6,1
20200419,大分県,54,36,17,1
20200419,宮崎県,17,13,4,0
20200419,鹿児島県,7,6,1,0
20200419,沖縄県,101,94,6,1
20200420,東京都,3095,3017,59,19
20200420,大阪府,1212,967,233,12
20200420,神奈川県,784,694,73,17
20200420,千葉県,661,582,71,8
20200420,埼玉県,642,601,32,9
20200420,福岡県,516,440,66,10
20200420,兵庫県,513,431,65,17
20200420,北海道,434,245,171,18
20200420,愛知県,401,310,66,25
20200420,京都府,251,178,70,3
20200420,石川県,178,169,5,4
20200420,茨城県,139,118,16,5
20200420,岐阜県,139,120,16,3
20200420,広島県,132,121,11,0
20200420,群馬県,122,103,14,5
20200420,福井県,112,85,23,4
20200420,沖縄県,110,103,6,1
20200420,富山県,92,87,4,1
20200420,宮城県,83,75,8,0
20200420,滋賀県,71,60,10,1
20200420,高知県,68,49,18,1
20200420,福島県,62,59,3,0
20200420,奈良県,62,47,14,1
20200420,山形県,61,51,10,0
20200420,新潟県,56,27,29,0
20200420,大分県,54,35,18,1
20200420,長野県,52,48,4,0
20200420,静岡県,52,44,8,0
20200420,山梨県,49,40,9,0
20200420,栃木県,46,38,8,0
20200420,和歌山県,46,25,20,1
20200420,愛媛県,45,34,8,3
20200420,熊本県,39,32,6,1
20200420,三重県,36,24,11,1
20200420,山口県,30,19,11,0
20200420,香川県,25,24,1,0
20200420,青森県,22,16,6,0
20200420,岡山県,19,16,3,0
20200420,佐賀県,17,16,1,0
20200420,長崎県,17,15,2,0
20200420,宮崎県,17,13,4,0
20200420,秋田県,16,11,5,0
20200420,島根県,16,16,0,0
20200420,鹿児島県,8,7,1,0
20200420,鳥取県,3,3,0,0
20200420,徳島県,3,0,3,0
20200420,岩手県,0,0,0,0
20200421,東京都,3197,3119,59,19
20200421,大阪府,1297,1051,233,13
20200421,神奈川県,802,695,88,19
20200421,千葉県,683,598,77,8
20200421,埼玉県,662,621,32,9
20200421,兵庫県,524,442,65,17
20200421,福岡県,524,424,87,13
20200421,北海道,451,262,171,18
20200421,愛知県,406,313,66,27
20200421,京都府,259,177,77,5
20200421,石川県,180,162,14,4
20200421,茨城県,143,121,16,6
20200421,岐阜県,139,112,24,3
20200421,広島県,137,125,12,0
20200421,群馬県,124,105,14,5
20200421,沖縄県,121,107,11,3
20200421,富山県,114,104,8,2
20200421,福井県,113,83,26,4
20200421,宮城県,84,76,8,0
20200421,滋賀県,72,58,13,1
20200421,高知県,69,45,22,2
20200421,山形県,64,49,15,0
20200421,福島県,64,50,14,0
20200421,奈良県,64,49,14,1
20200421,新潟県,56,27,29,0
20200421,大分県,55,35,19,1
20200421,長野県,52,46,6,0
20200421,静岡県,52,44,8,0
20200421,栃木県,49,41,8,0
20200421,山梨県,49,40,9,0
20200421,和歌山県,46,25,20,1
20200421,愛媛県,46,34,9,3
20200421,熊本県,40,32,7,1
20200421,三重県,39,27,11,1
20200421,山口県,30,15,15,0
20200421,香川県,26,25,1,0
20200421,青森県,22,13,9,0
20200421,岡山県,19,15,4,0
20200421,佐賀県,17,16,1,0
20200421,長崎県,18,14,4,0
20200421,宮崎県,17,13,4,0
20200421,秋田県,16,11,5,0
20200421,島根県,16,16,0,0
20200421,鹿児島県,10,9,1,0
20200421,鳥取県,3,3,0,0
20200421,徳島県,3,0,3,0
20200421,岩手県,0,0,0,0
20200422,東京都,3320,3242,59,19
20200422,大阪府,1351,1083,253,15
20200422,神奈川県,816,706,91,19
20200422,千葉県,704,613,80,11
20200422,埼玉県,681,639,32,10
20200422,兵庫県,546,464,65,17
20200422,福岡県,539,439,87,13
20200422,北海道,473,273,179,21
20200422,愛知県,422,329,66,27
20200422,京都府,264,172,86,6
20200422,石川県,190,168,17,5
20200422,茨城県,146,123,17,6
20200422,岐阜県,140,111,24,5
20200422,広島県,138,126,12,0
20200422,群馬県,131,108,14,9
20200422,沖縄県,125,111,11,3
20200422,福井県,118,88,26,4
20200422,富山県,115,105,8,2
20200422,宮城県,84,70,14,0
20200422,滋賀県,76,62,13,1
20200422,奈良県,73,58,14,1
20200422,高知県,69,45,22,2
20200422,山形県,64,47,17,0
20200422,福島県,64,49,15,0
20200422,大分県,60,40,19,1
20200422,新潟県,58,26,32,0
20200422,長野県,54,48,6,0
20200422,静岡県,53,41,12,0
20200422,栃木県,51,43,8,0
20200422,山梨県,50,41,9,0
20200422,和歌山県,47,24,22,1
20200422,愛媛県,47,35,9,3
20200422,三重県,41,29,11,1
20200422,熊本県,41,33,7,1
20200422,山口県,31,16,15,0
20200422,香川県,26,25,1,0
20200422,青森県,22,12,10,0
20200422,岡山県,19,15,4,0
20200422,佐賀県,17,16,1,0
20200422,長崎県,17,12,5,0
20200422,宮崎県,17,13,4,0
20200422,秋田県,16,11,5,0
20200422,島根県,16,16,0,0
20200422,鹿児島県,10,8,2,0
20200422,徳島県,5,2,3,0
20200422,鳥取県,3,3,0,0
20200422,岩手県,0,0,0,0
20200423,東京都,3452,3374,59,19
20200423,大阪府,1382,1110,255,17
20200423,神奈川県,841,707,111,23
20200423,千葉県,725,634,80,11
20200423,埼玉県,714,670,34,10
20200423,兵庫県,563,481,65,17
20200423,福岡県,560,459,88,13
20200423,北海道,495,285,188,22
20200423,愛知県,441,345,67,29
20200423,京都府,275,180,88,7
20200423,石川県,199,177,17,5
20200423,茨城県,151,127,18,6
20200423,岐阜県,143,114,24,5
20200423,広島県,139,126,13,0
20200423,群馬県,131,108,14,9
20200423,沖縄県,130,116,11,3
20200423,福井県,119,89,26,4
20200423,富山県,115,105,8,2
20200423,滋賀県,88,74,13,1
20200423,宮城県,84,70,14,0
20200423,奈良県,75,60,14,1
20200423,高知県,70,40,28,2
20200423,山形県,65,48,17,0
20200423,福島県,65,50,15,0
20200423,新潟県,61,28,33,0
20200423,大分県,60,40,19,1
20200423,静岡県,57,44,13,0
20200423,長野県,56,50,6,0
20200423,栃木県,52,44,8,0
20200423,山梨県,51,28,23,0
20200423,和歌山県,49,26,22,1
20200423,愛媛県,47,28,16,3
20200423,三重県,43,31,11,1
20200423,熊本県,41,33,7,1
20200423,山口県,31,16,15,0
20200423,香川県,26,24,2,0
20200423,青森県,22,12,10,0
20200423,岡山県,19,15,4,0
20200423,佐賀県,18,16,2,0
20200423,宮崎県,17,13,4,0
20200423,秋田県,16,11,5,0
20200423,島根県,16,16,0,0
20200423,長崎県,16,11,5,0
20200423,鹿児島県,10,8,2,0
20200423,徳島県,5,2,3,0
20200423,鳥取県,3,3,0,0
20200423,岩手県,0,0,0,0
20200423,伊客船,34,34,0,0
20200424,東京都,3586,3508,59,19
20200424,大阪府,1417,1143,255,19
20200424,神奈川県,880,742,114,24
20200424,埼玉県,753,705,34,14
20200424,千葉県,749,651,82,16
20200424,兵庫県,581,497,67,17
20200424,福岡県,572,467,92,13
20200424,北海道,540,320,195,25
20200424,愛知県,453,357,67,29
20200424,京都府,282,182,93,7
20200424,石川県,216,194,17,5
20200424,茨城県,153,126,21,6
20200424,富山県,150,139,8,3
20200424,岐阜県,146,117,24,5
20200424,広島県,142,127,14,1
20200424,群馬県,138,115,14,9
20200424,沖縄県,132,118,11,3
20200424,福井県,119,88,26,5
20200424,滋賀県,92,78,13,1
20200424,宮城県,84,61,23,0
20200424,奈良県,76,61,14,1
20200424,高知県,71,41,28,2
20200424,山形県,65,48,17,0
20200424,福島県,65,48,17,0
20200424,新潟県,62,29,33,0
20200424,大分県,60,33,26,1
20200424,長野県,59,51,8,0
20200424,静岡県,58,45,13,0
20200424,栃木県,53,45,8,0
20200424,山梨県,51,29,22,0
20200424,和歌山県,50,26,23,1
20200424,愛媛県,47,28,16,3
20200424,三重県,43,31,11,1
20200424,熊本県,43,34,8,1
20200424,山口県,31,16,15,0
20200424,香川県,28,24,4,0
20200424,青森県,22,8,14,0
20200424,佐賀県,21,19,2,0
20200424,岡山県,19,14,5,0
20200424,宮崎県,17,10,7,0
20200424,秋田県,16,9,7,0
20200424,島根県,16,14,2,0
20200424,長崎県,16,10,5,1
20200424,鹿児島県,10,8,2,0
20200424,徳島県,5,2,3,0
20200424,鳥取県,3,3,0,0
20200424,岩手県,0,0,0,0
20200424,伊客船,48,48,0,0
20200425,埼玉県,767,718,34,15
20200425,千葉県,768,655,95,18
20200425,東京都,3747,3669,59,19
20200425,神奈川県,912,765,123,24
20200425,大阪府,1448,1177,246,25
20200425,兵庫県,605,520,68,17
20200425,福岡県,584,433,136,15
20200425,北海道,562,341,196,25
20200425,茨城県,157,127,24,6
20200425,石川県,222,201,16,5
20200425,岐阜県,146,115,24,7
20200425,愛知県,474,378,66,30
20200425,京都府,286,186,93,7
20200425,青森県,22,8,14,0
20200425,岩手県,0,0,0,0
20200425,宮城県,84,55,29,0
20200425,秋田県,16,9,7,0
20200425,山形県,66,49,17,0
20200425,福島県,66,47,19,0
20200425,栃木県,53,40,13,0
20200425,群馬県,140,117,14,9
20200425,新潟県,65,32,33,0
20200425,富山県,163,151,9,3
20200425,福井県,120,81,34,5
20200425,山梨県,51,29,22,0
20200425,長野県,67,59,8,0
20200425,静岡県,59,46,13,0
20200425,三重県,45,33,11,1
20200425,滋賀県,93,79,13,1
20200425,奈良県,76,61,14,1
20200425,和歌山県,52,28,23,1
20200425,鳥取県,3,3,0,0
20200425,島根県,16,14,2,0
20200425,岡山県,20,15,5,0
20200425,広島県,142,127,14,1
20200425,山口県,31,15,16,0
20200425,徳島県,5,2,3,0
20200425,香川県,28,24,4,0
20200425,愛媛県,47,24,20,3
20200425,高知県,71,41,28,2
20200425,佐賀県,32,26,6,0
20200425,長崎県,16,9,6,1
20200425,熊本県,43,33,9,1
20200425,大分県,60,33,26,1
20200425,宮崎県,17,10,7,0
20200425,鹿児島県,10,7,3,0
20200425,沖縄県,133,118,11,4
20200425,伊客船,91,91,0,0
20200426,埼玉県,786,737,34,15
20200426,千葉県,778,662,97,19
20200426,東京都,3850,3772,59,19
20200426,神奈川県,943,798,120,25
20200426,大阪府,1477,1204,246,27
20200426,兵庫県,619,530,72,17
20200426,福岡県,595,442,138,15
20200426,北海道,601,375,201,25
20200426,茨城県,158,128,24,6
20200426,石川県,224,203,16,5
20200426,岐阜県,146,103,36,7
20200426,愛知県,475,379,66,30
20200426,京都府,290,146,137,7
20200426,青森県,22,8,14,0
20200426,岩手県,0,0,0,0
20200426,宮城県,85,54,31,0
20200426,秋田県,16,9,7,0
20200426,山形県,66,34,32,0
20200426,福島県,68,49,19,0
20200426,栃木県,52,39,13,0
20200426,群馬県,140,117,14,9
20200426,新潟県,65,32,33,0
20200426,富山県,175,163,9,3
20200426,福井県,120,82,33,5
20200426,山梨県,51,29,22,0
20200426,長野県,66,58,8,0
20200426,静岡県,62,49,13,0
20200426,三重県,45,28,16,1
20200426,滋賀県,94,71,22,1
20200426,奈良県,76,61,14,1
20200426,和歌山県,57,32,24,1
20200426,鳥取県,3,2,1,0
20200426,島根県,16,14,2,0
20200426,岡山県,21,16,5,0
20200426,広島県,143,128,14,1
20200426,山口県,31,13,18,0
20200426,徳島県,5,2,3,0
20200426,香川県,28,23,5,0
20200426,愛媛県,47,24,20,3
20200426,高知県,72,42,28,2
20200426,佐賀県,36,30,6,0
20200426,長崎県,16,9,6,1
20200426,熊本県,43,33,9,1
20200426,大分県,60,33,26,1
20200426,宮崎県,17,10,7,0
20200426,鹿児島県,10,7,3,0
20200426,沖縄県,133,118,11,4
20200426,伊客船,148,148,0,0
20200427,埼玉県,806,754,36,16
20200427,千葉県,786,670,97,19
20200427,東京都,3922,3844,59,19
20200427,神奈川県,959,813,120,26
20200427,大阪府,1493,1214,252,27
20200427,兵庫県,627,533,77,17
20200427,福岡県,606,443,148,15
20200427,北海道,615,388,202,25
20200427,茨城県,161,131,24,6
20200427,石川県,229,208,16,5
20200427,岐阜県,146,82,57,7
20200427,愛知県,476,380,66,30
20200427,京都府,294,145,142,7
20200427,青森県,22,8,14,0
20200427,岩手県,0,0,0,0
20200427,宮城県,85,54,31,0
20200427,秋田県,16,9,7,0
20200427,山形県,66,34,32,0
20200427,福島県,69,50,19,0
20200427,栃木県,52,39,13,0
20200427,群馬県,141,117,15,9
20200427,新潟県,69,37,32,0
20200427,富山県,177,165,9,3
20200427,福井県,121,83,33,5
20200427,山梨県,51,29,22,0
20200427,長野県,66,49,17,0
20200427,静岡県,63,50,13,0
20200427,三重県,45,28,16,1
20200427,滋賀県,94,71,22,1
20200427,奈良県,76,61,14,1
20200427,和歌山県,58,30,27,1
20200427,鳥取県,3,2,1,0
20200427,島根県,22,20,2,0
20200427,岡山県,22,17,5,0
20200427,広島県,145,129,15,1
20200427,山口県,31,13,18,0
20200427,徳島県,5,2,3,0
20200427,香川県,28,23,5,0
20200427,愛媛県,47,20,24,3
20200427,高知県,73,43,28,2
20200427,佐賀県,36,30,6,0
20200427,長崎県,16,9,6,1
20200427,熊本県,45,33,11,1
20200427,大分県,60,33,26,1
20200427,宮崎県,17,9,8,0
20200427,鹿児島県,10,7,3,0
20200427,沖縄県,133,118,11,4
20200427,伊客船,148,148,0,0
20200428,東京都,3961,3883,59,19
20200428,大阪府,1523,1231,260,32
20200428,神奈川県,965,816,122,27
20200428,埼玉県,823,765,42,16
20200428,千葉県,793,672,98,23
20200428,北海道,650,422,202,26
20200428,兵庫県,629,527,85,17
20200428,福岡県,615,438,161,16
20200428,愛知県,477,381,66,30
20200428,京都府,309,161,140,8
20200428,石川県,236,215,16,5
20200428,富山県,181,169,9,3
20200428,茨城県,161,124,31,6
20200428,岐阜県,146,82,57,7
20200428,群馬県,146,122,15,9
20200428,広島県,145,128,16,1
20200428,沖縄県,137,110,23,4
20200428,福井県,121,52,63,6
20200428,滋賀県,94,71,22,1
20200428,宮城県,86,54,32,0
20200428,奈良県,78,63,14,1
20200428,高知県,73,43,28,2
20200428,福島県,69,50,19,0
20200428,新潟県,69,37,32,0
20200428,山形県,66,28,38,0
20200428,長野県,66,49,17,0
20200428,静岡県,64,51,13,0
20200428,大分県,60,32,27,1
20200428,和歌山県,59,31,27,1
20200428,栃木県,54,41,13,0
20200428,山梨県,51,29,22,0
20200428,愛媛県,47,20,24,3
20200428,三重県,45,28,16,1
20200428,熊本県,45,32,12,1
20200428,佐賀県,36,30,6,0
20200428,山口県,32,14,18,0
20200428,香川県,28,23,5,0
20200428,青森県,23,9,14,0
20200428,島根県,22,20,2,0
20200428,岡山県,22,17,5,0
20200428,宮崎県,17,8,9,0
20200428,秋田県,16,9,7,0
20200428,長崎県,16,7,8,1
20200428,鹿児島県,10,6,4,0
20200428,徳島県,5,2,3,0
20200428,鳥取県,3,2,1,0
20200428,岩手県,0,0,0,0
20200428,伊客船,148,148,0,0
20200429,埼玉県,828,771,42,15
20200429,千葉県,801,677,101,23
20200429,東京都,4073,3995,59,19
20200429,神奈川県,975,796,150,29
20200429,大阪府,1555,1245,274,36
20200429,兵庫県,636,539,80,17
20200429,福岡県,619,433,170,16
20200429,北海道,688,460,202,26
20200429,茨城県,162,125,31,6
20200429,石川県,245,218,22,5
20200429,岐阜県,146,74,65,7
20200429,愛知県,482,385,66,31
20200429,京都府,313,165,140,8
20200429,青森県,26,12,14,0
20200429,岩手県,0,0,0,0
20200429,宮城県,87,55,32,0
20200429,秋田県,16,9,7,0
20200429,山形県,66,28,38,0
20200429,福島県,70,51,19,0
20200429,栃木県,54,41,13,0
20200429,群馬県,146,120,15,11
20200429,新潟県,75,43,32,0
20200429,富山県,190,178,9,3
20200429,福井県,122,53,63,6
20200429,山梨県,52,29,23,0
20200429,長野県,66,49,17,0
20200429,静岡県,67,43,24,0
20200429,三重県,45,28,16,1
20200429,滋賀県,94,71,22,1
20200429,奈良県,80,65,14,1
20200429,和歌山県,60,31,27,2
20200429,鳥取県,3,2,1,0
20200429,島根県,23,21,2,0
20200429,岡山県,22,17,5,0
20200429,広島県,149,128,20,1
20200429,山口県,32,9,23,0
20200429,徳島県,5,2,3,0
20200429,香川県,28,22,6,0
20200429,愛媛県,47,20,24,3
20200429,高知県,73,42,28,3
20200429,佐賀県,37,31,6,0
20200429,長崎県,16,6,9,1
20200429,熊本県,45,32,12,1
20200429,大分県,60,32,27,1
20200429,宮崎県,17,7,10,0
20200429,鹿児島県,10,6,4,0
20200429,沖縄県,141,113,24,4
20200429,伊客船,148,148,0,0
20200430,東京都,4120,4042,59,19
20200430,大阪府,1599,1281,281,37
20200430,神奈川県,1002,821,150,31
20200430,埼玉県,843,779,49,15
20200430,千葉県,806,681,102,23
20200430,北海道,726,491,209,26
20200430,兵庫県,642,544,81,17
20200430,福岡県,639,452,170,17
20200430,愛知県,486,388,67,31
20200430,京都府,316,151,156,9
20200430,石川県,250,222,22,6
20200430,富山県,190,178,9,3
20200430,茨城県,162,123,33,6
20200430,広島県,153,132,20,1
20200430,岐阜県,146,74,65,7
20200430,群馬県,146,116,15,15
20200430,沖縄県,141,113,24,4
20200430,福井県,122,51,64,7
20200430,滋賀県,96,60,35,1
20200430,宮城県,88,56,32,0
20200430,奈良県,82,67,14,1
20200430,新潟県,75,43,32,0
20200430,高知県,74,43,28,3
20200430,福島県,72,53,19,0
20200430,山形県,68,30,38,0
20200430,静岡県,68,44,24,0
20200430,長野県,66,49,17,0
20200430,和歌山県,60,30,28,2
20200430,大分県,60,31,28,1
20200430,栃木県,54,41,13,0
20200430,山梨県,52,28,24,0
20200430,愛媛県,47,20,24,3
20200430,熊本県,47,34,12,1
20200430,三重県,45,25,19,1
20200430,佐賀県,38,32,6,0
20200430,山口県,32,8,24,0
20200430,香川県,28,21,7,0
20200430,青森県,26,12,14,0
20200430,島根県,23,20,3,0
20200430,岡山県,23,18,5,0
20200430,長崎県,17,7,9,1
20200430,宮崎県,17,7,10,0
20200430,秋田県,16,9,7,0
20200430,鹿児島県,10,6,4,0
20200430,徳島県,5,2,3,0
20200430,鳥取県,3,2,1,0
20200430,岩手県,0,0,0,0
20200430,伊客船,148,148,0,0
20200501,東京都,4166,4088,59,19
20200501,大阪府,1627,1035,551,41
20200501,神奈川県,1028,828,168,32
20200501,埼玉県,851,785,49,17
20200501,千葉県,810,683,103,24
20200501,北海道,767,531,209,27
20200501,兵庫県,645,547,81,17
20200501,福岡県,642,455,170,17
20200501,愛知県,488,381,75,32
20200501,京都府,319,151,159,9
20200501,石川県,251,223,22,6
20200501,富山県,202,186,9,7
20200501,茨城県,163,121,35,7
20200501,広島県,155,124,29,2
20200501,岐阜県,146,74,65,7
20200501,群馬県,146,116,15,15
20200501,沖縄県,142,114,24,4
20200501,福井県,122,45,69,8
20200501,滋賀県,96,60,35,1
20200501,宮城県,88,56,32,0
20200501,奈良県,82,67,14,1
20200501,新潟県,75,43,32,0
20200501,高知県,74,43,28,3
20200501,福島県,73,54,19,0
20200501,静岡県,72,47,24,1
20200501,山形県,68,30,38,0
20200501,長野県,66,49,17,0
20200501,和歌山県,62,32,28,2
20200501,大分県,60,29,30,1
20200501,栃木県,54,38,16,0
20200501,山梨県,52,28,24,0
20200501,愛媛県,47,19,25,3
20200501,熊本県,47,33,13,1
20200501,三重県,45,25,19,1
20200501,佐賀県,41,34,7,0
20200501,山口県,32,8,24,0
20200501,香川県,28,21,7,0
20200501,青森県,26,12,14,0
20200501,島根県,23,16,7,0
20200501,岡山県,23,13,10,0
20200501,長崎県,17,7,9,1
20200501,宮崎県,17,6,11,0
20200501,秋田県,16,9,7,0
20200501,鹿児島県,10,6,4,0
20200501,徳島県,5,2,3,0
20200501,鳥取県,3,2,1,0
20200501,岩手県,0,0,0,0
20200501,伊客船,148,148,0,0
20200502,埼玉県,857,788,52,17
20200502,千葉県,816,686,105,25
20200502,東京都,4331,4253,59,19
20200502,神奈川県,1042,838,172,32
20200502,大阪府,1641,1042,555,44
20200502,兵庫県,650,549,83,18
20200502,福岡県,645,458,170,17
20200502,北海道,790,513,248,29
20200502,茨城県,165,123,35,7
20200502,石川県,254,224,23,7
20200502,岐阜県,149,73,70,6
20200502,愛知県,491,384,75,32
20200502,京都府,323,154,159,10
20200502,青森県,26,12,14,0
20200502,岩手県,0,0,0,0
20200502,宮城県,88,38,50,0
20200502,秋田県,16,3,13,0
20200502,山形県,68,20,48,0
20200502,福島県,74,55,19,0
20200502,栃木県,54,38,16,0
20200502,群馬県,146,116,15,15
20200502,新潟県,77,45,32,0
20200502,富山県,201,185,9,7
20200502,福井県,122,45,69,8
20200502,山梨県,54,25,29,0
20200502,長野県,66,49,17,0
20200502,静岡県,73,48,24,1
20200502,三重県,45,25,19,1
20200502,滋賀県,96,60,35,1
20200502,奈良県,85,70,14,1
20200502,和歌山県,62,32,28,2
20200502,鳥取県,3,2,1,0
20200502,島根県,23,16,7,0
20200502,岡山県,23,13,10,0
20200502,広島県,156,125,29,2
20200502,山口県,34,10,24,0
20200502,徳島県,5,2,3,0
20200502,香川県,28,21,7,0
20200502,愛媛県,47,19,25,3
20200502,高知県,74,22,49,3
20200502,佐賀県,42,35,7,0
20200502,長崎県,17,7,9,1
20200502,熊本県,47,33,13,1
20200502,大分県,60,28,31,1
20200502,宮崎県,17,6,11,0
20200502,鹿児島県,10,6,4,0
20200502,沖縄県,142,114,24,4
20200502,伊客船,148,148,0,0
20200503,埼玉県,878,809,52,17
20200503,千葉県,823,693,105,25
20200503,東京都,4491,4413,59,19
20200503,神奈川県,1060,850,177,33
20200503,大阪府,1658,1056,557,45
20200503,兵庫県,654,550,86,18
20200503,福岡県,648,460,171,17
20200503,北海道,823,546,248,29
20200503,茨城県,165,120,38,7
20200503,石川県,260,224,23,13
20200503,岐阜県,150,65,79,6
20200503,愛知県,491,383,75,33
20200503,京都府,328,149,168,11
20200503,青森県,26,12,14,0
20200503,岩手県,0,0,0,0
20200503,宮城県,88,27,61,0
20200503,秋田県,16,3,13,0
20200503,山形県,68,18,50,0
20200503,福島県,75,56,19,0
20200503,栃木県,54,38,16,0
20200503,群馬県,146,116,15,15
20200503,新潟県,77,45,32,0
20200503,富山県,209,162,38,9
20200503,福井県,122,39,75,8
20200503,山梨県,55,26,29,0
20200503,長野県,69,46,23,0
20200503,静岡県,73,48,24,1
20200503,三重県,45,25,19,1
20200503,滋賀県,96,60,35,1
20200503,奈良県,86,47,38,1
20200503,和歌山県,62,29,31,2
20200503,鳥取県,3,2,1,0
20200503,島根県,23,16,7,0
20200503,岡山県,23,13,10,0
20200503,広島県,161,130,29,2
20200503,山口県,34,10,24,0
20200503,徳島県,5,1,3,1
20200503,香川県,28,21,7,0
20200503,愛媛県,47,17,27,3
20200503,高知県,74,22,49,3
20200503,佐賀県,42,35,7,0
20200503,長崎県,17,7,9,1
20200503,熊本県,47,33,13,1
20200503,大分県,60,28,31,1
20200503,宮崎県,17,6,11,0
20200503,鹿児島県,10,6,4,0
20200503,沖縄県,142,114,24,4
20200503,伊客船,148,148,0,0
20200504,埼玉県,888,809,54,25
20200504,千葉県,828,697,105,26
20200504,東京都,4582,4504,59,19
20200504,神奈川県,1101,882,184,35
20200504,大阪府,1669,1045,575,49
20200504,兵庫県,667,559,90,18
20200504,福岡県,648,453,173,22
20200504,北海道,847,566,248,33
20200504,茨城県,165,113,45,7
20200504,石川県,264,228,23,13
20200504,岐阜県,150,65,79,6
20200504,愛知県,492,383,75,34
20200504,京都府,331,144,176,11
20200504,青森県,26,12,14,0
20200504,岩手県,0,0,0,0
20200504,宮城県,88,27,61,0
20200504,秋田県,16,3,13,0
20200504,山形県,68,15,53,0
20200504,福島県,78,59,19,0
20200504,栃木県,54,38,16,0
20200504,群馬県,146,94,36,16
20200504,新潟県,77,45,32,0
20200504,富山県,212,165,37,10
20200504,福井県,122,39,75,8
20200504,山梨県,56,27,29,0
20200504,長野県,70,47,23,0
20200504,静岡県,73,48,24,1
20200504,三重県,45,25,19,1
20200504,滋賀県,96,60,35,1
20200504,奈良県,87,48,38,1
20200504,和歌山県,62,25,35,2
20200504,鳥取県,3,2,1,0
20200504,島根県,24,17,7,0
20200504,岡山県,23,13,10,0
20200504,広島県,162,125,35,2
20200504,山口県,35,11,24,0
20200504,徳島県,5,1,3,1
20200504,香川県,28,19,9,0
20200504,愛媛県,48,14,31,3
20200504,高知県,74,22,49,3
20200504,佐賀県,44,35,9,0
20200504,長崎県,17,6,10,1
20200504,熊本県,47,32,13,2
20200504,大分県,60,27,32,1
20200504,宮崎県,17,6,11,0
20200504,鹿児島県,10,6,4,0
20200504,沖縄県,142,114,24,4
20200504,伊客船,148,148,0,0
20200505,埼玉県,894,814,54,26
20200505,千葉県,834,697,111,26
20200505,東京都,4669,4591,59,19
20200505,神奈川県,1111,886,185,40
20200505,大阪府,1682,1054,576,52
20200505,兵庫県,667,559,90,18
20200505,福岡県,649,454,173,22
20200505,北海道,879,589,254,36
20200505,茨城県,167,98,61,8
20200505,石川県,267,231,23,13
20200505,岐阜県,150,63,81,6
20200505,愛知県,495,386,75,34
20200505,京都府,334,147,176,11
20200505,青森県,26,12,14,0
20200505,岩手県,0,0,0,0
20200505,宮城県,88,27,61,0
20200505,秋田県,16,3,13,0
20200505,山形県,69,15,54,0
20200505,福島県,78,59,19,0
20200505,栃木県,54,32,22,0
20200505,群馬県,146,94,36,16
20200505,新潟県,77,45,32,0
20200505,富山県,212,165,37,10
20200505,福井県,122,36,78,8
20200505,山梨県,56,27,29,0
20200505,長野県,72,44,28,0
20200505,静岡県,73,48,24,1
20200505,三重県,45,25,19,1
20200505,滋賀県,98,62,35,1
20200505,奈良県,87,47,38,2
20200505,和歌山県,62,25,35,2
20200505,鳥取県,3,2,1,0
20200505,島根県,24,17,7,0
20200505,岡山県,23,13,10,0
20200505,広島県,162,125,35,2
20200505,山口県,36,12,24,0
20200505,徳島県,5,1,3,1
20200505,香川県,28,17,11,0
20200505,愛媛県,48,14,31,3
20200505,高知県,74,22,49,3
20200505,佐賀県,45,35,10,0
20200505,長崎県,17,6,10,1
20200505,熊本県,47,32,13,2
20200505,大分県,60,27,32,1
20200505,宮崎県,17,6,11,0
20200505,鹿児島県,10,6,4,0
20200505,沖縄県,142,114,24,4
20200505,伊客船,149,149,0,0
20200506,埼玉県,901,814,60,27
20200506,千葉県,835,672,136,27
20200506,東京都,4727,4635,73,19
20200506,神奈川県,1125,899,185,41
20200506,大阪府,1689,1007,627,55
20200506,兵庫県,673,559,96,18
20200506,福岡県,650,344,284,22
20200506,北海道,891,562,286,43
20200506,茨城県,168,90,69,9
20200506,石川県,268,232,23,13
20200506,岐阜県,150,49,95,6
20200506,愛知県,498,389,75,34
20200506,京都府,338,141,185,12
20200506,青森県,26,11,15,0
20200506,岩手県,0,0,0,0
20200506,宮城県,88,23,65,0
20200506,秋田県,16,3,13,0
20200506,山形県,69,15,54,0
20200506,福島県,79,45,34,0
20200506,栃木県,54,29,25,0
20200506,群馬県,146,94,36,16
20200506,新潟県,78,46,32,0
20200506,富山県,216,169,37,10
20200506,福井県,122,36,78,8
20200506,山梨県,56,27,29,0
20200506,長野県,72,44,28,0
20200506,静岡県,73,48,24,1
20200506,三重県,45,24,20,1
20200506,滋賀県,98,61,36,1
20200506,奈良県,88,48,38,2
20200506,和歌山県,62,22,38,2
20200506,鳥取県,3,2,1,0
20200506,島根県,24,15,9,0
20200506,岡山県,23,13,10,0
20200506,広島県,162,123,37,2
20200506,山口県,37,13,24,0
20200506,徳島県,5,1,3,1
20200506,香川県,28,17,11,0
20200506,愛媛県,48,13,32,3
20200506,高知県,74,22,49,3
20200506,佐賀県,45,35,10,0
20200506,長崎県,17,6,10,1
20200506,熊本県,47,32,13,2
20200506,大分県,60,26,33,1
20200506,宮崎県,17,6,11,0
20200506,鹿児島県,10,6,4,0
20200506,沖縄県,142,114,24,4
20200506,伊客船,149,149,0,0
20200507,埼玉県,909,820,62,27
20200507,千葉県,837,630,179,28
20200507,東京都,4765,4673,73,19
20200507,神奈川県,1132,901,188,43
20200507,大阪府,1704,1019,629,56
20200507,兵庫県,676,558,99,19
20200507,福岡県,651,345,284,22
20200507,北海道,914,585,286,43
20200507,茨城県,168,88,71,9
20200507,石川県,271,212,46,13
20200507,岐阜県,150,38,106,6
20200507,愛知県,498,364,99,35
20200507,京都府,341,123,206,12
20200507,青森県,26,11,15,0
20200507,岩手県,0,0,0,0
20200507,宮城県,88,19,69,0
20200507,秋田県,16,3,13,0
20200507,山形県,69,15,54,0
20200507,福島県,79,45,34,0
20200507,栃木県,54,29,25,0
20200507,群馬県,147,84,47,16
20200507,新潟県,78,46,32,0
20200507,富山県,219,172,37,10
20200507,福井県,122,30,84,8
20200507,山梨県,56,27,29,0
20200507,長野県,73,41,32,0
20200507,静岡県,73,30,42,1
20200507,三重県,45,15,29,1
20200507,滋賀県,98,61,36,1
20200507,奈良県,88,48,38,2
20200507,和歌山県,62,17,43,2
20200507,鳥取県,3,2,1,0
20200507,島根県,24,15,9,0
20200507,岡山県,23,13,10,0
20200507,広島県,162,123,37,2
20200507,山口県,37,13,24,0
20200507,徳島県,5,1,3,1
20200507,香川県,28,17,11,0
20200507,愛媛県,48,13,32,3
20200507,高知県,74,22,49,3
20200507,佐賀県,45,35,10,0
20200507,長崎県,17,6,10,1
20200507,熊本県,47,29,16,2
20200507,大分県,60,26,33,1
20200507,宮崎県,17,6,11,0
20200507,鹿児島県,10,5,5,0
20200507,沖縄県,142,114,24,4
20200507,伊客船,149,149,0,0
20200508,東京都,4777,4685,73,19
20200508,大阪府,1713,980,674,59
20200508,神奈川県,1145,913,188,44
20200508,北海道,928,581,302,45
20200508,埼玉県,922,821,73,28
20200508,千葉県,842,556,253,33
20200508,兵庫県,679,560,100,19
20200508,福岡県,652,346,284,22
20200508,愛知県,498,140,324,34
20200508,京都府,347,123,212,12
20200508,石川県,275,216,46,13
20200508,富山県,220,172,38,10
20200508,茨城県,168,86,73,9
20200508,広島県,162,122,38,2
20200508,岐阜県,150,38,106,6
20200508,群馬県,147,82,47,18
20200508,沖縄県,142,114,24,4
20200508,福井県,122,30,84,8
20200508,滋賀県,98,45,52,1
20200508,奈良県,89,35,52,2
20200508,宮城県,88,16,72,0
20200508,福島県,79,45,34,0
20200508,新潟県,78,46,32,0
20200508,高知県,74,22,49,3
20200508,長野県,73,39,34,0
20200508,静岡県,73,30,42,1
20200508,山形県,69,15,54,0
20200508,和歌山県,62,16,44,2
20200508,大分県,60,26,33,1
20200508,山梨県,56,27,29,0
20200508,栃木県,54,29,25,0
20200508,愛媛県,48,13,32,3
20200508,熊本県,47,29,16,2
20200508,三重県,45,15,29,1
20200508,佐賀県,45,35,10,0
20200508,山口県,37,13,24,0
20200508,香川県,28,16,12,0
20200508,青森県,26,11,15,0
20200508,島根県,24,14,10,0
20200508,岡山県,23,12,11,0
20200508,長崎県,17,6,10,1
20200508,宮崎県,17,6,11,0
20200508,秋田県,16,3,13,0
20200508,鹿児島県,10,5,5,0
20200508,徳島県,5,1,3,1
20200508,鳥取県,3,2,1,0
20200508,岩手県,0,0,0,0
20200508,伊客船,149,149,0,0