code,prefecture,total,first,second,category,date
1,北海道,92179,56808,35371,medical,20210419
2,青森県,20804,13239,7565,medical,20210419
3,岩手県,21526,12800,8726,medical,20210419
4,宮城県,35223,20463,14760,medical,20210419
5,秋田県,18940,11795,7145,medical,20210419
6,山形県,21482,13314,8168,medical,20210419
7,福島県,29418,18322,11096,medical,20210419
8,茨城県,43555,26364,17191,medical,20210419
9,栃木県,29761,17766,11995,medical,20210419
10,群馬県,31335,19586,11749,medical,20210419
11,埼玉県,81737,52044,29693,medical,20210419
12,千葉県,81731,49198,32533,medical,20210419
13,東京都,180851,117683,63168,medical,20210419
14,神奈川県,79262,50264,28998,medical,20210419
15,新潟県,33968,22757,11211,medical,20210419
16,富山県,20366,12278,8088,medical,20210419
17,石川県,18145,12267,5878,medical,20210419
18,福井県,13489,8172,5317,medical,20210419
19,山梨県,12759,7423,5336,medical,20210419
20,長野県,30890,20499,10391,medical,20210419
21,岐阜県,29633,19189,10444,medical,20210419
22,静岡県,43978,28524,15454,medical,20210419
23,愛知県,85741,56349,29392,medical,20210419
24,三重県,30298,18255,12043,medical,20210419
25,滋賀県,19998,12071,7927,medical,20210419
26,京都府,40348,25009,15339,medical,20210419
27,大阪府,131985,83193,48792,medical,20210419
28,兵庫県,75640,51262,24378,medical,20210419
29,奈良県,20287,11527,8760,medical,20210419
30,和歌山県,18349,11670,6679,medical,20210419
31,鳥取県,13678,7429,6249,medical,20210419
32,島根県,12571,7602,4969,medical,20210419
33,岡山県,32155,19447,12708,medical,20210419
34,広島県,47473,29083,18390,medical,20210419
35,山口県,35727,20539,15188,medical,20210419
36,徳島県,16888,9715,7173,medical,20210419
37,香川県,19429,13091,6338,medical,20210419
38,愛媛県,24230,14468,9762,medical,20210419
39,高知県,19242,12400,6842,medical,20210419
40,福岡県,81024,49874,31150,medical,20210419
41,佐賀県,24657,14437,10220,medical,20210419
42,長崎県,32861,20861,12000,medical,20210419
43,熊本県,45546,27955,17591,medical,20210419
44,大分県,26008,15035,10973,medical,20210419
45,宮崎県,24463,14957,9506,medical,20210419
46,鹿児島県,36447,21689,14758,medical,20210419
47,沖縄県,30665,19673,10992,medical,20210419
1,北海道,115865,72190,43675,medical,20210423
2,青森県,28342,18443,9899,medical,20210423
3,岩手県,31075,21793,9282,medical,20210423
4,宮城県,49963,33082,16881,medical,20210423
5,秋田県,26504,18213,8291,medical,20210423
6,山形県,27064,17544,9520,medical,20210423
7,福島県,38028,24287,13741,medical,20210423
8,茨城県,60710,40370,20340,medical,20210423
9,栃木県,42832,28116,14716,medical,20210423
10,群馬県,44061,28812,15249,medical,20210423
11,埼玉県,123188,85296,37892,medical,20210423
12,千葉県,107186,70266,36920,medical,20210423
13,東京都,254513,173280,81233,medical,20210423
14,神奈川県,113758,79039,34719,medical,20210423
15,新潟県,49750,35419,14331,medical,20210423
16,富山県,27404,18351,9053,medical,20210423
17,石川県,29954,20988,8966,medical,20210423
18,福井県,21361,15162,6199,medical,20210423
19,山梨県,15452,9229,6223,medical,20210423
20,長野県,43353,30323,13030,medical,20210423
21,岐阜県,44492,30334,14158,medical,20210423
22,静岡県,64995,43626,21369,medical,20210423
23,愛知県,137063,99994,37069,medical,20210423
24,三重県,41143,28421,12722,medical,20210423
25,滋賀県,28301,18440,9861,medical,20210423
26,京都府,52706,35096,17610,medical,20210423
27,大阪府,166230,105584,60646,medical,20210423
28,兵庫県,97906,67822,30084,medical,20210423
29,奈良県,26943,17507,9436,medical,20210423
30,和歌山県,27047,18367,8680,medical,20210423
31,鳥取県,18161,11523,6638,medical,20210423
32,島根県,18176,12180,5996,medical,20210423
33,岡山県,44632,30699,13933,medical,20210423
34,広島県,67332,46109,21223,medical,20210423
35,山口県,42646,25814,16832,medical,20210423
36,徳島県,25013,17125,7888,medical,20210423
37,香川県,25506,17431,8075,medical,20210423
38,愛媛県,36135,24625,11510,medical,20210423
39,高知県,26527,16818,9709,medical,20210423
40,福岡県,109424,65686,43738,medical,20210423
41,佐賀県,31726,21354,10372,medical,20210423
42,長崎県,43332,28099,15233,medical,20210423
43,熊本県,56336,35782,20554,medical,20210423
44,大分県,36718,24933,11785,medical,20210423
45,宮崎県,33854,21896,11958,medical,20210423
46,鹿児島県,50896,33865,17031,medical,20210423
47,沖縄県,39635,25171,14464,medical,20210423
1,北海道,146108,95871,50237,medical,20210430
2,青森県,38446,26937,11509,medical,20210430
3,岩手県,40626,30022,10604,medical,20210430
4,宮城県,67146,48260,18886,medical,20210430
5,秋田県,34690,23819,10871,medical,20210430
6,山形県,37972,26320,11652,medical,20210430
7,福島県,55617,38649,16968,medical,20210430
8,茨城県,81667,57446,24221,medical,20210430
9,栃木県,57615,40441,17174,medical,20210430
10,群馬県,60811,43152,17659,medical,20210430
11,埼玉県,170056,122806,47250,medical,20210430
12,千葉県,145235,102528,42707,medical,20210430
13,東京都,354005,251192,102813,medical,20210430
14,神奈川県,175653,135263,40390,medical,20210430
15,新潟県,68353,50097,18256,medical,20210430
16,富山県,38623,28104,10519,medical,20210430
17,石川県,39828,29327,10501,medical,20210430
18,福井県,33003,25871,7132,medical,20210430
19,山梨県,22289,14809,7480,medical,20210430
20,長野県,58608,42792,15816,medical,20210430
21,岐阜県,60141,42162,17979,medical,20210430
22,静岡県,96084,70574,25510,medical,20210430
23,愛知県,201384,155262,46122,medical,20210430
24,三重県,54231,39872,14359,medical,20210430
25,滋賀県,37541,27262,10279,medical,20210430
26,京都府,73992,54241,19751,medical,20210430
27,大阪府,210867,138627,72240,medical,20210430
28,兵庫県,121569,85999,35570,medical,20210430
29,奈良県,41758,31447,10311,medical,20210430
30,和歌山県,37003,26207,10796,medical,20210430
31,鳥取県,24532,17517,7015,medical,20210430
32,島根県,24806,17773,7033,medical,20210430
33,岡山県,62681,46026,16655,medical,20210430
34,広島県,94828,69739,25089,medical,20210430
35,山口県,61256,42490,18766,medical,20210430
36,徳島県,35390,26533,8857,medical,20210430
37,香川県,34222,23436,10786,medical,20210430
38,愛媛県,54275,40769,13506,medical,20210430
39,高知県,34602,22888,11714,medical,20210430
40,福岡県,145918,96417,49501,medical,20210430
41,佐賀県,42354,30237,12117,medical,20210430
42,長崎県,58996,40013,18983,medical,20210430
43,熊本県,78449,53481,24968,medical,20210430
44,大分県,48373,35436,12937,medical,20210430
45,宮崎県,43760,29929,13831,medical,20210430
46,鹿児島県,66586,48427,18159,medical,20210430
47,沖縄県,50971,33452,17519,medical,20210430
1,北海道,164622,110357,54265,medical,20210507
2,青森県,43071,30210,12861,medical,20210507
3,岩手県,49643,37849,11794,medical,20210507
4,宮城県,74061,54120,19941,medical,20210507
5,秋田県,36793,24963,11830,medical,20210507
6,山形県,43627,30693,12934,medical,20210507
7,福島県,64642,46232,18410,medical,20210507
8,茨城県,91573,65786,25787,medical,20210507
9,栃木県,63575,45934,17641,medical,20210507
10,群馬県,66539,47455,19084,medical,20210507
11,埼玉県,196355,144470,51885,medical,20210507
12,千葉県,160846,115257,45589,medical,20210507
13,東京都,404983,290463,114520,medical,20210507
14,神奈川県,215694,167971,47723,medical,20210507
15,新潟県,76670,56252,20418,medical,20210507
16,富山県,42755,30794,11961,medical,20210507
17,石川県,44400,33285,11115,medical,20210507
18,福井県,36859,28972,7887,medical,20210507
19,山梨県,24275,16466,7809,medical,20210507
20,長野県,67184,49713,17471,medical,20210507
21,岐阜県,65328,46302,19026,medical,20210507
22,静岡県,106529,79212,27317,medical,20210507
23,愛知県,232493,178287,54206,medical,20210507
24,三重県,62321,45350,16971,medical,20210507
25,滋賀県,47662,35145,12517,medical,20210507
26,京都府,85754,62704,23050,medical,20210507
27,大阪府,233690,155198,78492,medical,20210507
28,兵庫県,149956,104267,45689,medical,20210507
29,奈良県,47112,35925,11187,medical,20210507
30,和歌山県,40201,28574,11627,medical,20210507
31,鳥取県,25037,17980,7057,medical,20210507
32,島根県,28004,20664,7340,medical,20210507
33,岡山県,68993,51696,17297,medical,20210507
34,広島県,103296,76197,27099,medical,20210507
35,山口県,65528,45438,20090,medical,20210507
36,徳島県,39017,29576,9441,medical,20210507
37,香川県,38654,26037,12617,medical,20210507
38,愛媛県,60266,45291,14975,medical,20210507
39,高知県,37115,24006,13109,medical,20210507
40,福岡県,162636,109771,52865,medical,20210507
41,佐賀県,46287,32839,13448,medical,20210507
42,長崎県,65212,44904,20308,medical,20210507
43,熊本県,87289,60846,26443,medical,20210507
44,大分県,52455,38970,13485,medical,20210507
45,宮崎県,47239,32851,14388,medical,20210507
46,鹿児島県,73668,54420,19248,medical,20210507
47,沖縄県,55269,36373,18896,medical,20210507
1,北海道,209822,140506,69316,medical,20210514
2,青森県,51928,34493,17435,medical,20210514
3,岩手県,62669,42443,20226,medical,20210514
4,宮城県,93823,64322,29501,medical,20210514
5,秋田県,45381,27721,17660,medical,20210514
6,山形県,51586,34560,17026,medical,20210514
7,福島県,79585,56155,23430,medical,20210514
8,茨城県,114919,77803,37116,medical,20210514
9,栃木県,78403,51716,26687,medical,20210514
10,群馬県,81215,54321,26894,medical,20210514
11,埼玉県,255912,173714,82198,medical,20210514
12,千葉県,202614,136902,65712,medical,20210514
13,東京都,498522,338771,159751,medical,20210514
14,神奈川県,279985,206880,73105,medical,20210514
15,新潟県,94999,62075,32924,medical,20210514
16,富山県,52079,33970,18109,medical,20210514
17,石川県,57008,36959,20049,medical,20210514
18,福井県,47698,33311,14387,medical,20210514
19,山梨県,29310,20519,8791,medical,20210514
20,長野県,86514,57947,28567,medical,20210514
21,岐阜県,85321,55088,30233,medical,20210514
22,静岡県,132562,93567,38995,medical,20210514
23,愛知県,297030,205364,91666,medical,20210514
24,三重県,81601,53575,28026,medical,20210514
25,滋賀県,56686,38688,17998,medical,20210514
26,京都府,103673,69143,34530,medical,20210514
27,大阪府,303189,201181,102008,medical,20210514
28,兵庫県,184990,122394,62596,medical,20210514
29,奈良県,61471,43549,17922,medical,20210514
30,和歌山県,49393,31665,17728,medical,20210514
31,鳥取県,30767,19833,10934,medical,20210514
32,島根県,35045,24374,10671,medical,20210514
33,岡山県,90758,64248,26510,medical,20210514
34,広島県,129875,87198,42677,medical,20210514
35,山口県,77621,52128,25493,medical,20210514
36,徳島県,49262,33161,16101,medical,20210514
37,香川県,45931,29299,16632,medical,20210514
38,愛媛県,74698,49689,25009,medical,20210514
39,高知県,45924,28322,17602,medical,20210514
40,福岡県,202228,138038,64190,medical,20210514
41,佐賀県,57046,36610,20436,medical,20210514
42,長崎県,77636,50884,26752,medical,20210514
43,熊本県,103815,71014,32801,medical,20210514
44,大分県,66567,43704,22863,medical,20210514
45,宮崎県,56057,35780,20277,medical,20210514
46,鹿児島県,91335,61409,29926,medical,20210514
47,沖縄県,66704,42495,24209,medical,20210514
1,北海道,266698,174981,91717,medical,20210521
2,青森県,66790,40638,26152,medical,20210521
3,岩手県,77013,46590,30423,medical,20210521
4,宮城県,120307,75248,45059,medical,20210521
5,秋田県,55608,31983,23625,medical,20210521
6,山形県,63341,38741,24600,medical,20210521
7,福島県,98596,62448,36148,medical,20210521
8,茨城県,146926,92277,54649,medical,20210521
9,栃木県,96906,58072,38834,medical,20210521
10,群馬県,102904,63057,39847,medical,20210521
11,埼玉県,321138,197042,124096,medical,20210521
12,千葉県,257328,160839,96489,medical,20210521
13,東京都,631930,386025,245905,medical,20210521
14,神奈川県,361283,229503,131780,medical,20210521
15,新潟県,115754,66971,48783,medical,20210521
16,富山県,64935,38495,26440,medical,20210521
17,石川県,71619,41724,29895,medical,20210521
18,福井県,60354,36322,24032,medical,20210521
19,山梨県,41628,26774,14854,medical,20210521
20,長野県,107948,65573,42375,medical,20210521
21,岐阜県,108707,67526,41181,medical,20210521
22,静岡県,166156,104286,61870,medical,20210521
23,愛知県,370613,226345,144268,medical,20210521
24,三重県,98674,59471,39203,medical,20210521
25,滋賀県,71126,42724,28402,medical,20210521
26,京都府,133450,80917,52533,medical,20210521
27,大阪府,370588,232809,137779,medical,20210521
28,兵庫県,233097,149314,83783,medical,20210521
29,奈良県,76903,48009,28894,medical,20210521
30,和歌山県,60009,35328,24681,medical,20210521
31,鳥取県,33960,19495,14465,medical,20210521
32,島根県,45369,27862,17507,medical,20210521
33,岡山県,114049,72730,41319,medical,20210521
34,広島県,164780,99244,65536,medical,20210521
35,山口県,98275,59625,38650,medical,20210521
36,徳島県,63095,37554,25541,medical,20210521
37,香川県,56359,33520,22839,medical,20210521
38,愛媛県,96821,55591,41230,medical,20210521
39,高知県,52787,30463,22324,medical,20210521
40,福岡県,256482,165794,90688,medical,20210521
41,佐賀県,70249,41439,28810,medical,20210521
42,長崎県,96251,57758,38493,medical,20210521
43,熊本県,124767,78330,46437,medical,20210521
44,大分県,81850,47980,33870,medical,20210521
45,宮崎県,68087,39725,28362,medical,20210521
46,鹿児島県,117499,70529,46970,medical,20210521
47,沖縄県,79378,47740,31638,medical,20210521
1,北海道,313254,206716,106538,medical,20210528
2,青森県,76307,47256,29051,medical,20210528
3,岩手県,88131,50604,37527,medical,20210528
4,宮城県,135983,83554,52429,medical,20210528
5,秋田県,61725,37115,24610,medical,20210528
6,山形県,76158,44796,31362,medical,20210528
7,福島県,116110,69717,46393,medical,20210528
8,茨城県,168252,103831,64421,medical,20210528
9,栃木県,107616,63455,44161,medical,20210528
10,群馬県,119790,73969,45821,medical,20210528
11,埼玉県,364485,217373,147112,medical,20210528
12,千葉県,295847,182851,112996,medical,20210528
13,東京都,737513,439082,298431,medical,20210528
14,神奈川県,428484,258774,169710,medical,20210528
15,新潟県,128275,74293,53982,medical,20210528
16,富山県,73119,43375,29744,medical,20210528
17,石川県,79148,46070,33078,medical,20210528
18,福井県,66285,37429,28856,medical,20210528
19,山梨県,46767,29958,16809,medical,20210528
20,長野県,119998,72223,47775,medical,20210528
21,岐阜県,125702,78639,47063,medical,20210528
22,静岡県,182267,111745,70522,medical,20210528
23,愛知県,416914,245761,171153,medical,20210528
24,三重県,110218,65128,45090,medical,20210528
25,滋賀県,78779,46622,32157,medical,20210528
26,京都府,152986,91588,61398,medical,20210528
27,大阪府,418547,261035,157512,medical,20210528
28,兵庫県,263532,164233,99299,medical,20210528
29,奈良県,92181,54540,37641,medical,20210528
30,和歌山県,68056,39834,28222,medical,20210528
31,鳥取県,35878,20393,15485,medical,20210528
32,島根県,50968,31669,19299,medical,20210528
33,岡山県,131821,84431,47390,medical,20210528
34,広島県,184372,110281,74091,medical,20210528
35,山口県,116127,66468,49659,medical,20210528
36,徳島県,69163,39894,29269,medical,20210528
37,香川県,66027,39215,26812,medical,20210528
38,愛媛県,108831,62309,46522,medical,20210528
39,高知県,59009,33314,25695,medical,20210528
40,福岡県,316496,204875,111621,medical,20210528
41,佐賀県,78401,46010,32391,medical,20210528
42,長崎県,108142,63593,44549,medical,20210528
43,熊本県,138813,85298,53515,medical,20210528
44,大分県,92633,53021,39612,medical,20210528
45,宮崎県,76858,45941,30917,medical,20210528
46,鹿児島県,128823,76134,52689,medical,20210528
47,沖縄県,86091,50762,35329,medical,20210528
1,北海道,364565,230646,133919,medical,20210604
2,青森県,86880,52994,33886,medical,20210604
3,岩手県,94839,52630,42209,medical,20210604
4,宮城県,154836,91100,63736,medical,20210604
5,秋田県,69039,40879,28160,medical,20210604
6,山形県,84845,48395,36450,medical,20210604
7,福島県,135974,77667,58307,medical,20210604
8,茨城県,188070,112541,75529,medical,20210604
9,栃木県,120110,67783,52327,medical,20210604
10,群馬県,133371,80590,52781,medical,20210604
11,埼玉県,407058,234491,172567,medical,20210604
12,千葉県,334840,202019,132821,medical,20210604
13,東京都,814955,469872,345083,medical,20210604
14,神奈川県,492038,288694,203344,medical,20210604
15,新潟県,141160,81818,59342,medical,20210604
16,富山県,79326,45526,33800,medical,20210604
17,石川県,88235,51549,36686,medical,20210604
18,福井県,73990,40693,33297,medical,20210604
19,山梨県,54095,32796,21299,medical,20210604
20,長野県,133744,77494,56250,medical,20210604
21,岐阜県,142824,86332,56492,medical,20210604
22,静岡県,202344,120178,82166,medical,20210604
23,愛知県,458287,263732,194555,medical,20210604
24,三重県,123009,70084,52925,medical,20210604
25,滋賀県,86619,51309,35310,medical,20210604
26,京都府,171473,101351,70122,medical,20210604
27,大阪府,490365,294234,196131,medical,20210604
28,兵庫県,298855,179969,118886,medical,20210604
29,奈良県,102700,57854,44846,medical,20210604
30,和歌山県,74013,42635,31378,medical,20210604
31,鳥取県,46482,26504,19978,medical,20210604
32,島根県,57061,34789,22272,medical,20210604
33,岡山県,155102,92469,62633,medical,20210604
34,広島県,204067,119343,84724,medical,20210604
35,山口県,125064,70745,54319,medical,20210604
36,徳島県,74486,42656,31830,medical,20210604
37,香川県,71546,41435,30111,medical,20210604
38,愛媛県,115868,65718,50150,medical,20210604
39,高知県,63709,35218,28491,medical,20210604
40,福岡県,365196,225874,139322,medical,20210604
41,佐賀県,83645,47762,35883,medical,20210604
42,長崎県,117726,67408,50318,medical,20210604
43,熊本県,151671,88275,63396,medical,20210604
44,大分県,103266,56683,46583,medical,20210604
45,宮崎県,82856,48976,33880,medical,20210604
46,鹿児島県,140273,82563,57710,medical,20210604
47,沖縄県,94203,54078,40125,medical,20210604
1,北海道,420618,250086,170532,medical,20210611
2,青森県,93434,54745,38689,medical,20210611
3,岩手県,102026,55915,46111,medical,20210611
4,宮城県,176812,102204,74608,medical,20210611
5,秋田県,76218,43880,32338,medical,20210611
6,山形県,90972,50547,40425,medical,20210611
7,福島県,151195,84704,66491,medical,20210611
8,茨城県,210015,120823,89192,medical,20210611
9,栃木県,130076,73225,56851,medical,20210611
10,群馬県,147384,86669,60715,medical,20210611
11,埼玉県,442203,248222,193981,medical,20210611
12,千葉県,378605,220375,158230,medical,20210611
13,東京都,888744,502186,386558,medical,20210611
14,神奈川県,541120,312476,228644,medical,20210611
15,新潟県,156332,91384,64948,medical,20210611
16,富山県,84013,47392,36621,medical,20210611
17,石川県,97402,55800,41602,medical,20210611
18,福井県,78922,42535,36387,medical,20210611
19,山梨県,60557,34598,25959,medical,20210611
20,長野県,146858,82515,64343,medical,20210611
21,岐阜県,159625,91059,68566,medical,20210611
22,静岡県,228864,131075,97789,medical,20210611
23,愛知県,493430,278391,215039,medical,20210611
24,三重県,133148,73826,59322,medical,20210611
25,滋賀県,93727,53175,40552,medical,20210611
26,京都府,191219,111112,80107,medical,20210611
27,大阪府,546454,321849,224605,medical,20210611
28,兵庫県,367795,214176,153619,medical,20210611
29,奈良県,112198,61075,51123,medical,20210611
30,和歌山県,79193,44860,34333,medical,20210611
31,鳥取県,49279,28076,21203,medical,20210611
32,島根県,60907,35857,25050,medical,20210611
33,岡山県,173486,101209,72277,medical,20210611
34,広島県,219604,125863,93741,medical,20210611
35,山口県,134703,75115,59588,medical,20210611
36,徳島県,82668,45726,36942,medical,20210611
37,香川県,77645,43903,33742,medical,20210611
38,愛媛県,125139,70247,54892,medical,20210611
39,高知県,66545,36208,30337,medical,20210611
40,福岡県,402571,236175,166396,medical,20210611
41,佐賀県,90799,51276,39523,medical,20210611
42,長崎県,124452,68681,55771,medical,20210611
43,熊本県,162118,91307,70811,medical,20210611
44,大分県,112125,59779,52346,medical,20210611
45,宮崎県,89806,51355,38451,medical,20210611
46,鹿児島県,155977,88985,66992,medical,20210611
47,沖縄県,100914,56183,44731,medical,20210611
1,北海道,479104,271936,207168,medical,20210618
2,青森県,102613,57799,44814,medical,20210618
3,岩手県,109732,60241,49491,medical,20210618
4,宮城県,199272,118341,80931,medical,20210618
5,秋田県,81820,45599,36221,medical,20210618
6,山形県,95581,52480,43101,medical,20210618
7,福島県,159561,88224,71337,medical,20210618
8,茨城県,225272,126602,98670,medical,20210618
9,栃木県,135828,75749,60079,medical,20210618
10,群馬県,158623,90271,68352,medical,20210618
11,埼玉県,475962,264078,211884,medical,20210618
12,千葉県,410093,234137,175956,medical,20210618
13,東京都,947398,529040,418358,medical,20210618
14,神奈川県,583647,331804,251843,medical,20210618
15,新潟県,168648,96436,72212,medical,20210618
16,富山県,90365,49858,40507,medical,20210618
17,石川県,102951,57788,45163,medical,20210618
18,福井県,82598,43859,38739,medical,20210618
19,山梨県,64072,35504,28568,medical,20210618
20,長野県,157488,86426,71062,medical,20210618
21,岐阜県,172209,94128,78081,medical,20210618
22,静岡県,244002,137860,106142,medical,20210618
23,愛知県,529985,295653,234332,medical,20210618
24,三重県,145255,78609,66646,medical,20210618
25,滋賀県,99031,54310,44721,medical,20210618
26,京都府,206239,117051,89188,medical,20210618
27,大阪府,591725,342279,249446,medical,20210618
28,兵庫県,392473,223402,169071,medical,20210618
29,奈良県,117977,63850,54127,medical,20210618
30,和歌山県,84869,46504,38365,medical,20210618
31,鳥取県,51084,29236,21848,medical,20210618
32,島根県,66156,36921,29235,medical,20210618
33,岡山県,188111,105731,82380,medical,20210618
34,広島県,240480,134869,105611,medical,20210618
35,山口県,144054,79042,65012,medical,20210618
36,徳島県,86668,47228,39440,medical,20210618
37,香川県,84707,46638,38069,medical,20210618
38,愛媛県,135362,73823,61539,medical,20210618
39,高知県,70205,37803,32402,medical,20210618
40,福岡県,435000,242630,192370,medical,20210618
41,佐賀県,94896,52670,42226,medical,20210618
42,長崎県,133475,71646,61829,medical,20210618
43,熊本県,179079,95762,83317,medical,20210618
44,大分県,117635,62039,55596,medical,20210618
45,宮崎県,97645,53704,43941,medical,20210618
46,鹿児島県,166643,93344,73299,medical,20210618
47,沖縄県,106645,59252,47393,medical,20210618
1,北海道,518444,288261,230183,medical,20210625
2,青森県,109811,60309,49502,medical,20210625
3,岩手県,116700,63542,53158,medical,20210625
4,宮城県,219448,131598,87850,medical,20210625
5,秋田県,88972,49178,39794,medical,20210625
6,山形県,100127,53942,46185,medical,20210625
7,福島県,168401,93105,75296,medical,20210625
8,茨城県,234994,131033,103961,medical,20210625
9,栃木県,140311,77455,62856,medical,20210625
10,群馬県,169400,94374,75026,medical,20210625
11,埼玉県,504881,278469,226412,medical,20210625
12,千葉県,438976,246606,192370,medical,20210625
13,東京都,994909,548036,446873,medical,20210625
14,神奈川県,632546,346183,286363,medical,20210625
15,新潟県,183180,104531,78649,medical,20210625
16,富山県,96057,51826,44231,medical,20210625
17,石川県,109512,60602,48910,medical,20210625
18,福井県,85166,44945,40221,medical,20210625
19,山梨県,67669,37195,30474,medical,20210625
20,長野県,163270,88915,74355,medical,20210625
21,岐阜県,180966,96278,84688,medical,20210625
22,静岡県,265118,148385,116733,medical,20210625
23,愛知県,554631,306798,247833,medical,20210625
24,三重県,152362,81526,70836,medical,20210625
25,滋賀県,103400,56116,47284,medical,20210625
26,京都府,220728,121810,98918,medical,20210625
27,大阪府,642062,360286,281776,medical,20210625
28,兵庫県,427726,236228,191498,medical,20210625
29,奈良県,122816,66222,56594,medical,20210625
30,和歌山県,88705,48116,40589,medical,20210625
31,鳥取県,55866,30786,25080,medical,20210625
32,島根県,69112,37736,31376,medical,20210625
33,岡山県,203212,113583,89629,medical,20210625
34,広島県,255391,142529,112862,medical,20210625
35,山口県,151052,82396,68656,medical,20210625
36,徳島県,89232,47824,41408,medical,20210625
37,香川県,88652,48383,40269,medical,20210625
38,愛媛県,140763,76706,64057,medical,20210625
39,高知県,74857,39972,34885,medical,20210625
40,福岡県,457320,250988,206332,medical,20210625
41,佐賀県,103260,55429,47831,medical,20210625
42,長崎県,139517,74673,64844,medical,20210625
43,熊本県,211081,110650,100431,medical,20210625
44,大分県,121597,64218,57379,medical,20210625
45,宮崎県,103383,56067,47316,medical,20210625
46,鹿児島県,177362,98225,79137,medical,20210625
47,沖縄県,111470,61868,49602,medical,20210625
1,北海道,548235,300156,248079,medical,20210702
2,青森県,114688,62375,52313,medical,20210702
3,岩手県,122207,65515,56692,medical,20210702
4,宮城県,229136,135464,93672,medical,20210702
5,秋田県,92381,51758,40623,medical,20210702
6,山形県,103399,55104,48295,medical,20210702
7,福島県,179159,96477,82682,medical,20210702
8,茨城県,246115,135551,110564,medical,20210702
9,栃木県,147363,79482,67881,medical,20210702
10,群馬県,176915,97079,79836,medical,20210702
11,埼玉県,523466,286035,237431,medical,20210702
12,千葉県,460088,253947,206141,medical,20210702
13,東京都,1048177,570744,477433,medical,20210702
14,神奈川県,659583,360112,299471,medical,20210702
15,新潟県,194444,109995,84449,medical,20210702
16,富山県,100237,53562,46675,medical,20210702
17,石川県,115750,62367,53383,medical,20210702
18,福井県,88835,47295,41540,medical,20210702
19,山梨県,74816,41395,33421,medical,20210702
20,長野県,171830,92902,78928,medical,20210702
21,岐阜県,187480,98037,89443,medical,20210702
22,静岡県,277807,152513,125294,medical,20210702
23,愛知県,577950,317543,260407,medical,20210702
24,三重県,156789,83102,73687,medical,20210702
25,滋賀県,109335,57988,51347,medical,20210702
26,京都府,236302,130666,105636,medical,20210702
27,大阪府,680919,374362,306557,medical,20210702
28,兵庫県,453757,246288,207469,medical,20210702
29,奈良県,128892,68789,60103,medical,20210702
30,和歌山県,93207,50461,42746,medical,20210702
31,鳥取県,59623,31569,28054,medical,20210702
32,島根県,70906,38480,32426,medical,20210702
33,岡山県,215183,119242,95941,medical,20210702
34,広島県,268672,148042,120630,medical,20210702
35,山口県,157935,85906,72029,medical,20210702
36,徳島県,93924,49592,44332,medical,20210702
37,香川県,93344,50594,42750,medical,20210702
38,愛媛県,146816,78956,67860,medical,20210702
39,高知県,78854,42205,36649,medical,20210702
40,福岡県,469667,255725,213942,medical,20210702
41,佐賀県,108083,57466,50617,medical,20210702
42,長崎県,141797,75654,66143,medical,20210702
43,熊本県,225914,117825,108089,medical,20210702
44,大分県,124882,66202,58680,medical,20210702
45,宮崎県,106715,57559,49156,medical,20210702
46,鹿児島県,185358,101497,83861,medical,20210702
47,沖縄県,117416,64290,53126,medical,20210702
1,北海道,580306,314908,265398,medical,20210712
2,青森県,119037,64273,54764,medical,20210712
3,岩手県,129006,69608,59398,medical,20210712
4,宮城県,247475,141687,105788,medical,20210712
5,秋田県,98621,54610,44011,medical,20210712
6,山形県,108354,57616,50738,medical,20210712
7,福島県,187384,99621,87763,medical,20210712
8,茨城県,257851,140623,117228,medical,20210712
9,栃木県,153260,81839,71421,medical,20210712
10,群馬県,183009,100123,82886,medical,20210712
11,埼玉県,547132,297370,249762,medical,20210712
12,千葉県,480861,262092,218769,medical,20210712
13,東京都,1091420,589802,501618,medical,20210712
14,神奈川県,692046,372043,320003,medical,20210712
15,新潟県,203437,115106,88331,medical,20210712
16,富山県,102967,54203,48764,medical,20210712
17,石川県,120937,64457,56480,medical,20210712
18,福井県,90697,48301,42396,medical,20210712
19,山梨県,77513,42726,34787,medical,20210712
20,長野県,184467,100392,84075,medical,20210712
21,岐阜県,193122,101035,92087,medical,20210712
22,静岡県,291151,158292,132859,medical,20210712
23,愛知県,594218,325107,269111,medical,20210712
24,三重県,162249,85649,76600,medical,20210712
25,滋賀県,113417,60155,53262,medical,20210712
26,京都府,245579,134197,111382,medical,20210712
27,大阪府,718506,389647,328859,medical,20210712
28,兵庫県,478863,256762,222101,medical,20210712
29,奈良県,133320,70554,62766,medical,20210712
30,和歌山県,97126,52297,44829,medical,20210712
31,鳥取県,61491,32385,29106,medical,20210712
32,島根県,72372,39181,33191,medical,20210712
33,岡山県,227831,128064,99767,medical,20210712
34,広島県,276576,148368,128208,medical,20210712
35,山口県,167426,91283,76143,medical,20210712
36,徳島県,95477,50341,45136,medical,20210712
37,香川県,97452,52316,45136,medical,20210712
38,愛媛県,151498,79878,71620,medical,20210712
39,高知県,81315,42903,38412,medical,20210712
40,福岡県,489038,261995,227043,medical,20210712
41,佐賀県,110627,58790,51837,medical,20210712
42,長崎県,147077,77754,69323,medical,20210712
43,熊本県,230169,119579,110590,medical,20210712
44,大分県,129499,69458,60041,medical,20210712
45,宮崎県,110037,58433,51604,medical,20210712
46,鹿児島県,192563,104157,88406,medical,20210712
47,沖縄県,123731,67817,55914,medical,20210712
1,北海道,600054,322374,277680,medical,20210719
2,青森県,125082,66819,58263,medical,20210719
3,岩手県,132559,71386,61173,medical,20210719
4,宮城県,262923,145638,117285,medical,20210719
5,秋田県,104130,56343,47787,medical,20210719
6,山形県,110660,58503,52157,medical,20210719
7,福島県,196067,103523,92544,medical,20210719
8,茨城県,264820,142629,122191,medical,20210719
9,栃木県,157040,83586,73454,medical,20210719
10,群馬県,186165,100666,85499,medical,20210719
11,埼玉県,567194,306550,260644,medical,20210719
12,千葉県,496056,267056,229000,medical,20210719
13,東京都,1122840,600150,522690,medical,20210719
14,神奈川県,717260,384341,332919,medical,20210719
15,新潟県,210817,118113,92704,medical,20210719
16,富山県,105877,55662,50215,medical,20210719
17,石川県,123992,65653,58339,medical,20210719
18,福井県,91749,48481,43268,medical,20210719
19,山梨県,80174,43821,36353,medical,20210719
20,長野県,191229,103044,88185,medical,20210719
21,岐阜県,197084,102967,94117,medical,20210719
22,静岡県,300684,161594,139090,medical,20210719
23,愛知県,646720,360988,285732,medical,20210719
24,三重県,166200,87688,78512,medical,20210719
25,滋賀県,116374,61947,54427,medical,20210719
26,京都府,254597,139232,115365,medical,20210719
27,大阪府,749993,402721,347272,medical,20210719
28,兵庫県,490893,261788,229105,medical,20210719
29,奈良県,136086,71475,64611,medical,20210719
30,和歌山県,99718,53230,46488,medical,20210719
31,鳥取県,63006,33094,29912,medical,20210719
32,島根県,73911,40092,33819,medical,20210719
33,岡山県,236783,131852,104931,medical,20210719
34,広島県,288707,154792,133915,medical,20210719
35,山口県,176647,98012,78635,medical,20210719
36,徳島県,96713,50925,45788,medical,20210719
37,香川県,100981,53526,47455,medical,20210719
38,愛媛県,154941,80669,74272,medical,20210719
39,高知県,83662,43529,40133,medical,20210719
40,福岡県,500356,266090,234266,medical,20210719
41,佐賀県,112765,59666,53099,medical,20210719
42,長崎県,148646,78610,70036,medical,20210719
43,熊本県,232280,120233,112047,medical,20210719
44,大分県,133558,71817,61741,medical,20210719
45,宮崎県,113111,60197,52914,medical,20210719
46,鹿児島県,199881,107582,92299,medical,20210719
47,沖縄県,127452,69682,57770,medical,20210719
1,北海道,612683,326461,286222,medical,20210726
2,青森県,126238,67229,59009,medical,20210726
3,岩手県,134353,71972,62381,medical,20210726
4,宮城県,273536,148498,125038,medical,20210726
5,秋田県,106537,57053,49484,medical,20210726
6,山形県,112462,59058,53404,medical,20210726
7,福島県,199744,104647,95097,medical,20210726
8,茨城県,268170,143672,124498,medical,20210726
9,栃木県,158844,84294,74550,medical,20210726
10,群馬県,191088,103301,87787,medical,20210726
11,埼玉県,580794,312262,268532,medical,20210726
12,千葉県,503873,269512,234361,medical,20210726
13,東京都,1144544,606764,537780,medical,20210726
14,神奈川県,730916,389647,341269,medical,20210726
15,新潟県,215527,120067,95460,medical,20210726
16,富山県,107378,56101,51277,medical,20210726
17,石川県,126660,66720,59940,medical,20210726
18,福井県,93554,48464,45090,medical,20210726
19,山梨県,81417,44169,37248,medical,20210726
20,長野県,193752,103991,89761,medical,20210726
21,岐阜県,199523,103651,95872,medical,20210726
22,静岡県,305005,162098,142907,medical,20210726
23,愛知県,674618,374666,299952,medical,20210726
24,三重県,168146,88551,79595,medical,20210726
25,滋賀県,118351,62577,55774,medical,20210726
26,京都府,258946,139984,118962,medical,20210726
27,大阪府,765772,408707,357065,medical,20210726
28,兵庫県,496353,263496,232857,medical,20210726
29,奈良県,137435,71807,65628,medical,20210726
30,和歌山県,100999,53614,47385,medical,20210726
31,鳥取県,63818,33443,30375,medical,20210726
32,島根県,74825,40380,34445,medical,20210726
33,岡山県,242026,132677,109349,medical,20210726
34,広島県,292916,156214,136702,medical,20210726
35,山口県,179755,99832,79923,medical,20210726
36,徳島県,97480,51217,46263,medical,20210726
37,香川県,103289,54342,48947,medical,20210726
38,愛媛県,157238,81438,75800,medical,20210726
39,高知県,85311,43793,41518,medical,20210726
40,福岡県,515740,278055,237685,medical,20210726
41,佐賀県,114748,60047,54701,medical,20210726
42,長崎県,149415,78936,70479,medical,20210726
43,熊本県,233360,120709,112651,medical,20210726
44,大分県,136325,73151,63174,medical,20210726
45,宮崎県,115689,61273,54416,medical,20210726
46,鹿児島県,202327,108296,94031,medical,20210726
47,沖縄県,129562,70218,59344,medical,20210726
1,北海道,622010,329121,292889,medical,20210802
2,青森県,127635,67672,59963,medical,20210802
3,岩手県,136340,72438,63902,medical,20210802
4,宮城県,279258,151012,128246,medical,20210802
5,秋田県,109968,57783,52185,medical,20210802
6,山形県,114558,59511,55047,medical,20210802
7,福島県,202123,105214,96909,medical,20210802
8,茨城県,272373,145190,127183,medical,20210802
9,栃木県,160736,85170,75566,medical,20210802
10,群馬県,193603,104105,89498,medical,20210802
11,埼玉県,594185,316629,277556,medical,20210802
12,千葉県,510380,270761,239619,medical,20210802
13,東京都,1156429,610484,545945,medical,20210802
14,神奈川県,744461,396406,348055,medical,20210802
15,新潟県,219377,120665,98712,medical,20210802
16,富山県,108367,56053,52314,medical,20210802
17,石川県,127843,66996,60847,medical,20210802
18,福井県,94396,48565,45831,medical,20210802
19,山梨県,80670,42589,38081,medical,20210802
20,長野県,196409,104803,91606,medical,20210802
21,岐阜県,202127,104076,98051,medical,20210802
22,静岡県,311028,163684,147344,medical,20210802
23,愛知県,683602,377735,305867,medical,20210802
24,三重県,170728,89383,81345,medical,20210802
25,滋賀県,121154,63126,58028,medical,20210802
26,京都府,262814,141663,121151,medical,20210802
27,大阪府,788849,419978,368871,medical,20210802
28,兵庫県,503825,265713,238112,medical,20210802
29,奈良県,138127,71939,66188,medical,20210802
30,和歌山県,101989,53764,48225,medical,20210802
31,鳥取県,64807,33734,31073,medical,20210802
32,島根県,75967,40916,35051,medical,20210802
33,岡山県,245459,132914,112545,medical,20210802
34,広島県,317115,166219,150896,medical,20210802
35,山口県,185631,101685,83946,medical,20210802
36,徳島県,98243,51317,46926,medical,20210802
37,香川県,104837,54695,50142,medical,20210802
38,愛媛県,158805,81880,76925,medical,20210802
39,高知県,86080,44293,41787,medical,20210802
40,福岡県,524934,284356,240578,medical,20210802
41,佐賀県,116046,60085,55961,medical,20210802
42,長崎県,151179,80004,71175,medical,20210802
43,熊本県,234197,121032,113165,medical,20210802
44,大分県,139125,73914,65211,medical,20210802
45,宮崎県,117802,61886,55916,medical,20210802
46,鹿児島県,204871,109133,95738,medical,20210802
47,沖縄県,133653,71873,61780,medical,20210802
1,北海道,10158993,4248075,4176019,elderly,20220322
2,青森県,2530493,1066811,1049327,elderly,20220322
3,岩手県,2472765,1032582,1015005,elderly,20220322
4,宮城県,4546593,1892215,1855257,elderly,20220322
5,秋田県,1954889,831459,818869,elderly,20220322
6,山形県,2199279,905440,892257,elderly,20220322
7,福島県,3764920,1555399,1531092,elderly,20220322
8,茨城県,5903802,2423156,2383077,elderly,20220322
9,栃木県,3840401,1597088,1572704,elderly,20220322
10,群馬県,3936219,1589449,1560883,elderly,20220322
11,埼玉県,14395797,6024809,5922171,elderly,20220322
12,千葉県,12347338,5133770,5054224,elderly,20220322
13,東京都,27134113,11139752,10958346,elderly,20220322
14,神奈川県,17921345,7497704,7391764,elderly,20220322
15,新潟県,4459962,1862800,1826578,elderly,20220322
16,富山県,2145235,884076,872427,elderly,20220322
17,石川県,2224996,921511,907442,elderly,20220322
18,福井県,1545064,637520,627387,elderly,20220322
19,山梨県,1644177,671687,661879,elderly,20220322
20,長野県,4162579,1696320,1671071,elderly,20220322
21,岐阜県,4116268,1646564,1625200,elderly,20220322
22,静岡県,7351470,3084524,3040827,elderly,20220322
23,愛知県,14386807,5934600,5812320,elderly,20220322
24,三重県,3520305,1458256,1438799,elderly,20220322
25,滋賀県,2746093,1141664,1127365,elderly,20220322
26,京都府,4801736,2005946,1971014,elderly,20220322
27,大阪府,16335401,6839815,6736351,elderly,20220322
28,兵庫県,10616317,4390413,4325222,elderly,20220322
29,奈良県,2660164,1084323,1070476,elderly,20220322
30,和歌山県,1857727,742956,731115,elderly,20220322
31,鳥取県,1074573,435828,429158,elderly,20220322
32,島根県,1329809,552929,541935,elderly,20220322
33,岡山県,3662272,1491253,1458818,elderly,20220322
34,広島県,5439071,2213752,2179201,elderly,20220322
35,山口県,2770276,1105985,1078227,elderly,20220322
36,徳島県,1462717,591687,581879,elderly,20220322
37,香川県,1842143,767509,756924,elderly,20220322
38,愛媛県,2684915,1095824,1081041,elderly,20220322
39,高知県,1365477,557084,549259,elderly,20220322
40,福岡県,9848718,4077673,3989720,elderly,20220322
41,佐賀県,1616574,648225,638036,elderly,20220322
42,長崎県,2676615,1081167,1064403,elderly,20220322
43,熊本県,3545186,1434894,1416634,elderly,20220322
44,大分県,2220247,911236,893927,elderly,20220322
45,宮崎県,2079209,856263,841253,elderly,20220322
46,鹿児島県,3163580,1296919,1270753,elderly,20220322
47,沖縄県,2468200,1045712,1023750,elderly,20220322
1,北海道,10395774,4256030,4179137,elderly,20220328
2,青森県,2592856,1069581,1050587,elderly,20220328
3,岩手県,2525131,1035946,1015610,elderly,20220328
4,宮城県,4632398,1897334,1856279,elderly,20220328
5,秋田県,2001930,833661,820558,elderly,20220328
6,山形県,2256608,909188,892861,elderly,20220328
7,福島県,3855886,1560342,1532357,elderly,20220328
8,茨城県,6027951,2428918,2385707,elderly,20220328
9,栃木県,3911224,1601227,1573959,elderly,20220328
10,群馬県,4018501,1592761,1562162,elderly,20220328
11,埼玉県,14681109,6039214,5927859,elderly,20220328
12,千葉県,12603014,5145843,5059643,elderly,20220328
13,東京都,27729127,11164682,10968101,elderly,20220328
14,神奈川県,18323515,7511389,7396441,elderly,20220328
15,新潟県,4581725,1865635,1828273,elderly,20220328
16,富山県,2192621,885997,872833,elderly,20220328
17,石川県,2271492,923748,908406,elderly,20220328
18,福井県,1581348,639321,628210,elderly,20220328
19,山梨県,1678203,673024,662554,elderly,20220328
20,長野県,4250427,1698912,1672401,elderly,20220328
21,岐阜県,4193023,1650158,1626396,elderly,20220328
22,静岡県,7514575,3094039,3044179,elderly,20220328
23,愛知県,14648451,5946923,5816716,elderly,20220328
24,三重県,3595903,1461128,1439985,elderly,20220328
25,滋賀県,2806491,1144120,1128124,elderly,20220328
26,京都府,4899557,2009161,1972615,elderly,20220328
27,大阪府,16651010,6848374,6741165,elderly,20220328
28,兵庫県,10827420,4397687,4329173,elderly,20220328
29,奈良県,2717645,1086663,1071246,elderly,20220328
30,和歌山県,1896894,744374,731757,elderly,20220328
31,鳥取県,1097132,437115,429568,elderly,20220328
32,島根県,1361847,554409,542338,elderly,20220328
33,岡山県,3727150,1495239,1460133,elderly,20220328
34,広島県,5541264,2218045,2181122,elderly,20220328
35,山口県,2832195,1108354,1079360,elderly,20220328
36,徳島県,1495463,593246,582288,elderly,20220328
37,香川県,1886897,769021,757878,elderly,20220328
38,愛媛県,2715080,1097230,1081346,elderly,20220328
39,高知県,1391839,558096,549568,elderly,20220328
40,福岡県,10085952,4086323,3993335,elderly,20220328
41,佐賀県,1643767,649895,638917,elderly,20220328
42,長崎県,2734066,1082961,1064998,elderly,20220328
43,熊本県,3632429,1436365,1417683,elderly,20220328
44,大分県,2257036,913456,894466,elderly,20220328
45,宮崎県,2121223,857934,842408,elderly,20220328
46,鹿児島県,3228474,1300335,1271835,elderly,20220328
47,沖縄県,2509254,1047297,1024416,elderly,20220328
1,北海道,10644753,4266925,4185198,elderly,20220404
2,青森県,2648906,1072925,1052186,elderly,20220404
3,岩手県,2574256,1038352,1016686,elderly,20220404
4,宮城県,4714498,1902056,1858518,elderly,20220404
5,秋田県,2055934,837076,821855,elderly,20220404
6,山形県,2306970,913148,894366,elderly,20220404
7,福島県,3951561,1565578,1534992,elderly,20220404
8,茨城県,6138197,2435094,2390173,elderly,20220404
9,栃木県,3979330,1605883,1576085,elderly,20220404
10,群馬県,4099513,1597123,1564189,elderly,20220404
11,埼玉県,14965327,6054065,5935998,elderly,20220404
12,千葉県,12862202,5163173,5067436,elderly,20220404
13,東京都,28216541,11187962,10988518,elderly,20220404
14,神奈川県,18717628,7528355,7406341,elderly,20220404
15,新潟県,4698482,1869328,1831046,elderly,20220404
16,富山県,2239716,888018,874797,elderly,20220404
17,石川県,2317911,926630,909960,elderly,20220404
18,福井県,1618242,641403,629516,elderly,20220404
19,山梨県,1712770,674894,663367,elderly,20220404
20,長野県,4333814,1703743,1674722,elderly,20220404
21,岐阜県,4257166,1653737,1629345,elderly,20220404
22,静岡県,7674226,3103574,3047855,elderly,20220404
23,愛知県,14908413,5960469,5825784,elderly,20220404
24,三重県,3663618,1464377,1442140,elderly,20220404
25,滋賀県,2860743,1147632,1129490,elderly,20220404
26,京都府,4989965,2013479,1974276,elderly,20220404
27,大阪府,16966843,6858965,6749543,elderly,20220404
28,兵庫県,11014380,4404270,4335042,elderly,20220404
29,奈良県,2764105,1088851,1072597,elderly,20220404
30,和歌山県,1932795,745793,733162,elderly,20220404
31,鳥取県,1117304,438421,430137,elderly,20220404
32,島根県,1388700,555675,543309,elderly,20220404
33,岡山県,3787446,1499258,1461748,elderly,20220404
34,広島県,5632068,2222808,2184759,elderly,20220404
35,山口県,2883596,1111759,1080846,elderly,20220404
36,徳島県,1522263,594704,583382,elderly,20220404
37,香川県,1927779,771115,758676,elderly,20220404
38,愛媛県,2778568,1100141,1082995,elderly,20220404
39,高知県,1415374,559819,550064,elderly,20220404
40,福岡県,10271388,4095760,3997075,elderly,20220404
41,佐賀県,1668987,651683,640301,elderly,20220404
42,長崎県,2785357,1085380,1065963,elderly,20220404
43,熊本県,3706006,1440841,1418932,elderly,20220404
44,大分県,2299382,915897,895480,elderly,20220404
45,宮崎県,2164889,860382,843995,elderly,20220404
46,鹿児島県,3287292,1303847,1273515,elderly,20220404
47,沖縄県,2546226,1048969,1025627,elderly,20220404
1,北海道,10828008,4274812,4192214,elderly,20220411
2,青森県,2699991,1076284,1055397,elderly,20220411
3,岩手県,2621698,1041091,1019645,elderly,20220411
4,宮城県,4790757,1906931,1862593,elderly,20220411
5,秋田県,2101227,839253,823512,elderly,20220411
6,山形県,2351302,915046,897156,elderly,20220411
7,福島県,4021052,1569048,1538904,elderly,20220411
8,茨城県,6241357,2440751,2394792,elderly,20220411
9,栃木県,4047343,1609486,1579293,elderly,20220411
10,群馬県,4161537,1599706,1566680,elderly,20220411
11,埼玉県,15211591,6063965,5947352,elderly,20220411
12,千葉県,13083127,5174936,5079854,elderly,20220411
13,東京都,28614971,11205272,11010659,elderly,20220411
14,神奈川県,19048044,7539382,7417638,elderly,20220411
15,新潟県,4796063,1873461,1834963,elderly,20220411
16,富山県,2278038,889558,877156,elderly,20220411
17,石川県,2357725,928321,911734,elderly,20220411
18,福井県,1649287,642897,631555,elderly,20220411
19,山梨県,1737376,675852,664364,elderly,20220411
20,長野県,4396747,1709562,1676408,elderly,20220411
21,岐阜県,4314250,1656081,1633858,elderly,20220411
22,静岡県,7811831,3108820,3055031,elderly,20220411
23,愛知県,15118989,5968232,5836192,elderly,20220411
24,三重県,3718477,1467652,1444202,elderly,20220411
25,滋賀県,2903442,1149624,1130933,elderly,20220411
26,京都府,5068998,2016317,1976127,elderly,20220411
27,大阪府,17205778,6866348,6757539,elderly,20220411
28,兵庫県,11180319,4409546,4341647,elderly,20220411
29,奈良県,2802127,1090098,1074012,elderly,20220411
30,和歌山県,1958459,746588,734279,elderly,20220411
31,鳥取県,1135895,439436,431175,elderly,20220411
32,島根県,1412781,556471,545027,elderly,20220411
33,岡山県,3838560,1502572,1464520,elderly,20220411
34,広島県,5715273,2225962,2189167,elderly,20220411
35,山口県,2926599,1113242,1084200,elderly,20220411
36,徳島県,1546892,596017,585134,elderly,20220411
37,香川県,1963528,773396,759960,elderly,20220411
38,愛媛県,2824793,1103201,1085056,elderly,20220411
39,高知県,1431690,561182,550662,elderly,20220411
40,福岡県,10422311,4104145,4003097,elderly,20220411
41,佐賀県,1686958,652819,641442,elderly,20220411
42,長崎県,2832610,1088073,1067202,elderly,20220411
43,熊本県,3767226,1445373,1420812,elderly,20220411
44,大分県,2338665,917851,897135,elderly,20220411
45,宮崎県,2199294,861995,845763,elderly,20220411
46,鹿児島県,3336229,1306775,1276102,elderly,20220411
47,沖縄県,2579789,1051262,1026817,elderly,20220411
1,北海道,5226603,2525212,164230,elderly,20220418
2,青森県,1259615,618619,50309,elderly,20220418
3,岩手県,1220823,614342,53380,elderly,20220418
4,宮城県,2281989,1095784,74551,elderly,20220418
5,秋田県,971288,483010,44548,elderly,20220418
6,山形県,1069562,578013,38913,elderly,20220418
7,福島県,1862059,970647,57547,elderly,20220418
8,茨城県,2907675,1488269,82455,elderly,20220418
9,栃木県,1955401,917288,58724,elderly,20220418
10,群馬県,1958101,1044229,49078,elderly,20220418
11,埼玉県,7393799,3417430,217156,elderly,20220418
12,千葉県,6322892,3025050,196713,elderly,20220418
13,東京都,13843329,6745008,345968,elderly,20220418
14,神奈川県,9220206,4386383,295359,elderly,20220418
15,新潟県,2213174,1184582,96943,elderly,20220418
16,富山県,1047674,542840,31516,elderly,20220418
17,石川県,1132656,550739,33069,elderly,20220418
18,福井県,774583,397269,22434,elderly,20220418
19,山梨県,820997,424437,27277,elderly,20220418
20,長野県,2071737,1073089,62312,elderly,20220418
21,岐阜県,2016791,1069248,44937,elderly,20220418
22,静岡県,3686260,1764453,116473,elderly,20220418
23,愛知県,7558802,3501940,187375,elderly,20220418
24,三重県,1800557,864784,58161,elderly,20220418
25,滋賀県,1418843,663274,40389,elderly,20220418
26,京都府,2530542,1138071,61517,elderly,20220418
27,大阪府,8839511,3789113,207222,elderly,20220418
28,兵庫県,5523625,2568425,139299,elderly,20220418
29,奈良県,1344739,669112,31095,elderly,20220418
30,和歌山県,944432,499010,21418,elderly,20220418
31,鳥取県,556788,280684,15400,elderly,20220418
32,島根県,672815,330867,19584,elderly,20220418
33,岡山県,1893791,910644,39176,elderly,20220418
34,広島県,2812433,1372480,72336,elderly,20220418
35,山口県,1356110,759758,30601,elderly,20220418
36,徳島県,734949,387030,21289,elderly,20220418
37,香川県,973896,457627,27455,elderly,20220418
38,愛媛県,1356219,676383,39847,elderly,20220418
39,高知県,701167,338325,18479,elderly,20220418
40,福岡県,5124170,2444091,129022,elderly,20220418
41,佐賀県,818222,407436,14739,elderly,20220418
42,長崎県,1335938,715292,37957,elderly,20220418
43,熊本県,1758645,949566,48525,elderly,20220418
44,大分県,1141741,555771,32092,elderly,20220418
45,宮崎県,1087241,520565,29029,elderly,20220418
46,鹿児島県,1617517,801561,48209,elderly,20220418
47,沖縄県,1485118,535053,33343,elderly,20220418
1,北海道,5226603,2701502,176290,elderly,20220425
2,青森県,1259615,668187,49568,elderly,20220425
3,岩手県,1220823,650578,36236,elderly,20220425
4,宮城県,2281989,1163083,67299,elderly,20220425
5,秋田県,971288,526262,43252,elderly,20220425
6,山形県,1069562,612056,34043,elderly,20220425
7,福島県,1862059,1027538,56891,elderly,20220425
8,茨城県,2907675,1569105,80836,elderly,20220425
9,栃木県,1955401,980782,63494,elderly,20220425
10,群馬県,1958101,1093888,49659,elderly,20220425
11,埼玉県,7393799,3620185,202755,elderly,20220425
12,千葉県,6322892,3201969,176919,elderly,20220425
13,東京都,13843329,7086687,341679,elderly,20220425
14,神奈川県,9220206,4646555,260172,elderly,20220425
15,新潟県,2213174,1264445,79863,elderly,20220425
16,富山県,1047674,570798,27958,elderly,20220425
17,石川県,1132656,583444,32705,elderly,20220425
18,福井県,774583,416938,19669,elderly,20220425
19,山梨県,820997,445783,21346,elderly,20220425
20,長野県,2071737,1123656,50567,elderly,20220425
21,岐阜県,2016791,1111830,42582,elderly,20220425
22,静岡県,3686260,1870242,105789,elderly,20220425
23,愛知県,7558802,3677226,175286,elderly,20220425
24,三重県,1800557,905154,40370,elderly,20220425
25,滋賀県,1418843,700921,37647,elderly,20220425
26,京都府,2530542,1202977,64906,elderly,20220425
27,大阪府,8839511,3977516,188403,elderly,20220425
28,兵庫県,5523625,2700853,132428,elderly,20220425
29,奈良県,1344739,707442,38330,elderly,20220425
30,和歌山県,944432,519883,20873,elderly,20220425
31,鳥取県,556788,294099,13415,elderly,20220425
32,島根県,672815,350373,19506,elderly,20220425
33,岡山県,1893791,949133,38489,elderly,20220425
34,広島県,2812433,1441737,69257,elderly,20220425
35,山口県,1356110,793167,33409,elderly,20220425
36,徳島県,734949,401969,14939,elderly,20220425
37,香川県,973896,484552,26925,elderly,20220425
38,愛媛県,1356219,707783,31400,elderly,20220425
39,高知県,701167,357941,19616,elderly,20220425
40,福岡県,5124170,2549426,105335,elderly,20220425
41,佐賀県,818222,422558,15122,elderly,20220425
42,長崎県,1335938,746282,30990,elderly,20220425
43,熊本県,1758645,993474,43908,elderly,20220425
44,大分県,1141741,582978,27207,elderly,20220425
45,宮崎県,1087241,548266,27701,elderly,20220425
46,鹿児島県,1617517,841869,40308,elderly,20220425
47,沖縄県,1485118,563699,28646,elderly,20220425
1,北海道,5226603,2836475,134973,elderly,20220502
2,青森県,1259615,703746,35559,elderly,20220502
3,岩手県,1220823,682231,31653,elderly,20220502
4,宮城県,2281989,1219844,56761,elderly,20220502
5,秋田県,971288,567449,41187,elderly,20220502
6,山形県,1069562,637576,25520,elderly,20220502
7,福島県,1862059,1077084,49546,elderly,20220502
8,茨城県,2907675,1636083,66978,elderly,20220502
9,栃木県,1955401,1035581,54799,elderly,20220502
10,群馬県,1958101,1137251,43363,elderly,20220502
11,埼玉県,7393799,3803419,183234,elderly,20220502
12,千葉県,6322892,3361043,159074,elderly,20220502
13,東京都,13843329,7363102,276415,elderly,20220502
14,神奈川県,9220206,4865226,218671,elderly,20220502
15,新潟県,2213174,1332307,67862,elderly,20220502
16,富山県,1047674,595747,24949,elderly,20220502
17,石川県,1132656,607699,24255,elderly,20220502
18,福井県,774583,437880,20942,elderly,20220502
19,山梨県,820997,465742,19959,elderly,20220502
20,長野県,2071737,1180811,57155,elderly,20220502
21,岐阜県,2016791,1150199,38369,elderly,20220502
22,静岡県,3686260,1962163,91921,elderly,20220502
23,愛知県,7558802,3825801,148575,elderly,20220502
24,三重県,1800557,948623,43469,elderly,20220502
25,滋賀県,1418843,732324,31403,elderly,20220502
26,京都府,2530542,1258779,55802,elderly,20220502
27,大阪府,8839511,4132886,155370,elderly,20220502
28,兵庫県,5523625,2808818,107965,elderly,20220502
29,奈良県,1344739,732735,25293,elderly,20220502
30,和歌山県,944432,533203,13320,elderly,20220502
31,鳥取県,556788,303987,9888,elderly,20220502
32,島根県,672815,367494,17121,elderly,20220502
33,岡山県,1893791,984259,35126,elderly,20220502
34,広島県,2812433,1498962,57225,elderly,20220502
35,山口県,1356110,813681,20514,elderly,20220502
36,徳島県,734949,414301,12332,elderly,20220502
37,香川県,973896,504953,20401,elderly,20220502
38,愛媛県,1356219,747109,39326,elderly,20220502
39,高知県,701167,373507,15566,elderly,20220502
40,福岡県,5124170,2651540,102114,elderly,20220502
41,佐賀県,818222,433573,11015,elderly,20220502
42,長崎県,1335938,774256,27974,elderly,20220502
43,熊本県,1758645,1026581,33107,elderly,20220502
44,大分県,1141741,607549,24571,elderly,20220502
45,宮崎県,1087241,574170,25904,elderly,20220502
46,鹿児島県,1617517,878349,36480,elderly,20220502
47,沖縄県,1485118,586070,22371,elderly,20220502
1,北海道,5226603,2890448,53973,elderly,20220509
2,青森県,1259615,720140,16394,elderly,20220509
3,岩手県,1220823,696580,14349,elderly,20220509
4,宮城県,2281989,1248587,28743,elderly,20220509
5,秋田県,971288,588283,20834,elderly,20220509
6,山形県,1069562,648448,10872,elderly,20220509
7,福島県,1862059,1100002,22918,elderly,20220509
8,茨城県,2907675,1669752,33669,elderly,20220509
9,栃木県,1955401,1060398,24817,elderly,20220509
10,群馬県,1958101,1152919,15668,elderly,20220509
11,埼玉県,7393799,3914785,111366,elderly,20220509
12,千葉県,6322892,3437737,76694,elderly,20220509
13,東京都,13843329,7508574,145472,elderly,20220509
14,神奈川県,9220206,4982261,117035,elderly,20220509
15,新潟県,2213174,1361839,29532,elderly,20220509
16,富山県,1047674,613586,17839,elderly,20220509
17,石川県,1132656,621242,13543,elderly,20220509
18,福井県,774583,445275,7395,elderly,20220509
19,山梨県,820997,471417,5675,elderly,20220509
20,長野県,2071737,1207303,26492,elderly,20220509
21,岐阜県,2016791,1170053,19854,elderly,20220509
22,静岡県,3686260,2019626,57463,elderly,20220509
23,愛知県,7558802,3908727,82926,elderly,20220509
24,三重県,1800557,968264,19641,elderly,20220509
25,滋賀県,1418843,750949,18625,elderly,20220509
26,京都府,2530542,1284930,26151,elderly,20220509
27,大阪府,8839511,4221429,88543,elderly,20220509
28,兵庫県,5523625,2864552,55734,elderly,20220509
29,奈良県,1344739,746067,13332,elderly,20220509
30,和歌山県,944432,542035,8832,elderly,20220509
31,鳥取県,556788,308041,4054,elderly,20220509
32,島根県,672815,375858,8364,elderly,20220509
33,岡山県,1893791,1002829,18570,elderly,20220509
34,広島県,2812433,1522871,23909,elderly,20220509
35,山口県,1356110,823977,10296,elderly,20220509
36,徳島県,734949,421795,7494,elderly,20220509
37,香川県,973896,519347,14394,elderly,20220509
38,愛媛県,1356219,758594,11485,elderly,20220509
39,高知県,701167,381864,8357,elderly,20220509
40,福岡県,5124170,2706843,55303,elderly,20220509
41,佐賀県,818222,441036,7463,elderly,20220509
42,長崎県,1335938,784232,9976,elderly,20220509
43,熊本県,1758645,1041535,14954,elderly,20220509
44,大分県,1141741,621751,14202,elderly,20220509
45,宮崎県,1087241,586478,12308,elderly,20220509
46,鹿児島県,1617517,897738,19389,elderly,20220509
47,沖縄県,1485118,596952,10882,elderly,20220509
1,北海道,5226603,3003799,113351,elderly,20220516
2,青森県,1259615,748855,28715,elderly,20220516
3,岩手県,1220823,733102,36522,elderly,20220516
4,宮城県,2281989,1304159,55572,elderly,20220516
5,秋田県,971288,614225,25942,elderly,20220516
6,山形県,1069562,668846,20398,elderly,20220516
7,福島県,1862059,1136880,36878,elderly,20220516
8,茨城県,2907675,1725344,55592,elderly,20220516
9,栃木県,1955401,1110076,49678,elderly,20220516
10,群馬県,1958101,1177039,24120,elderly,20220516
11,埼玉県,7393799,4068109,153324,elderly,20220516
12,千葉県,6322892,3570790,133053,elderly,20220516
13,東京都,13843329,7682377,173803,elderly,20220516
14,神奈川県,9220206,5125983,143722,elderly,20220516
15,新潟県,2213174,1409842,48003,elderly,20220516
16,富山県,1047674,631356,17770,elderly,20220516
17,石川県,1132656,641329,20087,elderly,20220516
18,福井県,774583,457259,11984,elderly,20220516
19,山梨県,820997,484408,12991,elderly,20220516
20,長野県,2071737,1244824,37521,elderly,20220516
21,岐阜県,2016791,1199582,29529,elderly,20220516
22,静岡県,3686260,2097801,78175,elderly,20220516
23,愛知県,7558802,4020526,111799,elderly,20220516
24,三重県,1800557,999426,31162,elderly,20220516
25,滋賀県,1418843,778857,27908,elderly,20220516
26,京都府,2530542,1324837,39907,elderly,20220516
27,大阪府,8839511,4351845,130416,elderly,20220516
28,兵庫県,5523625,2949203,84651,elderly,20220516
29,奈良県,1344739,766287,20220,elderly,20220516
30,和歌山県,944432,551719,9684,elderly,20220516
31,鳥取県,556788,317022,8981,elderly,20220516
32,島根県,672815,388475,12617,elderly,20220516
33,岡山県,1893791,1033743,30914,elderly,20220516
34,広島県,2812433,1558947,36076,elderly,20220516
35,山口県,1356110,838457,14480,elderly,20220516
36,徳島県,734949,431233,9438,elderly,20220516
37,香川県,973896,542595,23248,elderly,20220516
38,愛媛県,1356219,780939,22345,elderly,20220516
39,高知県,701167,394203,12339,elderly,20220516
40,福岡県,5124170,2767655,60812,elderly,20220516
41,佐賀県,818222,451392,10356,elderly,20220516
42,長崎県,1335938,804260,20028,elderly,20220516
43,熊本県,1758645,1066381,24846,elderly,20220516
44,大分県,1141741,641759,20008,elderly,20220516
45,宮崎県,1087241,605103,18625,elderly,20220516
46,鹿児島県,1617517,926120,28382,elderly,20220516
47,沖縄県,1485118,614570,17618,elderly,20220516
1,北海道,5226603,3091497,87698,elderly,20220523
2,青森県,1259615,776158,27303,elderly,20220523
3,岩手県,1220823,764070,30968,elderly,20220523
4,宮城県,2281989,1349283,45124,elderly,20220523
5,秋田県,971288,639715,25490,elderly,20220523
6,山形県,1069562,693712,24866,elderly,20220523
7,福島県,1862059,1173440,36560,elderly,20220523
8,茨城県,2907675,1774049,48705,elderly,20220523
9,栃木県,1955401,1152667,42591,elderly,20220523
10,群馬県,1958101,1196815,19776,elderly,20220523
11,埼玉県,7393799,4194176,126067,elderly,20220523
12,千葉県,6322892,3675656,104866,elderly,20220523
13,東京都,13843329,7824411,142034,elderly,20220523
14,神奈川県,9220206,5256101,130118,elderly,20220523
15,新潟県,2213174,1446895,37053,elderly,20220523
16,富山県,1047674,647498,16142,elderly,20220523
17,石川県,1132656,658283,16954,elderly,20220523
18,福井県,774583,468314,11055,elderly,20220523
19,山梨県,820997,494967,10559,elderly,20220523
20,長野県,2071737,1278470,33646,elderly,20220523
21,岐阜県,2016791,1227515,27933,elderly,20220523
22,静岡県,3686260,2166018,68217,elderly,20220523
23,愛知県,7558802,4133372,112846,elderly,20220523
24,三重県,1800557,1029603,30177,elderly,20220523
25,滋賀県,1418843,799764,20907,elderly,20220523
26,京都府,2530542,1361360,36523,elderly,20220523
27,大阪府,8839511,4462496,110651,elderly,20220523
28,兵庫県,5523625,3016584,67381,elderly,20220523
29,奈良県,1344739,780673,14386,elderly,20220523
30,和歌山県,944432,560302,8583,elderly,20220523
31,鳥取県,556788,323976,6954,elderly,20220523
32,島根県,672815,400895,12420,elderly,20220523
33,岡山県,1893791,1058196,24453,elderly,20220523
34,広島県,2812433,1592407,33460,elderly,20220523
35,山口県,1356110,851041,12584,elderly,20220523
36,徳島県,734949,440974,9741,elderly,20220523
37,香川県,973896,559183,16588,elderly,20220523
38,愛媛県,1356219,804373,23434,elderly,20220523
39,高知県,701167,403996,9793,elderly,20220523
40,福岡県,5124170,2824374,56719,elderly,20220523
41,佐賀県,818222,461936,10544,elderly,20220523
42,長崎県,1335938,817534,13274,elderly,20220523
43,熊本県,1758645,1088133,21752,elderly,20220523
44,大分県,1141741,659771,18012,elderly,20220523
45,宮崎県,1087241,619237,14134,elderly,20220523
46,鹿児島県,1617517,949730,23610,elderly,20220523
47,沖縄県,1485118,630191,15621,elderly,20220523
1,北海道,11712143,4309611,4238043,elderly,20220523
2,青森県,2962092,1089771,1071346,elderly,20220523
3,岩手県,2877152,1055162,1036875,elderly,20220523
4,宮城県,5195959,1927447,1887956,elderly,20220523
5,秋田県,2351815,852072,837820,elderly,20220523
6,山形県,2563397,931327,918539,elderly,20220523
7,福島県,4360646,1590497,1565277,elderly,20220523
8,茨城県,6711558,2466452,2428218,elderly,20220523
9,栃木県,4414696,1626384,1602646,elderly,20220523
10,群馬県,4408251,1610199,1583152,elderly,20220523
11,埼玉県,16430450,6115171,6019430,elderly,20220523
12,千葉県,14129040,5218713,5146180,elderly,20220523
13,東京都,30361077,11275065,11122174,elderly,20220523
14,神奈川県,20446798,7590909,7493169,elderly,20220523
15,新潟県,5237099,1894473,1858804,elderly,20220523
16,富山県,2443669,895477,886514,elderly,20220523
17,石川県,2532400,935832,922482,elderly,20220523
18,福井県,1764255,647078,639706,elderly,20220523
19,山梨県,1854442,680630,671773,elderly,20220523
20,長野県,4731450,1726791,1698146,elderly,20220523
21,岐阜県,4569300,1667010,1651274,elderly,20220523
22,静岡県,8444269,3131564,3092074,elderly,20220523
23,愛知県,16114870,6002694,5891805,elderly,20220523
24,三重県,3992830,1477482,1460126,elderly,20220523
25,滋賀県,3115836,1156143,1142723,elderly,20220523
26,京都府,5413604,2026655,1992278,elderly,20220523
27,大阪府,18248340,6894036,6800872,elderly,20220523
28,兵庫県,11886338,4427907,4373359,elderly,20220523
29,奈良県,2969080,1092944,1081268,elderly,20220523
30,和歌山県,2056893,749268,739705,elderly,20220523
31,鳥取県,1209210,443095,436928,elderly,20220523
32,島根県,1525692,562716,552113,elderly,20220523
33,岡山県,4075528,1512369,1481247,elderly,20220523
34,広島県,6071280,2240567,2210723,elderly,20220523
35,山口県,3075578,1119694,1095564,elderly,20220523
36,徳島県,1637655,598843,591086,elderly,20220523
37,香川県,2120125,778597,769399,elderly,20220523
38,愛媛県,3032966,1112170,1099582,elderly,20220523
39,高知県,1534492,564812,556718,elderly,20220523
40,福岡県,11046482,4129651,4043351,elderly,20220523
41,佐賀県,1773331,656861,647818,elderly,20220523
42,長崎県,3009385,1097625,1079097,elderly,20220523
43,熊本県,3997807,1457477,1438526,elderly,20220523
44,大分県,2506294,924177,908157,elderly,20220523
45,宮崎県,2356550,869119,855909,elderly,20220523
46,鹿児島県,3579813,1318201,1292575,elderly,20220523
47,沖縄県,2735430,1056719,1034477,elderly,20220523
1,北海道,11760635,4311925,4241049,elderly,20220603
2,青森県,2977884,1090818,1072849,elderly,20220603
3,岩手県,2897176,1056343,1038018,elderly,20220603
4,宮城県,5229763,1929570,1890312,elderly,20220603
5,秋田県,2362629,853303,838984,elderly,20220603
6,山形県,2576170,931709,920011,elderly,20220603
7,福島県,4378078,1591349,1566982,elderly,20220603
8,茨城県,6730554,2467824,2429804,elderly,20220603
9,栃木県,4429911,1627181,1604034,elderly,20220603
10,群馬県,4415917,1610568,1583880,elderly,20220603
11,埼玉県,16481964,6117147,6023028,elderly,20220603
12,千葉県,14173103,5220485,5149206,elderly,20220603
13,東京都,30420641,11278109,11126570,elderly,20220603
14,神奈川県,20496531,7593062,7496579,elderly,20220603
15,新潟県,5253748,1895860,1860383,elderly,20220603
16,富山県,2450912,895711,886984,elderly,20220603
17,石川県,2540662,936090,923443,elderly,20220603
18,福井県,1768809,647229,639971,elderly,20220603
19,山梨県,1860925,681050,672273,elderly,20220603
20,長野県,4749814,1727503,1699466,elderly,20220603
21,岐阜県,4578378,1667307,1651933,elderly,20220603
22,静岡県,8470719,3132173,3094148,elderly,20220603
23,愛知県,16153718,6003867,5894048,elderly,20220603
24,三重県,4011077,1478249,1460960,elderly,20220603
25,滋賀県,3127009,1156386,1143314,elderly,20220603
26,京都府,5431481,2026909,1993260,elderly,20220603
27,大阪府,18309090,6895844,6803182,elderly,20220603
28,兵庫県,11915637,4428692,4375052,elderly,20220603
29,奈良県,2978765,1093226,1081645,elderly,20220603
30,和歌山県,2060324,749357,739907,elderly,20220603
31,鳥取県,1211632,443147,437143,elderly,20220603
32,島根県,1531549,562880,552810,elderly,20220603
33,岡山県,4088565,1512959,1482151,elderly,20220603
34,広島県,6080935,2241012,2211759,elderly,20220603
35,山口県,3079345,1119945,1095980,elderly,20220603
36,徳島県,1643373,599014,591292,elderly,20220603
37,香川県,2127512,778934,769774,elderly,20220603
38,愛媛県,3045397,1112583,1100315,elderly,20220603
39,高知県,1541141,565100,557304,elderly,20220603
40,福岡県,11076617,4131213,4045356,elderly,20220603
41,佐賀県,1777307,656974,648292,elderly,20220603
42,長崎県,3017350,1098189,1079578,elderly,20220603
43,熊本県,4006563,1457918,1439248,elderly,20220603
44,大分県,2515509,924469,908523,elderly,20220603
45,宮崎県,2363192,869388,856376,elderly,20220603
46,鹿児島県,3593100,1318887,1293755,elderly,20220603
47,沖縄県,2743920,1057725,1035505,elderly,20220603
1,北海道,11773177,4312629,4242252,elderly,20220606
2,青森県,2982880,1091025,1073189,elderly,20220606
3,岩手県,2901947,1056786,1038361,elderly,20220606
4,宮城県,5234611,1929778,1890873,elderly,20220606
5,秋田県,2367088,853595,840033,elderly,20220606
6,山形県,2580294,932009,920382,elderly,20220606
7,福島県,4385925,1591939,1567824,elderly,20220606
8,茨城県,6745772,2469334,2431253,elderly,20220606
9,栃木県,4443671,1627989,1605142,elderly,20220606
10,群馬県,4422416,1610914,1584545,elderly,20220606
11,埼玉県,16514361,6118813,6025724,elderly,20220606
12,千葉県,14206021,5222171,5152071,elderly,20220606
13,東京都,30467401,11281218,11130678,elderly,20220606
14,神奈川県,20537110,7595230,7499709,elderly,20220606
15,新潟県,5268057,1896792,1861577,elderly,20220606
16,富山県,2454836,895893,887310,elderly,20220606
17,石川県,2546200,936503,923792,elderly,20220606
18,福井県,1770809,647349,640162,elderly,20220606
19,山梨県,1862297,681136,672403,elderly,20220606
20,長野県,4759371,1728114,1700481,elderly,20220606
21,岐阜県,4586917,1667818,1652575,elderly,20220606
22,静岡県,8488873,3132824,3095926,elderly,20220606
23,愛知県,16183123,6005397,5896310,elderly,20220606
24,三重県,4015416,1478423,1461181,elderly,20220606
25,滋賀県,3130885,1156555,1143675,elderly,20220606
26,京都府,5439441,2027178,1993845,elderly,20220606
27,大阪府,18346132,6896342,6804302,elderly,20220606
28,兵庫県,11935941,4429670,4376034,elderly,20220606
29,奈良県,2981202,1093317,1081759,elderly,20220606
30,和歌山県,2062207,749435,740097,elderly,20220606
31,鳥取県,1213877,443259,437601,elderly,20220606
32,島根県,1535748,563156,553228,elderly,20220606
33,岡山県,4095896,1513300,1482822,elderly,20220606
34,広島県,6090505,2241645,2212785,elderly,20220606
35,山口県,3082894,1120208,1096483,elderly,20220606
36,徳島県,1645606,599061,591345,elderly,20220606
37,香川県,2129094,778930,769756,elderly,20220606
38,愛媛県,3048071,1112663,1100512,elderly,20220606
39,高知県,1542209,565173,557416,elderly,20220606
40,福岡県,11086967,4131695,4046189,elderly,20220606
41,佐賀県,1779906,657135,648535,elderly,20220606
42,長崎県,3022255,1098717,1080528,elderly,20220606
43,熊本県,4009049,1458219,1439816,elderly,20220606
44,大分県,2519755,924662,908689,elderly,20220606
45,宮崎県,2367165,869641,856869,elderly,20220606
46,鹿児島県,3597177,1319105,1294170,elderly,20220606
47,沖縄県,2748147,1057911,1035899,elderly,20220606
1,北海道,11820324,4315082,4245896,elderly,20220613
2,青森県,3001805,1091707,1074704,elderly,20220613
3,岩手県,2916872,1057778,1039410,elderly,20220613
4,宮城県,5260184,1931668,1893737,elderly,20220613
5,秋田県,2377364,854501,841340,elderly,20220613
6,山形県,2590279,932492,921680,elderly,20220613
7,福島県,4405217,1593475,1570111,elderly,20220613
8,茨城県,6772041,2471206,2433887,elderly,20220613
9,栃木県,4468592,1629381,1606937,elderly,20220613
10,群馬県,4436357,1611686,1585950,elderly,20220613
11,埼玉県,16592433,6122499,6031056,elderly,20220613
12,千葉県,14264471,5224984,5156315,elderly,20220613
13,東京都,30554343,11286461,11137597,elderly,20220613
14,神奈川県,20613502,7599284,7505226,elderly,20220613
15,新潟県,5286849,1898887,1863678,elderly,20220613
16,富山県,2461769,896350,887680,elderly,20220613
17,石川県,2557667,937140,924756,elderly,20220613
18,福井県,1776065,647573,640647,elderly,20220613
19,山梨県,1866459,681375,672799,elderly,20220613
20,長野県,4780272,1729157,1703418,elderly,20220613
21,岐阜県,4598770,1668393,1653514,elderly,20220613
22,静岡県,8521844,3134794,3098473,elderly,20220613
23,愛知県,16234943,6007914,5899799,elderly,20220613
24,三重県,4031739,1479363,1462432,elderly,20220613
25,滋賀県,3140439,1156961,1144397,elderly,20220613
26,京都府,5461416,2027859,1995341,elderly,20220613
27,大阪府,18423555,6898608,6807198,elderly,20220613
28,兵庫県,11976249,4430828,4378082,elderly,20220613
29,奈良県,2989516,1093576,1082185,elderly,20220613
30,和歌山県,2066620,749648,740417,elderly,20220613
31,鳥取県,1216856,443487,437988,elderly,20220613
32,島根県,1543277,563755,553925,elderly,20220613
33,岡山県,4112320,1514119,1483917,elderly,20220613
34,広島県,6106066,2242481,2214147,elderly,20220613
35,山口県,3089641,1120706,1097055,elderly,20220613
36,徳島県,1651124,599250,591642,elderly,20220613
37,香川県,2136704,779347,770393,elderly,20220613
38,愛媛県,3059039,1112958,1101589,elderly,20220613
39,高知県,1547107,565374,557740,elderly,20220613
40,福岡県,11121971,4133348,4048823,elderly,20220613
41,佐賀県,1785423,657466,649059,elderly,20220613
42,長崎県,3032675,1099573,1082171,elderly,20220613
43,熊本県,4019871,1458877,1441323,elderly,20220613
44,大分県,2529131,925149,909263,elderly,20220613
45,宮崎県,2375294,869998,857498,elderly,20220613
46,鹿児島県,3611170,1319778,1295293,elderly,20220613
47,沖縄県,2756723,1058146,1036199,elderly,20220613
